id,name,category_name,current_discount,current_probability,optimal_discount,optimal_probability,improvement,recommend_change
279437167,"Sách Hẹn Gặp Lại, Quốc Vương Của Tôi - Tập 7",Văn học,23,0.22696738206250036,40,0.30073359022066454,0.07376620815816418,True
279321804,Sách Chờ Ngày Bình Yên,Văn học,25,0.19185556049032834,45,0.2644896533849057,0.07263409289457737,True
278860289,Sách Nguyễn Nhật Ánh - Cô Bé Hàng Xóm Và Bốn Viên Kẹo - Bìa Cứng - Tặng Kèm Random 1 Trong 4 Mẫu Bookmark + Sticker + Sổ Vẽ,Văn học,12,0.21538834905644644,20,0.28561101079794987,0.07022266174150343,True
278856619,Sách Cô Bé Hàng Xóm Và Bốn Viên Kẹo (Nguyễn Nhật Ánh) - 2 phiên bản & quà tặng kèm,Văn học,20,0.41626238471715404,20,0.41626238471715404,0.0,False
278777851,Sách Ma Đạo Tổ Sư - Tái Bản,Văn học,39,0.21704476962098632,20,0.39768904641711833,0.18064427679613201,True
278749523,Ngũ Hành Của Tôi Thiếu Em,Văn học,31,0.18657609906212183,20,0.360496744335489,0.17392064527336717,True
278715265,Sách Hà Thanh Hải Yến - Ngang Qua Ngõ Nhỏ Bình An,Văn học,27,0.2722201403045658,27,0.2722201403045658,0.0,False
278423155,"Sách Hồi Ức, Giấc Mơ, Suy Ngẫm - Hành Trình Vào Nội Tâm Của Carl Jung – Nơi Ký Ức, Giấc Mơ Và Triết Lý Giao Thoa",Văn học,34,0.27625861903469207,34,0.27625861903469207,0.0,False
277962612,Sách Thiên Quan Tứ Phúc,Văn học,32,0.34079521682731234,40,0.4474765138450595,0.10668129701774715,True
277599506,Sách Đôi mắt của Mona,Văn học,24,0.33602192295787026,40,0.40155528553083064,0.06553336257296039,True
277228103,Sách Husky Và Sư Tôn Mèo Trắng Của Hắn,Văn học,30,0.2932381045030059,40,0.40022365478052196,0.10698555027751605,True
276657645,Sách Hệ Thống Tự Cứu Của Nhân Vật Phản Diện (Tái bản),Văn học,29,0.22458628328805158,40,0.2849240664111407,0.06033778312308913,True
276019606,Sách Không Gia Đình (Tái Bản),Văn học,31,0.2817344788829155,40,0.43941464519143053,0.15768016630851506,True
273746688,Sách Địa Cầu Online,Văn học,27,0.3747581241866944,40,0.4915171155907086,0.11675899140401419,True
273691914,Sách Trăm năm cô đơn,Văn học,25,0.3953468706693727,40,0.4683596208039427,0.07301275013457004,True
272447903,Sách Đừng nhặt bạn trai trong thùng rác,Văn học,30,0.21211567895894023,20,0.3804644723107979,0.16834879335185765,True
272447731,Sách Xông vào lối âm dương,Văn học,30,0.21211567895894023,20,0.3804644723107979,0.16834879335185765,True
272367381,Sách Trốn Lên Mái Nhà Để Khóc,Văn học,23,0.42737611684415605,23,0.42737611684415605,0.0,False
272155345,Sách Kính Vạn Hoa Chết Chóc,Văn học,37,0.26054647697882144,20,0.3804644723107979,0.11991799533197645,True
271916321,"	 Sách Mùa hè không tên (Nguyễn Nhật Ánh) - Tặng kèm Bookmark, Tranh màu",Văn học,21,0.5233240244314319,21,0.5233240244314319,0.0,False
249876840,"Sách Beartown - Thị trấn nhỏ, giấc mơ lớn",Văn học,20,0.2989283020236233,20,0.2989283020236233,0.0,False
202879294,Sách Người Đàn Ông Mang Tên Ove (Tái Bản),Văn học,21,0.43342999641237484,21,0.43342999641237484,0.0,False
194960730,Sách Nỗi buồn chiến tranh,Văn học,21,0.5233240244314319,21,0.5233240244314319,0.0,False
192909292,Sách Án Mạng Trên Chuyến Tàu Tốc Hành Phương Đông,Văn học,20,0.4181510695392959,20,0.4181510695392959,0.0,False
192125792,Sách Harry Potter và Hòn đá phù thủy - Tập 1 (Tái Bản 2022) ,Văn học,21,0.4403796844414243,21,0.4403796844414243,0.0,False
186290796,Sách Còn chút gì để nhớ (Tái Bản 2022),Văn học,5,0.41616091335647304,5,0.41616091335647304,0.0,False
186286190,Sách Mắt Biếc (Tái Bản 2022),Văn học,21,0.4887232358257096,21,0.4887232358257096,0.0,False
165030729,Sách Những Kẻ Âu Lo,Văn học,21,0.40438827302815794,21,0.40438827302815794,0.0,False
109017985,"Sách Thiên Tài Bên Trái, Kẻ Điên Bên Phải (Tái Bản)",Văn học,28,0.3829399299395609,40,0.4574054721528457,0.07446554221328483,True
95289208,Sách Người Bà Tài Giỏi Vùng Saga,Văn học,31,0.26727341557656137,20,0.42268518516978604,0.15541176959322467,True
73207240,Sách Xa Ngoài Kia Nơi Loài Tôm Hát - Where The Crawdads Sing,Văn học,21,0.41896498356603046,21,0.41896498356603046,0.0,False
56609155,Sách Trường Ca Achilles (Quà Tặng Kèm: 01 Bookmark + 01 Phụ Lục),Văn học,20,0.36797171312069976,20,0.36797171312069976,0.0,False
52789367,Sách Nhà Giả Kim (Tái Bản),Văn học,28,0.37555494238034826,28,0.37555494238034826,0.0,False
8886007,Sách Ngàn Mặt Trời Rực Rỡ (Tái Bản),Văn học,30,0.46200100836847097,40,0.5241031293272941,0.062102120958823115,True
7369223,Sách Cho Tôi Xin Một Vé Đi Tuổi Thơ,Văn học,22,0.5117362970108329,40,0.5705959745215546,0.05885967751072174,True
4780917,Sách Người Đua Diều (Tái Bản),Văn học,37,0.5929395340206377,37,0.5929395340206377,0.0,False
3304875,Sách Điều Kỳ Diệu Của Tiệm Tạp Hóa NAMIYA (Tái Bản),Văn học,23,0.4004782697959841,23,0.4004782697959841,0.0,False
1080002,Sách Boxset Harry Potter - Tiếng Việt (Trọn Bộ 7 Tập),Văn học,21,0.5193965630965787,20,0.572718795797659,0.053322232701080385,True
997535,Sách Gọi Em Bằng Tên Anh - Call Me By Your Name,Văn học,20,0.5309371613515073,40,0.5910105166701257,0.06007335531861846,True
633125,Sách Lĩnh Nam Chích Quái,Văn học,24,0.4885372409591562,24,0.4885372409591562,0.0,False
279398053,"Sách Khi Tóc Mai Đã Bạc, Người Có Còn Bên Ta",Văn học,31,0.02877433632617897,45,0.08872310927909652,0.05994877295291755,True
279376736,Sách Vị Hôn Thê Giản Dị Của Tôi Rất Dễ Thương Lúc Ở Nhà (Tập 2),Văn học,26,0.0,26,0.0,0.0,False
279334959,Sách Tiếng Lòng Khó Giấu (Tập 2),Văn học,25,0.36352077628269724,40,0.4574054721528457,0.09388469587014847,True
279308786,Sách Người Trong Mộng Của Nam Chính Phải Lòng Tôi (Tập 1),Văn học,20,0.27448083059391865,20,0.27448083059391865,0.0,False
279300720,Sách Agatha Christie. Kẻ thù giấu mặt,Văn học,20,0.3715573953097076,40,0.48322361026402433,0.11166621495431672,True
279106083,Sách Thám tử ẩm thực Kamogawa,Văn học,24,0.373199356703992,20,0.44444946584352524,0.07125010913953322,True
278901566,Sách Đời Gió Bụi,Văn học,26,0.23379269126145863,40,0.2939663285936298,0.06017363733217118,True
278859517,Sách Thương Tiến Tửu,Văn học,31,0.2085015585577197,20,0.3872130926706507,0.17871153411293098,True
278856940,Agatha Christie. Bí Mật Dinh Thự Chimneys,Văn học,20,0.36375576627684597,20,0.36375576627684597,0.0,False
278817070,Sách Đâu Đó Ngoài Khơi Xa - Phần Tiếp Theo Của Ngôi Nhà Bên Bờ Biển Xanh Thẳm,Văn học,23,0.2689898663435643,23,0.2689898663435643,0.0,False
278809843,Sách Án Mạng Trong Tháp Thủy Tinh,Văn học,28,0.27457954615306834,28,0.27457954615306834,0.0,False
278691939,Sách Khi Đàn Sếu Bay Về Phương Nam,Văn học,26,0.38970081398692863,40,0.4574054721528457,0.06770465816591709,True
278516481,Sách Kiêu Hãnh Và Định Kiến,Văn học,32,0.1993510159418889,20,0.31383239298441024,0.11448137704252134,True
278491336,Sách Ngồi Khóc Trên Cây (Khổ Nhỏ),Văn học,22,0.3895657209613863,22,0.3895657209613863,0.0,False
278451455,Sách Hoàng Đế Xứ Gladness - Ocean Vuong,Văn học,34,0.28928522828702846,40,0.4618735872843896,0.17258835899736114,True
278279383,Sách Trong Gia Đình,Văn học,30,0.0003816793893129771,30,0.0003816793893129771,0.0,False
278275295,Sách Chiến Binh Cầu Vồng (Tái Bản),Văn học,30,0.3071652796977257,40,0.3767021440643791,0.06953686436665335,True
278275160,Sách Agatha Christie. Tấm gương nứt vỡ: Một vụ án của Jane Marple,Văn học,20,0.4343517253623629,20,0.4343517253623629,0.0,False
277812999,Sách Hồ Sơ Máu- Vén Màn 13 Vụ Án Rúng Động Mọi Thời Đại,Văn học,31,0.2879170013640749,40,0.3767021440643791,0.08878514270030419,True
276641698,Tiệm sách của nàng (Nguyễn Nhật Ánh),Văn học,21,0.49141360662529626,21,0.49141360662529626,0.0,False
276305454,Sách Trường Tương Tư,Văn học,37,0.2973439829400627,37,0.2973439829400627,0.0,False
274599269,"Sách Nơi Nào Có Mẹ, Nơi Ấy Là Nhà",Văn học,25,0.3899090023973254,25,0.3899090023973254,0.0,False
273664288,Sách BẢY NGƯỜI CHỒNG CỦA EVELYN HUGO - Taylor Jenkins Reid - San Hô Book,Văn học,0,0.40137853685676506,25,0.48675477094920444,0.08537623409243938,True
249875170,Sách Hai số phận (bìa cứng),Văn học,32,0.2862710964214804,32,0.2862710964214804,0.0,False
249875150,Sách Hai số phận (bìa mềm),Văn học,31,0.25934789144790055,31,0.25934789144790055,0.0,False
177487151,Sách Nếu Biết Trăm Năm Là Hữu Hạn,Văn học,26,0.3304101219046894,26,0.3304101219046894,0.0,False
176909221,Sách Ngôi Nhà Bên Bờ Biển Xanh Thẳm,Văn học,23,0.3084286110154934,23,0.3084286110154934,0.0,False
158641027,Sách Kẻ Nhắc Tuồng (Tái Bản),Văn học,23,0.3084286110154934,23,0.3084286110154934,0.0,False
117238177,Sách Thư Viện Nửa Đêm,Văn học,29,0.3688808975347832,29,0.3688808975347832,0.0,False
114937969,Sách Rừng Nauy (Tái Bản),Văn học,36,0.2614888156119258,20,0.358162175943577,0.09667336033165125,True
77105730,Sách Tàn Ngày Để Lại (Bìa Cứng),Văn học,29,0.415333506715384,40,0.48751711559070865,0.07218360887532466,True
74021317,Sách Cây Cam Ngọt Của Tôi,Văn học,30,0.2679092813445244,20,0.44233055097894486,0.17442126963442045,True
48629535,Sách Ngày Xưa Có Một Chuyện Tình (Tái Bản),Văn học,23,0.458748660433932,23,0.458748660433932,0.0,False
19274771,Sách Chuỗi Án Mạng A.B.C (Tái Bản),Văn học,34,0.2955306827476982,20,0.4505127622769245,0.15498207952922627,True
12377498,Sách Bố Con Cá Gai (Tái Bản),Văn học,29,0.4440146953640727,29,0.4440146953640727,0.0,False
10866303,Sách Agatha Christie - Vụ Ám Sát Ông Roger Ackroyd (Tái Bản),Văn học,23,0.38914466998527447,40,0.48322361026402433,0.09407894027874986,True
8885999,Sách Totto - Chan Bên Cửa Sổ (Tái Bản),Văn học,35,0.3382475445365003,20,0.44724858508726206,0.10900104055076176,True
7982628,Sách Suối Nguồn (Tái Bản),Văn học,20,0.4870167633665274,20,0.4870167633665274,0.0,False
3954355,Sách Yêu Những Điều Không Hoàn Hảo,Văn học,28,0.304777114833105,20,0.35813850374195433,0.05336138890884934,True
1647103,Sách Bà Ngoại Tôi Gửi Lời Xin Lỗi,Văn học,21,0.36072316226124795,40,0.4915171155907086,0.13079395332946064,True
279391315,Sách Điềm Dược - Viên Thuốc Ngọt Ngào Mang Tên Em (Tập 1),Văn học,31,0.054281611299707065,0,0.13936336018731837,0.0850817488876113,True
279368485,Sách Đừng Động Vào Cún Con - Tập 3,Văn học,10,0.20913993379964255,20,0.28660770744549435,0.0774677736458518,True
279325501,Sách Chân Cứng Đá Mềm - Hồi ký Xuân Phượng,Văn học,30,0.22603196449092824,20,0.41052924924044326,0.18449728474951502,True
279132071,Sách - Trúc Mã Của Tôi Thật Nham Hiểm,Văn học,23,0.26276463277697837,23,0.26276463277697837,0.0,False
279063977,Sách Người Bố Cá Gai Của Tôi (Bố con cá gai Phần 2),Văn học,30,0.22603196449092824,20,0.41052924924044326,0.18449728474951502,True
278896961,Sách Một Người Rừng Thông Thái,Văn học,32,0.0018522676246070949,32,0.0018522676246070949,0.0,False
278894059,"Sách Mình Chia Tay Rồi, Có Nhớ Không?",Văn học,31,0.258860498230604,20,0.4041962579189465,0.1453357596883425,True
278881187,Sách Nông Trường Kỳ Ảo,Văn học,29,0.3810230543975283,29,0.3810230543975283,0.0,False
278809847,Sách Là Họa Không Thể Tránh (Tập 1 + Tập 2),Văn học,28,0.32019995652023625,40,0.40155528553083064,0.08135532901059439,True
278602020,Sách Kẹo Dâu Tây Và Tiểu Tiên Nữ Của Anh – Tập 2,Văn học,25,0.2607054175240268,20,0.31383239298441024,0.05312697546038342,True
278602011,Sách Thứ Kình - Về Bên Anh,Văn học,33,0.17671251205959593,20,0.3563150525981479,0.17960254053855196,True
278590521,Sách Agatha Christie - Kỳ Án Bảy Mặt Đồng Hồ,Văn học,25,0.516601111586734,40,0.5686699468250124,0.05206883523827832,True
278489406,Sách Tôi Thấy Hoa Vàng Trên Cỏ Xanh (Khổ Nhỏ),Văn học,21,0.4480567657812825,21,0.4480567657812825,0.0,False
278377639,Sách Sứ Mệnh Hail Mary – Project Hail Mary,Văn học,23,0.35353337315183536,40,0.4618735872843896,0.10834021413255424,True
276933741,Sách Trà hoa nữ,Văn học,31,0.45806578531106856,40,0.5738936902768613,0.11582790496579276,True
276928994,Bộ Sách Móng Vuốt Quạ Đen,Văn học,27,0.3395616195909122,20,0.42268518516978604,0.08312356557887385,True
276653136,Sách Hồ Điệp Và Kình Ngư,Văn học,29,0.39804666698713853,29,0.39804666698713853,0.0,False
276613280,Sách Tục Ngữ Phong Dao (Theo bản in của Mặc Lâm năm 1967),Văn học,27,0.32257581752774755,20,0.416518611380045,0.09394279385229742,True
276526058,Sách Jane Eyre,Văn học,28,0.35664437051468867,40,0.4618735872843896,0.10522921676970093,True
276377311,Sách Ông trăm tuổi tái xuất và giải cứu thế giới (Jonas Jonasson),Văn học,17,0.28216597203010524,40,0.4618735872843896,0.17970761525428436,True
274318142,Sách Sơn Hà Bất Dạ Thiên,Văn học,27,0.30261779691141105,20,0.365376439113661,0.06275864220224997,True
271219230,Sách Chiến tranh không có một khuôn mặt phụ nữ (Tái bản),Văn học,30,0.29820046987245474,40,0.4091193665692092,0.11091889669675448,True
271162836,Sách Beartown 2: Chúng tôi đấu với các bạn,Văn học,21,0.3238470703311876,21,0.3238470703311876,0.0,False
270438217,Sách Maurice,Văn học,27,0.5218729640512823,40,0.5896771833367924,0.06780421928551017,True
243006533,Sách Britt-Marie Đã Ở Đây (Fredrid Backman),Văn học,21,0.41896498356603046,21,0.41896498356603046,0.0,False
190707619,Sách Của Chuột Và Người,Văn học,30,0.48671125212783584,40,0.5867984005211941,0.1000871483933583,True
187824773,Tướng Về Hưu Và Những Truyện Khác (Bản Đặc Biệt),Văn học,25,0.23335780874966766,25,0.23335780874966766,0.0,False
160585832,Sách Veil – Sắc Trắng Yêu Kiều - Tập 3 (Tặng Kèm Postcard),Văn học,17,0.36273485920475246,20,0.4168807118653127,0.05414585266056027,True
157240665,"Ra Bờ Suối Ngắm Hoa Kèn Hồng (Truyện Dài-Nguyễn Nhật Ánh) - Bìa Mềm (Màu Hồng) (Tặng Kèm Bookmark Bồi Hai Mặt, Thiệp Trái Tim In Bài Thơ Của Tác Giả)",Văn học,21,0.4421125415643242,21,0.4421125415643242,0.0,False
110883359,Sách Lũ Người Quỷ Ám,Văn học,28,0.10131627453600284,0,0.19570497666689868,0.09438870213089584,True
103379147,Sách Bạch Dạ Hành (Tái Bản),Văn học,28,0.5017244322868587,28,0.5017244322868587,0.0,False
58533769,Combo 2 Cuốn: Tớ Muốn Ăn Tụy Của Cậu - Tập 1 + Tập 2 (Tái Bản),Văn học,5,0.26143867915372615,5,0.26143867915372615,0.0,False
24951095,Sách Mắt Biếc (Tái Bản 2019),Văn học,21,0.5008268245408617,21,0.5008268245408617,0.0,False
22383811,Sách Becoming - Chất Michelle,Văn học,26,0.551345777581124,26,0.551345777581124,0.0,False
17336364,Sách Phía Sau Nghi Can X (Tái Bản),Văn học,29,0.5981197019907375,29,0.5981197019907375,0.0,False
10392851,Sách Tôi Thấy Hoa Vàng Trên Cỏ Xanh,Văn học,21,0.4403796844414243,21,0.4403796844414243,0.0,False
8234989,Sách Ticket To Childhood,Văn học,21,0.5265995913148719,40,0.5789673213819237,0.052367730067051865,True
7496289,Sách Sơn Nam - Lịch Sử Khẩn Hoang Miền Nam (Tái Bản),Văn học,20,0.5309371613515073,40,0.5910105166701257,0.06007335531861846,True
3639597,Sách Bước Chậm Lại Giữa Thế Gian Vội Vã (Tái Bản),Văn học,29,0.580310816011714,29,0.580310816011714,0.0,False
347334,Sách Có Hai Con Mèo Ngồi Bên Cửa Sổ,Văn học,20,0.46797943920896967,20,0.46797943920896967,0.0,False
279267003,Sách Tiếng Lòng Khó Giấu (Tập 1),Văn học,25,0.36352077628269724,40,0.4574054721528457,0.09388469587014847,True
278959496,KHI TÁCH CÀ PHÊ CÒN CHƯA NGUỘI - Toshikazu Kawaguchi – Bảo Chương dịch – NXB Trẻ,Văn học,20,0.3715573953097076,40,0.48322361026402433,0.11166621495431672,True
278857834,Sách Nhà Có Bé Ngoan,Văn học,20,0.22724174295028482,40,0.2939663285936298,0.06672458564334499,True
278756947,Sách Mỗi Tháng Tặng Cậu Một Bài Thơ,Văn học,21,0.022221152285389647,21,0.022221152285389647,0.0,False
278611999,Truyện Cổ Nga - Những Cuộc Phiêu Lưu Và Những Phép Màu,Văn học,22,0.25471585007849945,22,0.25471585007849945,0.0,False
278567955,Sách Rồng Ngầm Trường An,Văn học,36,0.2592904400744198,20,0.3554143498566205,0.0961239097822007,True
278159875,Sách Người Ăn Chay,Văn học,24,0.39208111015693026,40,0.5088114442187692,0.11673033406183897,True
277922893,Sách Cửa Tiệm Chỉ Mở Vào Ngày Mưa,Văn học,23,0.39035843952538124,40,0.4988114442187693,0.10845300469338803,True
277409853,Sách Bí Ẩn Thảm Án Ở Styles (Agatha Christie) (NXB Trẻ),Văn học,20,0.4329519353401618,20,0.4329519353401618,0.0,False
276835583,Sách Hot Search Trời Giáng,Văn học,33,0.1638186202539007,20,0.3656383797873664,0.2018197595334657,True
276833106,Sách Khúc Ca Chuộc Tội,Văn học,26,0.4073350989873411,40,0.46269556802055434,0.05536046903321323,True
276641306,Tiệm Sách Của Nàng - Tặng Kèm Bookmark Photostrip + Sổ Tay Màu Ngẫu Nhiên,Văn học,10,0.295147312041417,20,0.3828587363029699,0.08771142426155293,True
275926326,Sách Gã hề Chicot,Văn học,32,0.2711044297548137,32,0.2711044297548137,0.0,False
275259876,Middlemarch - Trọn bộ 2 tập,Văn học,5,0.07022896529141008,5,0.07022896529141008,0.0,False
275041762,Bộ sách Harry Potter - Tiếng Việt - Khổ nhỏ - Tập 3 - Harry Potter và tên tù nhân ngục Azkaban (set 3 cuốn),Văn học,24,0.25424970021514354,24,0.25424970021514354,0.0,False
274545381,Sách Số Đỏ,Văn học,31,0.27690681840769504,20,0.4249842067614478,0.14807738835375278,True
273621275,Sách Agatha Christie. Bi kịch ba hồi,Văn học,25,0.345374904659621,20,0.4191185117075492,0.0737436070479282,True
273457566,Sách Thép đã tôi thế đấy (Bản dịch đầy đủ nhất) - Bìa mềm,Văn học,30,0.44830441344262034,40,0.4996926184552874,0.051388205012667054,True
273119803,Sách Cha Con Giáo Hoàng (Mario Puzo),Văn học,30,0.27126026821527194,40,0.4275360332358759,0.15627576502060397,True
207398360,Sách Hãng Luật,Văn học,21,0.3166330185887698,21,0.3166330185887698,0.0,False
195801643,Sách Cà Phê Cùng Tony (Tái Bản 2022),Văn học,22,0.3942031279307364,22,0.3942031279307364,0.0,False
187827438,Sách Vọng Lâu Tử Thần,Văn học,24,0.3456589201573865,20,0.41626238471715404,0.07060346455976757,True
184774173,Sách Những Người Nhật Tử Tế,Văn học,31,0.26125371161692057,20,0.4400488179925184,0.1787951063755978,True
174444163,"Sách Dear, Darling",Văn học,25,0.5107796686290887,40,0.5915883164875807,0.08080864785849196,True
171549946,Sách Ngồi Khóc Trên Cây,Văn học,21,0.5233240244314319,21,0.5233240244314319,0.0,False
163902724,Sách Trái Tim Phù Thủy,Văn học,31,0.18353060654294512,20,0.360496744335489,0.1769661377925439,True
120219394,Sách Tôi Nói Gì Khi Nói Về Chạy Bộ,Văn học,29,0.42630826570129443,29,0.42630826570129443,0.0,False
100347901,Sách Tam Thể 1 (Tái Bản),Văn học,27,0.319660243561834,27,0.319660243561834,0.0,False
77105707,Ngọn Đèn Không Tắt - Tập Truyện Ngắn (Nguyễn Ngọc Tư),Văn học,22,0.4861538566165377,22,0.4861538566165377,0.0,False
76228337,Sách Thất Lạc Cõi Người (Bìa Mềm),Văn học,30,0.5174858451643329,40,0.5842222637921007,0.0667364186277678,True
55605172,Sách Tắt Đèn (Tái Bản 2020),Văn học,32,0.3614179224615692,25,0.4511696371445651,0.08975171468299592,True
53545654,Sách Titan – Gia Tộc Rockefeller,Văn học,32,0.2456219738008025,20,0.42062207780976446,0.17500010400896196,True
31509726,Sách Làm Bạn Với Bầu Trời (Bìa Mềm) (Tặng Kèm Khung Ảnh Số Lượng Có Hạn),Văn học,21,0.5008268245408617,21,0.5008268245408617,0.0,False
24403748,Sách Đêm Vô Tận,Văn học,21,0.4968163533718175,21,0.4968163533718175,0.0,False
12053550,Sách Feynman Chuyện Thật Như Đùa (Tái Bản),Văn học,21,0.3488805863292309,40,0.46435962080394266,0.11547903447471175,True
10277496,Sách Những Người Thích Đùa (Tái Bản),Văn học,20,0.4041962579189465,20,0.4041962579189465,0.0,False
6807847,Sách Cảm Ơn Người Lớn (Bìa Mềm) - Bản Tặng Kèm Thiệp + Phong Bì Thiệp + Bookmark (Số Lượng Có Hạn),Văn học,21,0.5283997198323653,40,0.5835501992098082,0.055150479377442885,True
3082815,Tự Truyện Benjamin Franklin (Tái Bản),Văn học,34,0.5385057211542071,34,0.5385057211542071,0.0,False
750578,Sách Khi Hơi Thở Hóa Thinh Không,Văn học,34,0.45396669657852934,40,0.518144336974053,0.0641776403955237,True
464132,Truyện Kiều,Văn học,31,0.399756791876976,31,0.399756791876976,0.0,False
279398062,"Sách Rồi Ta Sẽ Lại Yêu, Vì Trái Tim Ta Còn",Văn học,35,0.014045822102425876,35,0.014045822102425876,0.0,False
279320570,Sách - Chỉ là ánh bình minh (Trọn bộ 2 tập có bìa áo) - Woo Ji-hye (Bản phổ thông) - Bách Việt,Văn học,22,0.0,22,0.0,0.0,False
279236048,Sách - Chuyện xứ Lang Biang - Boxset 12 cuốn - Nguyễn Nhật Ánh khổ nhỏ,Văn học,30,0.03029119695472791,45,0.09547310927909651,0.0651819123243686,True
279166631,Mong Manh Hoa Tuyết - Tanizaki Junichiro,Văn học,30,0.23219057555205963,30,0.23219057555205963,0.0,False
279056228,Truyện Kiều Hội Bản Nguyễn Du - Bản Nôm Của Hoàng Gia Triều Nguyễn,Văn học,27,0.2880970196432805,27,0.2880970196432805,0.0,False
278972894,Truyện Cổ Tích Việt Nam và Truyện cổ Grimm (Combo và Lẻ),Văn học,27,0.00555448561872298,27,0.00555448561872298,0.0,False
278959516,KHI LỜI NÓI DỐI CÒN CHƯA LỘ DIỆN  - Toshikazu Kawaguchi – Khuê Tú dịch – NXB Trẻ,Văn học,33,0.2450578232382278,20,0.4440053793492911,0.19894755611106327,True
278880408,"Sách Jun Phạm - Bộ Sách Nếu Như Không Thể Nói Nếu Như + Có Ai Giữ Giùm Những Lãng Quên + Thức Dậy Anh Vẫn Là Mơ (Bộ 3 Cuốn) (Tái Bản 2025) - Tặng Kèm 3 Bookmark + 3 Postcard - Tiểu thuyết Việt Nam, truyện ngắn",Văn học,12,0.18949508886132008,20,0.24184949806521175,0.05235440920389167,True
278814323,"Nhìn lại những thu xanh - Hồi ký Ngô Huy Cẩn, Trần Lưu Vân Hiền - Sách gây quỹ từ thiện cho Quỹ Trò Nghèo Vùng Cao",Văn học,0,0.22206675032625203,0,0.22206675032625203,0.0,False
278619827,Sách Bí Mật Của Thiên Thần,Văn học,33,0.16198528692056738,20,0.36797171312069976,0.20598642620013238,True
278618120,Sách Những Ngày Thơ Ấu (Quốc Ngữ Thi Thư),Văn học,31,0.014270568278201865,31,0.014270568278201865,0.0,False
278293499,Sách Nghề Viết Tiểu Thuyết,Văn học,28,0.3046129614910961,20,0.3828587363029699,0.07824577481187378,True
278170006,Sách Cội Rễ (Bìa Mềm),Văn học,29,0.2622222734332678,29,0.2622222734332678,0.0,False
277997384,Sách Thích Một Người Chính Là…,Văn học,25,0.0003816793893129771,25,0.0003816793893129771,0.0,False
277361866,Sách The Stand - Đại Dịch Hủy Diệt,Văn học,27,0.2462978023175302,20,0.32205808957181953,0.07576028725428932,True
275987657,Sách Chiếc hộp Pandora (TB 2024),Văn học,30,0.2474569317495944,20,0.44444946584352524,0.19699253409393083,True
275587692,Sách Thơ Xuân Quỳnh,Văn học,31,0.3186678109784802,25,0.4192837881304234,0.1006159771519432,True
275140696,Hậu Cung Như Ý Truyện Tập 4,Văn học,54,0.14509471121435097,20,0.41052924924044326,0.2654345380260923,True
273713282,Sách Đinh Trang Mộng - Tái Bản,Văn học,30,0.16160015022852647,40,0.30073359022066454,0.13913343999213806,True
273202499,Tuyển tập Hoàng Phủ Ngọc Tường,Văn học,21,0.4680582241158596,21,0.4680582241158596,0.0,False
271518947,Sách 1Q84 - Tập 2,Văn học,27,0.30763753523262904,20,0.39768904641711833,0.09005151118448929,True
271087469,Sách 80 ngày vòng quanh thế giới,Văn học,24,0.3242082156579302,20,0.416518611380045,0.0923103957221148,True
270734420,Sách Forrest Gump,Văn học,21,0.47413617413283154,40,0.5712812261324989,0.09714505199966733,True
262663942,Sách Lắng Nghe Gió Hát,Văn học,28,0.38022160904701496,28,0.38022160904701496,0.0,False
195545362,Sách Tắt Đèn,Văn học,23,0.4455512670571659,40,0.5103993699927085,0.0648481029355426,True
195545263,Sách Trong Gia Đình,Văn học,23,0.4547307579464242,23,0.4547307579464242,0.0,False
192862933,Sách Chùm Nho Thịnh Nộ (Tái Bản),Văn học,31,0.14751598393452553,40,0.2957303746795933,0.14821439074506776,True
187843291,Sách Nhật ký Đặng Thùy Trâm,Văn học,24,0.3773395760304139,20,0.4485291524822958,0.0711895764518819,True
167972598,Sách Tôi Thích Bản Thân Nỗ Lực Hơn (Ấn Bản Kỷ Niệm),Văn học,26,0.5408371113381039,40,0.5940105166701257,0.05317340533202186,True
162832796,Sách Rilla Dưới Mái Nhà Bên Ánh Lửa,Văn học,28,0.26724375357152863,20,0.32177381107855724,0.054530057507028606,True
121185870,Sách Và Rồi Núi Vọng,Văn học,29,0.38035068224382457,29,0.38035068224382457,0.0,False
90985722,Sách Thương (Thơ) - Bản Thường (Tặng Kèm Bookmark),Văn học,23,0.47855881064869094,40,0.5540145165021275,0.07545570585343658,True
87108578,"Sách Lại Đây, Ôm Cái Nào!",Văn học,20,0.3481502504233315,40,0.4820721388195124,0.1339218883961809,True
74793313,Sách Năm Chú Heo Con,Văn học,21,0.4601244907434434,21,0.4601244907434434,0.0,False
13446508,Sách Cánh Đồng Bất Tận (Tái Bản),Văn học,21,0.4807206314111367,21,0.4807206314111367,0.0,False
11371241,Sách 1Q84 (Tập 1) - Tái Bản,Văn học,26,0.4143269726780546,40,0.4915171155907086,0.07719014291265403,True
10383904,Sách Tôi Là Bêtô,Văn học,22,0.5273519593921813,40,0.5794621861453645,0.05211022675318322,True
9948023,Sách Của Chuột Và Người,Văn học,28,0.5400681013549278,28,0.5400681013549278,0.0,False
917972,Sách Số Năm Lật Mặt,Văn học,24,0.5038893588300666,40,0.5835501992098082,0.07966084037974164,True
575792,Sách Hai Năm Trên Hoang Đảo,Văn học,30,0.44410689462174496,40,0.5040928097319817,0.05998591511023671,True
279416552,Sách Màu Tím (Alice Wilker) Bìa Mềm,Văn học,30,0.21211567895894023,20,0.37710083594716154,0.1649851569882213,True
279330742,Luật sư đường phố,Văn học,21,0.32352255347249076,21,0.32352255347249076,0.0,False
279317505,CHUYỆN NGƯỜI MÊ PHIM SỐ 2 - Cao Nhị - NXB Trẻ,Văn học,27,0.31589260554440296,20,0.37710083594716154,0.06120823040275858,True
279259634,Sách Mọi Ưu Tiên Cho Em,Văn học,29,0.0,29,0.0,0.0,False
279131501,Sách - Tòa Lâu Đài Xanh,Văn học,15,0.29283329833360566,20,0.3569002174333126,0.06406691909970696,True
278715932,Sách - Lá Ngọc Cành Vàng (Tái Bản 2022),Văn học,19,0.015939101003338365,19,0.015939101003338365,0.0,False
278704632,Sách Có Người Đợi Cơm,Văn học,31,0.4792769004282282,40,0.5790678011186265,0.09979090069039837,True
278644018,Sách Hồi Ký Thảm Họa Everest,Văn học,30,0.20174270032611274,20,0.36797171312069976,0.16622901279458702,True
278626139,Sách Agatha Christie. Vụ Mưu Sát Ngài Edgware,Văn học,27,0.365079961430257,20,0.4326688832163895,0.06758892178613252,True
278279752,Sách Những Cuộc Phiêu Lưu Của Tom Sawyer,Văn học,31,0.2275978040629768,20,0.4363104832134265,0.20871267915044972,True
277874446,Sách Lá cờ bên chiếc ba lô,Văn học,31,0.2441758996401904,20,0.4223480228207114,0.17817212318052097,True
276841088,Sách Thư Kí Bác Hồ Kể Chuyện,Văn học,5,0.008189101003338365,5,0.008189101003338365,0.0,False
276716478,Tây Xuất Ngọc Môn - Combo 2 Tập,Văn học,23,0.23035159685198373,23,0.23035159685198373,0.0,False
276333510,Sách Tình Yêu Cuồng Nhiệt Sau Khi Kết Hôn,Văn học,10,0.3055875197737596,20,0.3872130926706507,0.0816255728968911,True
275836655,Sách Món Quà Đến Từ Cõi Chết (Linh Lan),Văn học,35,0.09953006916528441,45,0.16964956260368536,0.07011949343840095,True
275624223,Sách Cưng Chiều Anh Thêm Chút Nữa,Văn học,26,0.07580629733917661,0,0.13936336018731837,0.06355706284814176,True
274807615,Sách Cô Nàng Shimotsuki Trót Phải Lòng Nhân Vật Nền – Tập 3,Văn học,22,0.37195805521210473,22,0.37195805521210473,0.0,False
274350394,Sách Năm Tuần Lễ Trên Khinh Khí Cầu,Văn học,25,0.3399766745711254,20,0.4137202816190537,0.07374360704792832,True
273134762,Sách Đường Tới Quốc Hội Của Nữ Nghị Sĩ Pháp Gốc Việt Đầu Tiên - Phần 1: Tiểu Sử,Văn học,38,0.2376943143519662,20,0.4350218243928601,0.19732751004089388,True
263626788,  Tiếng Việt - Văn Việt - Người Việt (Tái bản năm 2023),Văn học,0,7.575757575757576e-05,0,7.575757575757576e-05,0.0,False
252011530,Machiavelli,Văn học,0,7.575757575757576e-05,0,7.575757575757576e-05,0.0,False
243093213,Sách Hành Trình Trở Thành Nhà Thám Hiểm Của Chàng Lính Đánh Thuê Bàn Hàn (Tập 3),Văn học,23,0.4004782697959841,23,0.4004782697959841,0.0,False
213702766,Sách Harry Potter - MộT Năm Tràn Ngập Diệu Kỳ,Văn học,27,0.20158152595723944,27,0.20158152595723944,0.0,False
192125793,Sách Harry Potter và tên tù nhân ngục Azkaban (Tái Bản 2022),Văn học,21,0.31551043364539866,21,0.31551043364539866,0.0,False
188767663,Sách Quỷ Giá - Bản Thường ( Tặng kèm 1 Bookmark 2 mặt),Văn học,30,0.2138519873622188,20,0.3968672271366801,0.1830152397744613,True
185909452,Sách Điệp Viên Hoàn Hảo X6 (Bìa Mềm),Văn học,26,0.34091796989227646,26,0.34091796989227646,0.0,False
184100770,Mắt Nào Xanh Nhất,Văn học,15,0.3087808590583783,40,0.48578642453379806,0.17700556547541973,True
175146842,Sách Ruồi Trâu ( Bìa Mềm ),Văn học,30,0.22310944622845533,20,0.4403764172793606,0.21726697105090528,True
174606516,Sách Đồng Vọng Dân Gian - Tập 1,Văn học,25,0.3391919388722186,20,0.41359427607887705,0.07440233720665845,True
165030719,Sách Hội Vệ Nhân,Văn học,16,0.23999168380391844,20,0.31383239298441024,0.07384070918049179,True
160370181,Khói Trời Lộng Lẫy (Tập Truyện Ngắn Nguyễn Ngọc Tư)(Tái Bản),Văn học,23,0.4313405958449568,23,0.4313405958449568,0.0,False
124767708,Sách Sherlock Holmes Toàn Tập - Tập 2 (Bìa Cứng)(Tái Bản),Văn học,25,0.3058514629443413,20,0.39768904641711833,0.09183758347277704,True
73668282,Sách Quyền Sư,Văn học,25,0.002381679389312977,25,0.002381679389312977,0.0,False
68688349,Sách Ăn Để Nhớ - Tản Văn,Văn học,27,0.4542350360455689,40,0.5098110036407197,0.05557596759515082,True
52805060,Sách Chúa Ruồi - Tiểu Thuyết (Nobel Văn Chương 1983)(Tái Bản 2020),Văn học,29,0.5655666152752533,29,0.5655666152752533,0.0,False
23413038,Sách Mãi Mãi Là Bao Xa (Tái Bản 2019),Văn học,17,0.33148176539469043,40,0.44947651384505954,0.11799474845036911,True
6313601,Sách Anne Tóc Đỏ Và Ngôi Nhà Mơ Ước (Tái Bản),Văn học,27,0.3609329968089593,20,0.4383985850872621,0.0774655882783028,True
4059691,Sách Hồi Ký. Từ U Minh Đến Cần Thơ…,Văn học,28,0.3380960743406579,28,0.3380960743406579,0.0,False
645613,Sách Tâm Tình với Trịnh Công Sơn,Văn học,32,0.4320383685619834,40,0.5269001426950504,0.09486177413306696,True
644149,Sách Từ Rừng Thẳm Amazon Đến Quê Hương Bolero,Văn học,30,0.5243137805820404,40,0.5835501992098082,0.05923641862776785,True
279419859,Sách Sủng Hậu Của Bạo Quân (Tập 1),Văn học,25,0.2404612883102559,25,0.2404612883102559,0.0,False
279379911,"Sách Em Đừng Vội Vàng, Những Điều Xứng Đáng Cần Có Thời Gian",Văn học,35,0.12009471142619779,35,0.12009471142619779,0.0,False
279364136,Sách Chuyện Hai Thành Phố,Văn học,24,0.264331207164478,20,0.32177381107855724,0.05744260391407924,True
279329921,Án Mạng Ở Điền Trang Kingfisher Hill (Agatha Christie) - NXB Trẻ,Văn học,20,0.44503768431980234,20,0.44503768431980234,0.0,False
279258161,Sách Khi yêu thương còn chưa quên lãng - Toshikazu Kawaguchi – NXB Trẻ,Văn học,30,0.26051804442656956,20,0.4429519353401617,0.18243389091359213,True
279232759,"(Combo 3 cuốn) BEARTOWN: THỊ TRẤN NHỎ, GIẤC MƠ LỚN; CHÚNG TÔI ĐẤU VỚI CÁC BẠN; NHỮNG NGƯỜI CHIẾN THẮNG - Fredrik Backman -  Hoàng Anh dịch - NXB Trẻ",Văn học,22,0.0,22,0.0,0.0,False
279230323,Sách - Tokio (Tác Giả Keigo Higashino),Văn học,29,0.2988108657493177,29,0.2988108657493177,0.0,False
279214555,Sách Liều Lĩnh (Reckless),Văn học,25,0.25029545184913043,25,0.25029545184913043,0.0,False
279214544,Sách Ngọn Đèn Trong Tim,Văn học,26,0.3304101219046894,26,0.3304101219046894,0.0,False
279056034,Sách Thần Rừng,Văn học,20,0.27448083059391865,20,0.27448083059391865,0.0,False
278959655,KHI KÝ ỨC CÒN CHƯA PHAI NHẠT - Toshikazu Kawaguchi – Bảo Chương dịch – NXB Trẻ,Văn học,49,0.19207676536628113,20,0.4403764172793606,0.24829965191307948,True
278860287,Sách Nguyễn Nhật Ánh - Cô Bé Hàng Xóm Và Bốn Viên Kẹo - Tặng Kèm Random 1 Trong 4 Mẫu Bookmark + Sticker,Văn học,22,0.5192041671490385,40,0.5890105166701257,0.06980634952108722,True
278839992,Sách Lời Hồi Đáp Của Keanu Reeves - Tập 1,Văn học,29,0.040832130050448084,45,0.09247043548230507,0.05163830543185699,True
278836833,Sách Hoàng Tử Tàn Nhẫn,Văn học,31,0.20607968137329805,20,0.2943000151378021,0.08822033376450403,True
278504736,Cánh Tư và Lửa Thép (Combo và Lẻ),Văn học,25,0.5373503306013772,25,0.5373503306013772,0.0,False
277949909,Hamlet Hoàng Tử Đan Mạch - Kịch Shakespeare,Văn học,0,0.1743162898373083,20,0.23972966957323394,0.06541337973592565,True
276912320,Sách Đời bừng sáng khi ta biết lãng quên,Văn học,29,0.5599517693368778,29,0.5599517693368778,0.0,False
276396477,Sách Thưa ngoại con mới về,Văn học,26,0.37765733000982527,20,0.44724858508726206,0.0695912550774368,True
275571106,Sách Đêm Biến Mất,Văn học,35,0.19146093598920114,20,0.360496744335489,0.16903580834628787,True
275452687,"Sách Harry Potter - Boxset 30 Cuốn, Trọn bộ 7 tập - Khổ nhỏ",Văn học,27,0.3035722485627946,27,0.3035722485627946,0.0,False
275300064,Bộ Sách Ngụ Ngôn Triết Học,Văn học,22,0.010699139706773296,22,0.010699139706773296,0.0,False
273314953,Sách Cất Cho Tôi Những Ngày Xanh Nắng Hạ,Văn học,24,0.4345318792342356,40,0.4986716101222465,0.06413973088801089,True
270768957,Combo 11 Tập: Người Bà Tài Giỏi Vùng Saga,Văn học,23,0.21058460735981666,23,0.21058460735981666,0.0,False
270661805,Sách Chết Ở Venice,Văn học,21,0.49241489456301835,40,0.5867984005211941,0.0943835059581758,True
270167976,Sách Cô Hầu Gái,Văn học,25,0.35725373065771604,40,0.438499612511692,0.08124588185397597,True
219148748,Sách Chú bé mang Pyjama sọc,Văn học,29,0.4322139800063707,29,0.4322139800063707,0.0,False
206784512,Sách Cây Brooklyn Xanh Biếc,Văn học,32,0.1633375889806249,40,0.300970296847598,0.13763270786697313,True
196515659,Sách Harry Potter Và Chiếc Cốc Lửa (Tái Bản 2022),Văn học,21,0.4567775250973153,21,0.4567775250973153,0.0,False
195573547,Sách Lén Nhặt Chuyện Đời,Văn học,15,0.3609360413909456,20,0.4223480228207114,0.06141198142976578,True
116397449,Sách Người Tình Sputnik,Văn học,27,0.38487240269780854,27,0.38487240269780854,0.0,False
111537683,Sách Và Rồi Chẳng Còn Ai (Agatha Christie),Văn học,20,0.42268518516978604,20,0.42268518516978604,0.0,False
109765020,Sách Siddhartha (Tái Bản),Văn học,35,0.3153040760802752,20,0.39899935923526075,0.08369528315498553,True
76543328,Sách Trịnh Lữ Ghi Chép,Văn học,28,0.3694377089331581,40,0.4915171155907086,0.12207940665755052,True
48629553,Sách Con Chó Nhỏ Mang Giỏ Hoa Hồng (Tái Bản),Văn học,20,0.5331707999812645,20,0.5331707999812645,0.0,False
19662184,Sách Một Lít Nước Mắt (Tái Bản),Văn học,25,0.5410767022508697,25,0.5410767022508697,0.0,False
14053722,Sách Tam Thể 2  - Khu Rừng Đen Tối,Văn học,29,0.5078718728816343,29,0.5078718728816343,0.0,False
13967742,Harry Potter Ngoại Truyện - Quidditch Qua Các Thời Đại,Văn học,20,0.4044201872384481,40,0.5244307808424457,0.12001059360399757,True
8886001,Sách Giết Con Chim Nhại (Tái Bản),Văn học,29,0.5795374183887905,29,0.5795374183887905,0.0,False
8885995,Sách Sự Im Lặng Của Bầy Cừu (Tái Bản),Văn học,29,0.5917887742101327,29,0.5917887742101327,0.0,False
2496281,Sách Đồi Gió Hú (Tái Bản),Văn học,40,0.5940105166701257,40,0.5940105166701257,0.0,False
279394875,Sách Cửa Hàng Tiện Lợi Nguy Hiểm - Tập 2,Văn học,10,0.20913993379964255,20,0.28660770744549435,0.0774677736458518,True
279391270,Sách Năm Kẻ Sống Sót,Văn học,25,0.2607054175240268,20,0.31383239298441024,0.05312697546038342,True
279378999,Ta Là Mèo - Natsume Soseki,Văn học,30,0.23219057555205963,30,0.23219057555205963,0.0,False
279359147,Sách Người Ếch Trở Lại,Văn học,31,0.32313811233474987,40,0.46269556802055434,0.13955745568580447,True
279309057,Những Chuyện Quái Đản Ở Nakano Broadway,Văn học,25,0.3852727398416753,25,0.3852727398416753,0.0,False
279289775,Sách Bà Palfrey Và Đứa Cháu Trai Giả Mạo,Văn học,32,0.18667262831480533,20,0.36375576627684597,0.17708313796204064,True
279273384,Sách Trinh thám- Giờ Đi Săn - Jeffery Deaver - Bách Việt,Văn học,29,0.30888715803528743,29,0.30888715803528743,0.0,False
279229625,Phong Nhã Tụng - Diêm Liên Khoa,Văn học,30,0.08995080311150642,0,0.18769046294857994,0.09773965983707351,True
278951870,Sách Đôi Bạn Cùng Tiến (Tập 2),Văn học,20,0.07378882852435442,0,0.1376698803786821,0.06388105185432769,True
278880179,Combo 2 Tập Phức Cảm Omega (Tái Bản 2025),Văn học,20,0.08075923641416016,0,0.1626010345786883,0.08184179816452813,True
278872225,Sách Đàn Hương Hình,Văn học,32,0.2452944091618635,40,0.4208293776694472,0.1755349685075837,True
278749471,Sách Tự Truyện Của Một Yogi - Ấn Bản Đặc Biệt 20 Năm Thành Lập Nhã Nam - Bìa Cứng,Văn học,32,0.053665205805283736,45,0.1098416476035172,0.05617644179823346,True
278612149,Sách Tan Học Đợi Tôi - Tập 2,Văn học,20,0.2663650483729324,20,0.2663650483729324,0.0,False
278311349,Sách Phía Tây Không Có Gì Lạ - Tái Bản,Văn học,30,0.469270730890101,40,0.5705959745215546,0.10132524363145362,True
278118327,Sách Nhìn Lại Quá Khứ - Tấn Thảm Kịch Và Những Bài Học Về Việt Nam,Văn học,11,0.19785213223816367,20,0.26003297738454295,0.06218084514637928,True
277485626,Sách Tan Học Đợi Tôi - Tập 1,Văn học,25,0.25029545184913043,25,0.25029545184913043,0.0,False
277381902,Sách Tiếng gọi chân trời - Nguyễn Ngọc Tư,Văn học,21,0.4730009505899327,21,0.4730009505899327,0.0,False
276750755,Sách TỘI ÁC VÀ HÌNH PHẠT,Văn học,28,0.2231151901843348,28,0.2231151901843348,0.0,False
276451290,Sách Ông Trăm Tuổi Trèo Qua Cửa Sổ Và Biến Mất (Tái Bản) - 2024,Văn học,23,0.36855776726567063,40,0.4915171155907086,0.12295934832503796,True
275946529,Sách Những Tấm Lòng Cao Cả,Văn học,20,0.3987819470056894,40,0.5244307808424457,0.12564883383675624,True
275599939,Sách Sưởi Ấm Mặt Trời: Tập 2 Của Cây Cam Ngọt,Văn học,29,0.39110193961369183,29,0.39110193961369183,0.0,False
273356637,Sách Bác Hana,Văn học,31,0.2275978040629768,20,0.43067890426605815,0.20308110020308134,True
270300483,Sách Minh Nhật Tinh Trình Tập 2,Văn học,26,0.2773340343376799,26,0.2773340343376799,0.0,False
249875509,Sách Sherlock Holmes Trọn Bộ 3 Tập,Văn học,32,0.1696650938708997,20,0.3320580895718196,0.1623929957009199,True
243086155,Harry Potter Và Hội Phượng Hoàng - Tập 5 (Tái Bản 2023),Văn học,19,0.1784287228984612,20,0.2380630029065673,0.05963428000810608,True
209891492,Sách Những Người Hàng Xóm - Bản Thường - Bìa Mềm (Tặng kèm Bookmark + Thẻ treo),Văn học,21,0.5008268245408617,21,0.5008268245408617,0.0,False
196150482,Sách Người nuôi ong thành Aleppo - The beekeeper of Aleppo (Aspen Words Literary Prize Winner),Văn học,32,0.21610720150591167,20,0.39391654865291714,0.17780934714700547,True
195969662,Sách Tập Tỏ Tình - 1 - Bản Đặc Biệt - 02 MP3 Player Nhựa &amp; 01 Bình Phong Độc Quyền,Văn học,30,0.24544152496297492,20,0.41506253004713095,0.16962100508415603,True
194960720,Sách Harry Potter và Hoàng tử Lai,Văn học,21,0.3086975184849772,21,0.3086975184849772,0.0,False
186290791,Sách Cô gái đến từ hôm qua (Tái Bản),Văn học,20,0.40577959125227986,20,0.40577959125227986,0.0,False
113540577,Sách Anne Tóc Đỏ Dưới Chái Nhà Xanh,Văn học,28,0.3691843991015737,20,0.4350218243928601,0.06583742529128639,True
66510848,Sách Mặt Trời Lúc Nửa Đêm,Văn học,23,0.5144500113910165,23,0.5144500113910165,0.0,False
57761618,Sách Vụ Án Mạng Ở Lữ Quán Kairotei,Văn học,29,0.5924473273894388,29,0.5924473273894388,0.0,False
57354850,Sách Những Con Chim Ẩn Mình Chờ Chết (Tái Bản 2020),Văn học,21,0.43342999641237484,21,0.43342999641237484,0.0,False
52785564,Sách Dịch Hạch (Nobel Văn Chương 1957),Văn học,26,0.3037873669003389,26,0.3037873669003389,0.0,False
52329763,Sách Kafka bên bờ biển (Tái Bản),Văn học,37,0.4999166271902202,37,0.4999166271902202,0.0,False
14684952,Sách Khu Vườn Bí Mật (Tái Bản),Văn học,26,0.5334042192636781,40,0.5887425955532547,0.05533837628957661,True
10227724,Sách Cây Bách Buồn (Tái Bản),Văn học,30,0.22310944622845533,20,0.4403764172793606,0.21726697105090528,True
1702825,Sách Hóa Thân (Tái Bản),Văn học,29,0.5558722712741061,29,0.5558722712741061,0.0,False
378448,Sách Nhà Giả Kim,Văn học,5,0.34039096893403825,20,0.40720538718998817,0.06681441825594991,True
279456160,Sách Sự Ỷ Lại Nguy Hiểm (Phiên Bản Toàn Tập),Văn học,26,0.06440801458492848,0,0.15517679215444585,0.09076877756951737,True
279288353,"(Ấn bản giới hạn, bìa cứng, đánh số 500 cuốn; chữ ký in và triện của tác giả; chữ ký và triện của dịch giả Vũ Công Hoan) NGƯỜI TÌNH PHU NHÂN SƯ TRƯỞNG - Diêm Liên Khoa - Vũ Công Hoan dịch - NXB Văn Học ",Văn học,0,0.18967601834409567,20,0.24610221859284176,0.05642620024874609,True
279266999,Sách Làm Dâu Đất Độc,Văn học,25,0.30502964366390306,20,0.38461722713668,0.07958758347277695,True
279258163,Sách Khi lời tạ từ còn chưa kịp nói - Toshikazu Kawaguchi – NXB Trẻ,Văn học,25,0.3701011672989406,20,0.4343517253623629,0.06425055806342228,True
279076704,Sách Ánh Đèn Nơi Bến Cảng,Văn học,28,0.3779401888491672,28,0.3779401888491672,0.0,False
278894190,Sách Bạch Dạ Truy Hung (Tập 1 + Tập 2),Văn học,31,0.19873190746513672,20,0.32177381107855724,0.12304190361342052,True
278872177,Sách Báu Vật Của Đời,Văn học,32,0.29630534758498134,25,0.47707869950061466,0.18077335191563332,True
278872151,Sách Lũng Tây Nổi Gió,Văn học,31,0.13839744095567152,40,0.2899663285936298,0.15156888763795828,True
278857023,Sách NXB Trẻ - Cô Bé Hàng Xóm Và Bốn Viên Kẹo,Văn học,17,0.359614444102727,20,0.4181510695392959,0.0585366254365689,True
278819422,Sách Mê Cung Cô Độc,Văn học,33,0.19951451827190567,20,0.38613877087513926,0.1866242526032336,True
278682211,Sách Vị Ngây Thơ,Văn học,28,0.3813192815385896,40,0.4413229471773452,0.06000366563875559,True
278294156,Sách Frank Và Red,Văn học,31,0.08655061391998353,45,0.16964956260368536,0.08309894868370182,True
278250470,Sách Không Yêu Thì Đi Chết Đi,Văn học,37,0.249834578797883,20,0.37963060220881184,0.12979602341092883,True
277744865,Sách Thái Bạch Kim Tinh Đang Phiền Muộn,Văn học,25,0.2187424403375586,40,0.3017335902206645,0.08299114988310588,True
277514023,"Sách ""52HZ"" Tập 1",Văn học,20,0.35424933211126286,40,0.4915171155907086,0.13726778347944574,True
277228146,Sách Vương Hồng Sển - Sài Gòn năm xưa,Văn học,21,0.3570307850930219,40,0.4328893828517434,0.0758585977587215,True
276960027,Sách Báo Cáo Pháp Y,Văn học,27,0.2625220108970898,27,0.2625220108970898,0.0,False
276660934,Sách Cuốn theo chiều gió (Tiểu thuyết đoạt giải Pulitzer 1937),Văn học,32,0.29793619223053186,25,0.4777067968934179,0.17977060466288602,True
275335283,Sách Xứ tuyết,Văn học,28,0.33322654354990183,28,0.33322654354990183,0.0,False
275206732,Sách Bí Hội Thứ Chín - Ninth House,Văn học,25,0.24619108519090058,25,0.24619108519090058,0.0,False
274323956,Sách Nghìn Lẻ Một Đêm (Bìa Cứng),Văn học,36,0.33884740494180304,40,0.4683596208039427,0.12951221586213968,True
274318147,Sách Vị Thời Gian,Văn học,29,0.3992665186984391,29,0.3992665186984391,0.0,False
273641118,Gia Đình Tôi - Duy Lam,Văn học,31,0.2275978040629768,20,0.43067890426605815,0.20308110020308134,True
262477177,Sách Hồ Sơ Tâm Lí Tội Phạm,Văn học,22,0.36471423627518723,22,0.36471423627518723,0.0,False
258520741,Tuyển tập Kawabata - Truyện ngắn,Văn học,30,0.2791625754463757,40,0.41604548160926214,0.13688290616288645,True
249374002,Sách Hãy Chăm Sóc Mẹ,Văn học,25,0.3526915787300721,20,0.4122197775303341,0.059528198800262,True
193099631,Sách Đại Gia Gatsby,Văn học,41,0.5802565522901053,41,0.5802565522901053,0.0,False
192948832,Harry Potter Và Hòn Đá Phù Thuỷ - Tập 1 (Tái Bản),Văn học,19,0.30101888642314223,20,0.35813850374195433,0.0571196173188121,True
189940724,Sách Triệu Phú Khu Ổ Chuột,Văn học,29,0.39218596947801265,29,0.39218596947801265,0.0,False
180230986,Sách Harry Potter và Đứa trẻ bị nguyền rủa,Văn học,25,0.31193668841061295,20,0.3656383797873664,0.05370169137675346,True
174605333,Sách Châu Phi Nghìn Trùng (Tái Bản),Văn học,21,0.42646498356603035,21,0.42646498356603035,0.0,False
147920903,Sách Một Thoáng Ta Rực Rỡ Ở Nhân Gian,Văn học,28,0.46181165388295836,28,0.46181165388295836,0.0,False
117595535,Sách Kẻ Ngoại Cuộc,Văn học,25,0.4501438558584048,40,0.5264307808424457,0.07628692498404088,True
84457161,Sách Tìm Em Nơi Anh,Văn học,21,0.4601244907434434,21,0.4601244907434434,0.0,False
78015041,Sách Học Viện - The Institute,Văn học,38,0.4536673619589795,38,0.4536673619589795,0.0,False
77225336,Sách Miếng Ngon Hà Nội (Việt Nam Danh Tác),Văn học,26,0.5139544224015654,40,0.5921317338545274,0.07817731145296203,True
21129748,Sách Ngoảnh Lại Đã Một Đời,Văn học,21,0.529849841164699,40,0.5929316878412969,0.06308184667659789,True
8835141,Sách Đi Qua Hoa Cúc (Tái Bản),Văn học,21,0.528767363398,40,0.5842222637921007,0.055454900394100726,True
5914507,Sách Quân Vương (Tái Bản),Văn học,40,0.5668348667474497,40,0.5668348667474497,0.0,False
997529,Sách Án Mạng Đêm Giáng Sinh,Văn học,18,0.35370842110106276,18,0.35370842110106276,0.0,False
279382909,Sách - Nhà Thuyền - Jon Fosse (tác giả Nobel Văn chương 2023) - Rainbow Books,Văn học,0,0.3017237616257603,20,0.38461722713668,0.0828934655109197,True
279365362,Sách Đi Ra Thế Giới Ngắm Nhìn Bản Thân,Văn học,31,0.1212007162765277,31,0.1212007162765277,0.0,False
279347623,Sách Người Gác Kệ Sách,Văn học,31,0.24781369708456322,20,0.4181510695392959,0.1703373724547327,True
279023130,Sách Biết Đâu Ngày Mai Có Cầu Vồng,Văn học,31,0.2275978040629768,20,0.43067890426605815,0.20308110020308134,True
279008338,Tạc Liệt Chí - Diêm Liên Khoa,Văn học,30,0.23219057555205963,30,0.23219057555205963,0.0,False
278873317,Combo 2 cuốn Mạc Ngôn: ĐÀN HƯƠNG HÌNH + BÁU VẬT CỦA ĐỜI – Bìa cứng – Tác giả đoạt giải Nobel văn chương 2012 – Trần Đình Hiến dịch – Huy Hoàng Bookstore,Văn học,32,0.1946688494895604,32,0.1946688494895604,0.0,False
278851381,Sách Đêm Cho Chuột: Tuyển Tập Những Vụ Án Kì Ảo Của Mikihiko Renjo,Văn học,25,0.3391919388722186,20,0.41359427607887705,0.07440233720665845,True
278785247,Sách Trò Chơi Giải Mã Ác Mộng,Văn học,31,0.09780061391998354,45,0.1771495626036854,0.07934894868370185,True
278777898,Combo/ Lẻ Mặt Nạ A Qủy (Fix 1) và Bóng Ma Dưới Ngòi Bút (Fix 2),Văn học,35,0.19238857118485903,20,0.3656383797873664,0.17324980860250738,True
278275283,Sách 451 Độ F,Văn học,28,0.5377876277260296,28,0.5377876277260296,0.0,False
278249910,Sách Ma Trùng,Văn học,24,0.36580924185503333,20,0.4326688832163895,0.06685964136135619,True
276525618,Sách Người TV ( Haruki Murakami),Văn học,27,0.3689454959202637,20,0.4223480228207114,0.05340252690044767,True
276377313,"Sách Bà tóc tím, nhà tiên tri và gã ngốc chống lại tận thế (Jonas Jonasson)",Văn học,20,0.3392249379974277,40,0.46435962080394266,0.12513468280651496,True
276353084,Sách Người Ếch - Kẻ Giết Người Hàng Loạt,Văn học,25,0.37870292374673314,40,0.4542716651260632,0.07556874137933006,True
275882947,Sách Văn học kinh điển. Vầng trăng và sáu xu,Văn học,20,0.35424933211126286,40,0.4915171155907086,0.13726778347944574,True
275794409,Sách Khắc đi… Khắc đến… Hồi ký Xuân Phượng,Văn học,30,0.5206263257619577,40,0.5712812261324989,0.05065490037054121,True
275335272,Những giấc mơ ở hiệu sách Morisaki tập 2,Văn học,28,0.3552356784765999,20,0.4430127622769245,0.08777708380032456,True
275278631,Sách Vải tiến Trường An,Văn học,44,0.21471145514279044,20,0.4485291524822958,0.23381769733950536,True
272309444,Sách Cuộc Viếng Thăm Của Vi Khách BÍ Ẩn,Văn học,32,0.4281069926304227,40,0.5275289095165203,0.09942191688609764,True
270469914,Sách Sĩ Số Lớp Vắng 0,Văn học,26,0.37078516220192376,20,0.43067890426605815,0.05989374206413439,True
249739565,Người Đàn Ông Mang Tên OVE (Tái Bản),Văn học,15,0.3036776844552037,40,0.48478642453379805,0.18110874007859434,True
221230165,Sách Tuyển tập Nam Cao,Văn học,28,0.31237145232480623,20,0.3968672271366801,0.08449577481187387,True
202661687,Sách Sông Đông Êm Đềm (Trọn Bộ 2 Tập),Văn học,32,0.2577920091576036,20,0.46113914411993884,0.20334713496233525,True
190707626,Sách Và Khi Tro Bụi (tái bản),Văn học,30,0.2474569317495944,20,0.44444946584352524,0.19699253409393083,True
190702835,Sách Tuyển Tập Akutagawa I,Văn học,29,0.2600157670683456,29,0.2600157670683456,0.0,False
185242031,Sách The Shining - Thị Kiến,Văn học,26,0.551345777581124,26,0.551345777581124,0.0,False
181122317,Sách Chân Trần Chí Thép (Tái Bản 2022),Văn học,26,0.32455798910480366,26,0.32455798910480366,0.0,False
179063535,Sách Còn Chút Gì Để Nhớ,Văn học,21,0.5008268245408617,21,0.5008268245408617,0.0,False
174037877,Sách Điểm Dối Lừa ( Tái Bản),Văn học,31,0.23324253532423778,31,0.23324253532423778,0.0,False
145288029,Sách Xứ Cát,Văn học,25,0.4882097866642993,25,0.4882097866642993,0.0,False
127844385,Sách Kiêu Hãnh Và Định Kiến (Tái Bản),Văn học,29,0.5917887742101327,29,0.5917887742101327,0.0,False
113530800,Sách Vụ Án,Văn học,28,0.5147579642174772,40,0.5705959745215546,0.05583801030407742,True
109488203,Sách Nữ Pháp Y - Tập 2,Văn học,30,0.26379499563023867,20,0.44233055097894486,0.1785355553487062,True
52329765,Sách Biên Niên Ký Chim Vặn Dây Cót (Tái Bản 2020),Văn học,28,0.464245374305722,28,0.464245374305722,0.0,False
32639696,Sách -Thanh Cung 13 Triều (Trọn Bộ 3 Tập),Văn học,65,0.10296732373510523,65,0.10296732373510523,0.0,False
20520720,Sách Đối Thoại Với Thượng Đế ( Tái Bản ),Văn học,28,0.555047580769558,28,0.555047580769558,0.0,False
14136016,"Sách Phía Nam Biên Giới, Phía Tây Mặt Trời (Tái Bản)",Văn học,25,0.3987812495002597,25,0.3987812495002597,0.0,False
12533371,Sách Đạo Đức Kinh,Văn học,32,0.4903321971164185,40,0.5868978402971046,0.09656564318068606,True
997549,Sách Án Mạng Trên Sân Golf,Văn học,20,0.522365756263108,40,0.5834189348389689,0.0610531785758609,True
565772,Sách Ba Người Bạn,Văn học,30,0.5206263257619577,40,0.5712812261324989,0.05065490037054121,True
279434733,Sách - Người Phù Hợp Của Bạn Đang Đến - LOVE LIFE,Văn học,19,0.22738802263733254,20,0.28660770744549435,0.05921968480816181,True
279358082,Sách Vì Không Dễ Dàng Nên Cuộc Đời Đáng Giá,Văn học,31,0.0008878189520563134,31,0.0008878189520563134,0.0,False
279341834,Sách - Người tình phu nhân phu trưởng (Vì nhân dân phục vụ) - Diêm Liên Khoa,Văn học,0,0.18373212961524657,0,0.18373212961524657,0.0,False
279322750,Sách Tướng Về Hưu,Văn học,28,0.3046129614910961,20,0.3828587363029699,0.07824577481187378,True
279314938,Jane Eyre - Đông A,Văn học,30,0.32965800147782176,40,0.48001711559070864,0.15035911411288688,True
279312672,Sách Cửa Hàng Tiện Lợi Nguy Hiểm - Tập 1,Văn học,10,0.28352038498792953,40,0.4618735872843896,0.17835320229646007,True
279258216,Sách Khi tình yêu còn chưa ngỏ lời - Toshikazu Kawaguchi – NXB Trẻ,Văn học,25,0.33548123862956836,20,0.41052924924044326,0.0750480106108749,True
279193586,Sách Sách Sương Mù Tập 3,Văn học,25,0.3010670620557331,20,0.3563150525981479,0.055247990542414804,True
278837636,Luận Kết Cục Trông Mặt Mà Bắt Hình Dong,Văn học,37,0.249834578797883,20,0.37963060220881184,0.12979602341092883,True
278817069,Sách Cũng Chỉ Là Hạt Bụi,Văn học,23,0.0,23,0.0,0.0,False
278813668,Người Giáo Viên Tàn Nhẫn,Văn học,36,0.24585536583471004,40,0.392784935499484,0.14692956966477397,True
278791364,Sách Quái Vật Ickabog,Văn học,33,0.2690771738564575,40,0.43941464519143053,0.170337471334973,True
278709310,Sách Về Chuyện Tôi Chuyển Sinh Thành Slime - Tập 7,Văn học,26,0.26235805755724373,26,0.26235805755724373,0.0,False
278621726,Harry Potter Ngoại Truyện - Những Chuyện Kể Của Beedle Người Hát Rong,Văn học,21,0.36341465619011165,40,0.48751711559070865,0.124102459400597,True
278311177,Sách Bản Du Ca Cuối Cùng (Tái Bản),Văn học,30,0.22310944622845533,20,0.4403764172793606,0.21726697105090528,True
278125042,Sách Sương Khói Đông Kinh,Văn học,25,0.3562910742099637,40,0.4820721388195124,0.1257810646095487,True
278101824,Sách Thuyền,Văn học,23,0.3282663187995399,23,0.3282663187995399,0.0,False
278017053,Sách - Kinh Tế Học Vĩ Mô,Văn học,11,0.20297713223816363,20,0.2684913107178763,0.06551417847971266,True
277770425,"Sách Hồi Ký Nguyễn Thị Bình - Gia Đình, Bạn Bè và Đất Nước",Văn học,11,0.28440046961320503,20,0.3554143498566205,0.07101388024341548,True
277742606,Sách Bản Sao,Văn học,36,0.1825144936993594,40,0.29968650349979736,0.11717200980043796,True
277548460,Sách - Từ Sông Bến Hải Đến Dinh Độc Lập,Văn học,35,0.2058517637611568,20,0.3554143498566205,0.14956258609546372,True
277420881,Khu tập thể đường tàu (Truyện vừa),Văn học,25,0.0,25,0.0,0.0,False
277413592,Sách Khó Dỗ Dành - Combo 2 Tập (Tái Bản 2025),Văn học,25,0.2393494927413517,25,0.2393494927413517,0.0,False
276077657,Sách Năm Điều Ước Của Ông Murray Mcbride,Văn học,26,0.5248038765636924,26,0.5248038765636924,0.0,False
275789810,Sách Bạch Nhật Đề Đăng,Văn học,31,0.20007521075618004,20,0.3540424938560769,0.15396728309989685,True
275592089,Combo/Lẻ Sách của Dan Brown: Ph. áo Đài Số - Điểm Dối Lừa - Nguồn Cội - Thiên Thần và Ác Quỷ - Biểu Tượng Thất Truyền - Hỏa Ngục,Văn học,22,0.2887353922642709,22,0.2887353922642709,0.0,False
275315481,Sách Bánh Xe Số Phận (Tái Bản 2024),Văn học,30,0.2474569317495944,20,0.44444946584352524,0.19699253409393083,True
263068391,Sách Faust - Johann WolfGang Von Goethe,Văn học,44,0.1858249597031995,20,0.38461722713668,0.1987922674334805,True
253471967,Sách Tuyển tập Thạch Lam (tái bản),Văn học,25,0.37578682844066696,20,0.4505127622769245,0.07472593383625753,True
207852959,Sách Sơn Nam - Xóm Bàu láng,Văn học,43,0.5083956318122242,40,0.5789673213819237,0.0705716895696995,True
195545332,Sách Không Gia Đình,Văn học,28,0.32816497136869427,28,0.32816497136869427,0.0,False
190702862,Sách Siddhartha,Văn học,30,0.2474569317495944,20,0.44444946584352524,0.19699253409393083,True
179063555,Sách Bong Bóng Lên Trời,Văn học,22,0.3936441063856332,22,0.3936441063856332,0.0,False
158741253,Truyện Kiều Chú Giải (Bìa Mềm) (Tái Bản),Văn học,30,0.2512990948668999,20,0.4343517253623629,0.183052630495463,True
142833447,Sách Sanctify - Tập 3,Văn học,21,0.49996113467517184,21,0.49996113467517184,0.0,False
100376369,Sách Đứa Con Gái Hoang Đàng - Hai Số Phận - Phần II,Văn học,32,0.15222995204926915,40,0.30746428127757514,0.155234329228306,True
76776251,Sách Xứ Sở Diệu Kỳ Tàn Bạo Và Chốn Tận Cùng Thế Giới (Tái Bản),Văn học,29,0.39218596947801265,29,0.39218596947801265,0.0,False
56454897,Hiệu Sách Nhỏ Ở Paris,Văn học,29,0.5853312578702634,29,0.5853312578702634,0.0,False
8835131,Sách Bàn Có Năm Chỗ Ngồi (Tái Bản),Văn học,31,0.4821651734265499,40,0.5915883164875807,0.10942314306103079,True
2720383,Sóng ở đáy sông,Văn học,0,0.2654377861213976,0,0.2654377861213976,0.0,False
279306997,Sách Phá Linh - Lời Nguyền Phong Lan Ma,Văn học,25,0.0,25,0.0,0.0,False
279193583,Sách Khu D ( Freida McFadden),Văn học,25,0.1283014609819376,25,0.1283014609819376,0.0,False
279191866,Sách Kỳ Án Trong Thư Viện Kín,Văn học,31,0.2537126357600476,20,0.41626238471715404,0.16254974895710644,True
279122174,Đồng hành là lời tỏ tình chân thành nhất,Văn học,20,0.4979829992851307,40,0.5768978402971046,0.07891484101197388,True
278756737,Sách Trưởng Tộc,Văn học,23,0.27198656299110874,23,0.27198656299110874,0.0,False
279251050,Sách ngoại văn: Project Hail Mary (Movie Tie-In),Sách tiếng Anh,15,0.014916677791917653,15,0.014916677791917653,0.0,False
279029112,Sách ngoại văn: Oxford Student's Dictionary 4th Edition,Sách tiếng Anh,10,0.003643272133921204,10,0.003643272133921204,0.0,False
278816123,Sách - The Divine Comedy by Dante Alighieri - Wordsworth Classics,Sách tiếng Anh,0,0.0002669055702250723,0,0.0002669055702250723,0.0,False
278279707,Bài tập Bổ trợ Tiếng Anh 2 i-Learn Smart Start ,Sách tiếng Anh,15,0.07860079407016562,15,0.07860079407016562,0.0,False
277994894,WOWWEEKEND CUISINE 07 - CONCEPTUAL DINING ,Sách tiếng Anh,0,0.4196663714069811,15,0.6588860378631033,0.2392196664561222,True
277275698,Sách - Dtpbooks - Practice Tests Grade 12,Sách tiếng Anh,15,0.6027358033696942,15,0.6027358033696942,0.0,False
277275373,Sách - Dtpbooks - Practice Tests Grade 11,Sách tiếng Anh,15,0.030853995216845037,15,0.030853995216845037,0.0,False
275885335,Rich Dad Poor Dad: What The Rich Teach Their Kids About Money That The Poor And Middle Class Do Not!,Sách tiếng Anh,0,0.36372211435525736,15,0.48586301798076276,0.12214090362550539,True
275875123,100 Ideas That Changed Graphic Design,Sách tiếng Anh,0,0.0002669055702250723,0,0.0002669055702250723,0.0,False
275803111,Chip War,Sách tiếng Anh,5,0.000627712499100426,5,0.000627712499100426,0.0,False
275107009,Graphic Design Play Book,Sách tiếng Anh,0,0.0002669055702250723,0,0.0002669055702250723,0.0,False
274926158,"Tiếng Anh 5 i-Learn Smart Start - Trọn bộ (sách học sinh, sách bài tập, vở tập viết)",Sách tiếng Anh,5,0.4688300038126734,15,0.5657956530962607,0.09696564928358725,True
274925098,Tiếng Anh 5 i-Learn Smart Start - Student's Book (Sách học sinh),Sách tiếng Anh,5,0.8497450387102148,5,0.8497450387102148,0.0,False
274384962,Sách Dark Future: Uncovering the Great Reset's Terrifying Next Phase (The Great Reset Series),Sách tiếng Anh,45,0.005874585265234335,45,0.005874585265234335,0.0,False
274144007,Percy Jackson And The Olympians #1,Sách tiếng Anh,0,0.36372211435525736,15,0.48586301798076276,0.12214090362550539,True
273961106,Sách - Mindset For IELTS Level 2 Student’s Book With Updated Digital Pack,Sách tiếng Anh,15,0.5890923463724471,15,0.5890923463724471,0.0,False
273321949,Totto-Chan: The Little Girl at the Window,Sách tiếng Anh,0,0.0012669055702250723,0,0.0012669055702250723,0.0,False
271311800,Sách How to Catch the Easter Bunny,Sách tiếng Anh,55,0.010279110151493439,55,0.010279110151493439,0.0,False
271046316,Becoming Brianna,Sách tiếng Anh,0,0.0002669055702250723,0,0.0002669055702250723,0.0,False
265178018,Diary of a Wimpy Kid #9 - The Long Haul,Sách tiếng Anh,0,0.3048508203528144,10,0.5311794474711751,0.22632862711836066,True
263960552,Oxford - Solutions (Third Edition),Sách tiếng Anh,0,0.0002669055702250723,0,0.0002669055702250723,0.0,False
262974346,Solve For Happy: Engineer Your Path To Joy,Sách tiếng Anh,0,0.0002669055702250723,0,0.0002669055702250723,0.0,False
262877005,The Memory Police: A Novel,Sách tiếng Anh,0,0.37488713269812557,15,0.4345772649642327,0.05969013226610714,True
262787116,Jane Eyre (Collins Classics),Sách tiếng Anh,0,0.7135548177217914,15,0.7869298056207854,0.07337498789899399,True
254021962,The Adventures of Tom Sawyer (Collins Classics),Sách tiếng Anh,0,0.37558309597462197,0,0.37558309597462197,0.0,False
202242056,Bài tập bổ trợ Tiếng Anh 7 Right On!,Sách tiếng Anh,15,0.8113405926873696,15,0.8113405926873696,0.0,False
171213021,"Collins Easy Learning Preschool - Shapes, Colours and Patterns Ages 3-5",Sách tiếng Anh,30,0.3234857598433283,5,0.711872807209109,0.38838704736578067,True
171212915,Collins Easy Learning Preschool - Writing Ages 3-5,Sách tiếng Anh,30,0.041687921502120646,10,0.1205120217313933,0.07882410022927266,True
170772575,Oxford Advanced Learner's Dictionary 8th with Vietnamese Translation (PB),Sách tiếng Anh,0,0.7021889700792537,15,0.8373944116735383,0.1352054415942846,True
168666474,My Phonics 2 Activity Book (Int) With Crossplatform Application,Sách tiếng Anh,8,0.02521222845581713,8,0.02521222845581713,0.0,False
150700169,i-Learn English for Math 1 Student's book 2nd edition,Sách tiếng Anh,0,0.5609699993108344,15,0.645530227338112,0.0845602280272777,True
148073416,Artbook - Sách Tiếng Anh - Fashionpedia,Sách tiếng Anh,0,0.38921632594140865,15,0.6851047498799158,0.2958884239385071,True
115695002,Essential Grammar In Use 4th Edition With Answers And Interactive eBook,Sách tiếng Anh,6,0.000627712499100426,6,0.000627712499100426,0.0,False
58710128,American English File: Starter: Students Book With Online Practice - 3rd Edition,Sách tiếng Anh,13,0.46653465795316634,13,0.46653465795316634,0.0,False
29354735,Sách A2 Flyers 3 Student's Book: Authentic Examination Papers,Sách tiếng Anh,15,0.6614474261397116,15,0.6614474261397116,0.0,False
22881852,English Grammar in Use Book w Ans,Sách tiếng Anh,15,0.5215327420225244,15,0.5215327420225244,0.0,False
22878507,Cambridge English Starters 2 for Revised Exam From 2018 Student's Book,Sách tiếng Anh,15,0.8095045336202946,15,0.8095045336202946,0.0,False
428365,Sách How To Win Friends And Influence People - Đắc Nhân Tâm,Sách tiếng Anh,13,0.8125506295792329,13,0.8125506295792329,0.0,False
421161,Sách Tiểu thuyết tiếng Anh - Wordsworth Classics : Karenina,Sách tiếng Anh,5,0.7548250140449264,5,0.7548250140449264,0.0,False
420792,Sách The Mysterious Island,Sách tiếng Anh,5,0.007275792669381344,5,0.007275792669381344,0.0,False
279174879,Sách - Orchid Basics by Brian Rittershausen - Gardening Book,Sách tiếng Anh,0,0.000957889557999971,15,0.10620360245104309,0.10524571289304312,True
279155487,Sách ngoại văn: The Wealth Money Can't Buy - The 8 Hidden Habits To Live Your Richest Life,Sách tiếng Anh,5,0.000627712499100426,5,0.000627712499100426,0.0,False
279072004,Sách - Diary of a Wimpy Kid: No Brainer by Jeff Kinney | Children’s Book / Ngoại văn Thiếu nhi,Sách tiếng Anh,0,0.0012669055702250723,0,0.0012669055702250723,0.0,False
278891264,Bí quyết học tiếng Anh cho người mất gốc (tái bản lần 1),Sách tiếng Anh,0,0.019265581865692282,0,0.019265581865692282,0.0,False
278873218,Sách ngoại văn: The Official Cambridge Guide To IELTS Student's Book With Answers,Sách tiếng Anh,13,0.004476605467254536,13,0.004476605467254536,0.0,False
278804976,Sách - The Man Who Mistook His Wife for a Hat by Oliver Sacks | Nonfiction / Psychology / Ngoại văn,Sách tiếng Anh,0,0.0002669055702250723,0,0.0002669055702250723,0.0,False
278764688,Sách - Introducing Lévi-Strauss: A Graphic Guide by Boris Wiseman | Anthropology / Philosophy,Sách tiếng Anh,0,0.0032655818656922788,0,0.0032655818656922788,0.0,False
278723663,Sổ Tay Kẻ Ngang - Gustav Klimt: Three Ages Of Woman,Sách tiếng Anh,0,0.0002669055702250723,0,0.0002669055702250723,0.0,False
278722659,Sách - Twenty Love Poems and a Song of Despair by Pablo Neruda | Classics Poetry / Ngoại văn,Sách tiếng Anh,0,0.0002669055702250723,0,0.0002669055702250723,0.0,False
278714568,Sách ngoại văn: Give Me Five! Level 3 Activity Book With Digital Book,Sách tiếng Anh,10,0.007536390768658335,10,0.007536390768658335,0.0,False
278714309,Sách ngoại văn: Imagine Level 1: Workbook,Sách tiếng Anh,12,0.004203057435325001,12,0.004203057435325001,0.0,False
278519185,Sách - Flow: The Psychology of Optimal Experience - Sách Self Help Ngoại văn - Nhập khẩu UK,Sách tiếng Anh,0,0.0002669055702250723,0,0.0002669055702250723,0.0,False
278279808,Sách - The Outsider by Albert Camus - Classics/ Fiction/ Philosophy in English,Sách tiếng Anh,0,0.0002669055702250723,0,0.0002669055702250723,0.0,False
277595775,Sách văn học tiếng Anh - The House of the Dead & the Gambler,Sách tiếng Anh,15,0.47273753752847647,15,0.47273753752847647,0.0,False
276826727,CHAPTER HOUSE DUNE,Sách tiếng Anh,5,0.000627712499100426,5,0.000627712499100426,0.0,False
273307608,Chicken Soup For The Soul,Sách tiếng Anh,0,0.000957889557999971,0,0.000957889557999971,0.0,False
263512956,"Tiếng Anh 4 Extra and Friends trọn bộ (sách học sinh, sách bài tập, vở tập viết)",Sách tiếng Anh,5,0.4674986084638362,15,0.5644642577474234,0.0969656492835872,True
262971627,Love For Imperfect Things,Sách tiếng Anh,0,0.07183130783394259,0,0.07183130783394259,0.0,False
260811319,Tiếng Anh 4 Extra and Friends - Pupil's Book,Sách tiếng Anh,5,0.8542904932556694,5,0.8542904932556694,0.0,False
225269678,Personal Best American B1 Pre-intermediate Pack A (SB+WB+e-learning),Sách tiếng Anh,0,0.6862271882901738,15,0.7665702249553381,0.08034303666516429,True
210154830, Ethics - tiếng anh,Sách tiếng Anh,5,0.09991410712375508,5,0.09991410712375508,0.0,False
202242043,Tiếng Anh Amanda and Friends 1 - Student's book,Sách tiếng Anh,0,0.6453063196723147,5,0.7098243268759289,0.06451800720361422,True
192173870,A1 Movers 4 Authentic Practice Tests: Student's Book Without Answers With Audio - FAHASA Reprint Edition,Sách tiếng Anh,15,0.5644642577474234,15,0.5644642577474234,0.0,False
169714926,i-Learn My Phonics Grade 2 Pupil's book,Sách tiếng Anh,0,0.6921070201185152,5,0.8285750441963006,0.13646802407778535,True
168774228,i-Learn Smart Maths Grade 1 Workbook Part 1 ( ENG-VN),Sách tiếng Anh,8,0.026462228455817128,8,0.026462228455817128,0.0,False
168666478,My Phonics 5 Activity Book (Int) With Crossplatform Application,Sách tiếng Anh,8,0.02521222845581713,8,0.02521222845581713,0.0,False
163544548,Oxford Learner's Pocket Dictionary Fourth Edition,Sách tiếng Anh,15,0.8001489041763555,15,0.8001489041763555,0.0,False
151597194,i-Learn English for Science 2 Student's Book 2nd edition,Sách tiếng Anh,0,0.5609699993108344,15,0.645530227338112,0.0845602280272777,True
118522790,The Folk Of The Air 1: The Cruel Prince,Sách tiếng Anh,5,0.6199989171926368,20,0.7485333943321784,0.12853447713954158,True
101262441,Before The Coffee Gets Cold,Sách tiếng Anh,12,0.3959653758068896,12,0.3959653758068896,0.0,False
58839991,Oxford Discover: Level 4: Student Book Pack,Sách tiếng Anh,13,0.4684722870150589,13,0.4684722870150589,0.0,False
55289044,Look 4: Workbook With Online Practice,Sách tiếng Anh,15,0.42844472981656323,15,0.42844472981656323,0.0,False
32221982,Four Corners SB 2B w CD-Rom,Sách tiếng Anh,12,0.6414896834403789,12,0.6414896834403789,0.0,False
25980675,Kid's Box 2nd ed Activity Book with Online Resources Level 5,Sách tiếng Anh,15,0.4764028500447283,15,0.4764028500447283,0.0,False
25679183,English Vocabulary in Use: Vocabulary Reference and Practice (CD-ROM),Sách tiếng Anh,13,0.5855262426347462,13,0.5855262426347462,0.0,False
974695,Sách Colorless Tsukuru Tazaki And His Years Of Pilgrimage,Sách tiếng Anh,5,0.000627712499100426,5,0.000627712499100426,0.0,False
880938,Sách Notes From Underground And Other Stories,Sách tiếng Anh,0,0.2898860874104582,10,0.5117921559988071,0.22190606858834894,True
560242,Sách Outliers - The Story Of Success,Sách tiếng Anh,13,0.8175490827789795,13,0.8175490827789795,0.0,False
462953,Sách 365 Days Of Wonder (Paperback) - Điều kỳ diệu,Sách tiếng Anh,15,0.48076648640836467,15,0.48076648640836467,0.0,False
442343,Sách How To Win Friends And Influence People (Mass Market Paperback),Sách tiếng Anh,10,0.7397783451509322,10,0.7397783451509322,0.0,False
279414577,Sách ngoại văn: The Shadow Of Gods,Sách tiếng Anh,7,0.00307215694354487,7,0.00307215694354487,0.0,False
279241873,Sách ngoại văn: Sách Ngoại Văn - Books of Dan Brown,Sách tiếng Anh,0,0.0002669055702250723,0,0.0002669055702250723,0.0,False
279212049,Sách ngoại văn: Marketing 7.0 - A Guide For Thinking Marketers In The Age Of AI,Sách tiếng Anh,5,0.000627712499100426,5,0.000627712499100426,0.0,False
279175640,"Sách I'm Not Lazy, I'm On Energy Saving Mode",Sách tiếng Anh,0,0.21345605015376976,15,0.5495294300523494,0.33607337989857966,True
278732704,Cambridge IELTS 20 Academic,Sách tiếng Anh,0,0.3616371860899473,15,0.4962075815199445,0.13457039542999716,True
277540378,"THE WORLD OF DAVID WALLIAMS: THE WORLD’S WORST CHILDREN 1, 2 & 3 BOX SET",Sách tiếng Anh,5,0.3333037020122308,15,0.610881864394108,0.27757816238187716,True
276546325,Everything You Need To Ace Geometry In One Big Fat Notebook,Sách tiếng Anh,7,0.00307215694354487,7,0.00307215694354487,0.0,False
275786246,i-Learn English for Science 5 Student's Book 2nd Edition,Sách tiếng Anh,0,0.5609699993108344,15,0.645530227338112,0.0845602280272777,True
274926099,Bài tập Bổ trợ Tiếng Anh 5 i-Learn Smart Start,Sách tiếng Anh,15,0.7970196356563919,15,0.7970196356563919,0.0,False
274677397,The Presentation Secrets Of Steve Jobs: How To Be Insanely Great In Front Of Any Audience,Sách tiếng Anh,5,0.000627712499100426,5,0.000627712499100426,0.0,False
274354270,Sách Healthy Me: Exercise And Play,Sách tiếng Anh,35,0.01880852191619932,35,0.01880852191619932,0.0,False
274142834,Marvel Spidey And His Amazing Friends My First Puzzle Book,Sách tiếng Anh,0,0.3048508203528144,10,0.5311794474711751,0.22632862711836066,True
272303089,Personal Best American B2 Upper intermediate Pack A (SB+WB+e-learning),Sách tiếng Anh,0,0.001498119443057442,0,0.001498119443057442,0.0,False
270636721,A History of Vietnam in Pictures: The Collapse of the Lê sơ (In Colour),Sách tiếng Anh,15,0.03533403723365176,15,0.03533403723365176,0.0,False
263246577,The Personal MBA 10th Anniversary Edition,Sách tiếng Anh,0,0.6827426946082579,15,0.776401659100919,0.09365896449266109,True
262895578,"Zero To One: Notes On Start Ups, Or How To Build The Future",Sách tiếng Anh,0,0.1867398717598452,15,0.26918941309697236,0.08244954133712717,True
262871808,The Hunger Games 2. Catching Fire,Sách tiếng Anh,0,0.4389840357950287,0,0.4389840357950287,0.0,False
260811371,Tiếng Anh 11 i-Learn Smart World - Student's Book,Sách tiếng Anh,5,0.567053494668231,5,0.567053494668231,0.0,False
260811338,Tiếng Anh 4 i-Learn Smart Start - Workbook,Sách tiếng Anh,5,0.8563265413197548,5,0.8563265413197548,0.0,False
253134460,Harry Potter and the Philosopher's Stone,Sách tiếng Anh,0,0.1691822213191443,15,0.2660435273621538,0.09686130604300952,True
198783490,English World 5 Dictionary,Sách tiếng Anh,30,0.041687921502120646,10,0.1205120217313933,0.07882410022927266,True
195472271,Plays Well With Others: The Surprising Science Behind Why Everything You Know About Relationships Is (Mostly) Wrong,Sách tiếng Anh,3,0.213620029735706,20,0.4536517663732546,0.2400317366375486,True
190235098,Moby Dick,Sách tiếng Anh,5,0.4475478827189929,15,0.5541568400833882,0.1066089573643953,True
185243207,Tiếng Anh 10 i-Learn Smart World Student's Book (Sách học sinh),Sách tiếng Anh,5,0.8542904932556694,5,0.8542904932556694,0.0,False
185232573,Tiếng Anh 3 i-Learn Smart Start Student's Book (Sách học sinh),Sách tiếng Anh,5,0.8563265413197548,5,0.8563265413197548,0.0,False
185232571,Tiếng Anh 7 Right On! Workbook (Sách bài tập),Sách tiếng Anh,5,0.8497450387102148,5,0.8497450387102148,0.0,False
171213023,Collins Easy Learning Preschool - Starting School Ages 3-5,Sách tiếng Anh,30,0.041687921502120646,10,0.1205120217313933,0.07882410022927266,True
171045897,English Ages 3-5,Sách tiếng Anh,30,0.0420450643592635,10,0.1275120217313933,0.08546695737212981,True
168774205,i-Learn Smart Maths Grade 5 Student's Book Part 1 (ENG-VN),Sách tiếng Anh,8,0.0224849557285444,8,0.0224849557285444,0.0,False
115869798,Tiếng Anh 6 Right On - Student's Book (Sách học sinh),Sách tiếng Anh,5,0.8542904932556694,5,0.8542904932556694,0.0,False
55286963,A Little Life,Sách tiếng Anh,15,0.41272405997071404,15,0.41272405997071404,0.0,False
32222780,Sách Fun for Starters SB w Home Fun & Online Activities,Sách tiếng Anh,15,0.48711796133279334,15,0.48711796133279334,0.0,False
29355029,Sách A1 Movers 3 Student's Book: Authentic Examination Papers,Sách tiếng Anh,15,0.8210938518854103,15,0.8210938518854103,0.0,False
22881835,Cambridge English Flyers 1 for Revised Exam from 2018 Student's Book,Sách tiếng Anh,8,0.7878879301860832,8,0.7878879301860832,0.0,False
22878299,Academic Vocabulary in Use Edition with Answers Edition: Vocabulary Reference and Practice,Sách tiếng Anh,15,0.6541329856686962,15,0.6541329856686962,0.0,False
22878278,Cambridge English Movers 2 for Revised Exam From 2018 Student's Book,Sách tiếng Anh,15,0.5606696148902806,15,0.5606696148902806,0.0,False
10186258,"Sách Psych 101: Psychology facts, basics, statistics, tests, and more! (Adams 101)",Sách tiếng Anh,12,0.4744624873753785,12,0.4744624873753785,0.0,False
2131695,Sách Solutions (3E) Pre-Intermediate Student's Book,Sách tiếng Anh,13,0.4613918489109636,13,0.4613918489109636,0.0,False
887524,Sách Wealth Of Nations,Sách tiếng Anh,5,0.7532443595465138,5,0.7532443595465138,0.0,False
436042,Sách The Notebook (Mass Market Paperback),Sách tiếng Anh,5,0.3286987440316198,0,0.46827127204298036,0.13957252801136055,True
279241819,"Sách ngoại văn: Sách luyện các kỹ năng & luyện thi tiếng Anh Fun for Starters, Movers and Flyers",Sách tiếng Anh,0,0.0002669055702250723,0,0.0002669055702250723,0.0,False
279237847,Sách Ngoại Văn - English Vocabulary in Use,Sách tiếng Anh,0,0.000957889557999971,15,0.05533403723365175,0.054376147675651784,True
279237129,Sách ngoại văn: Sách Ngoại Văn - Oxford Picture Dictionary 3rd Edition,Sách tiếng Anh,0,0.0002669055702250723,0,0.0002669055702250723,0.0,False
279236413,Sách ngoại văn:  English Grammar in Use Book w Ans,Sách tiếng Anh,12,0.0011432721339212039,12,0.0011432721339212039,0.0,False
279230660,Sách ngoại văn: Sách Ngoại Văn - Family and Friends,Sách tiếng Anh,0,0.0032655818656922788,0,0.0032655818656922788,0.0,False
279143564,Watership Down,Sách tiếng Anh,5,0.000627712499100426,5,0.000627712499100426,0.0,False
279038515,Sách ngoại văn: Illustration 2025,Sách tiếng Anh,10,0.003643272133921204,10,0.003643272133921204,0.0,False
279027501,Sách ngoại văn: Harry Potter and the Order of the Phoenix (2015),Sách tiếng Anh,15,0.014916677791917653,15,0.014916677791917653,0.0,False
278794130,Sách - The Best of Sherlock Holmes by Sir Arthur Conan Doyle | Classic Novel / Ngoại văn Nhập khẩu,Sách tiếng Anh,0,0.000957889557999971,0,0.000957889557999971,0.0,False
278786408,Sách Diary of a Wimpy Kid #20: Partypooper (UK Edition - Hardcover),Sách tiếng Anh,0,0.0002669055702250723,0,0.0002669055702250723,0.0,False
278492733,Sách - Combo Từ Điển Anh - Anh - Việt Oxford Learner’s Pocket MCBooks,Sách tiếng Anh,0,0.0032655818656922788,0,0.0032655818656922788,0.0,False
278445163,Sách - Principles for Dealing with the Changing World Order: Why Nations Succeed or Fail by Ray Dalio,Sách tiếng Anh,0,0.0002669055702250723,0,0.0002669055702250723,0.0,False
278058351,Sách ngoại văn: Kid's Box New Generation - Pupil's Book With Ebook 1,Sách tiếng Anh,15,0.014916677791917653,15,0.014916677791917653,0.0,False
277583061,"Sách - The castle by Franz Kafka - Sách tiếng anh, bìa mềm/ Fiction/Novel",Sách tiếng Anh,0,0.0002669055702250723,0,0.0002669055702250723,0.0,False
276566377,"Pathways Reading, Writing, And Critical Thinking 3 - Student's Book + Spark Sticker (3rd Edition)",Sách tiếng Anh,15,0.4769512946661267,15,0.4769512946661267,0.0,False
274675261,Voices Intermediate B1: Student's Book BRE + OLP/EBK CSTM (Vietnam Edition),Sách tiếng Anh,13,0.004476605467254536,13,0.004476605467254536,0.0,False
274419130,A2 Key For Schools 2 For The Revised 2020 Exam SB With Answers With Audio With Resource Bank,Sách tiếng Anh,15,0.2734405622125929,15,0.2734405622125929,0.0,False
274287321,Sách Zero Days,Sách tiếng Anh,55,0.005874585265234335,55,0.005874585265234335,0.0,False
274142757,The Bad Guys #16: The Bad Guys In The Others?!,Sách tiếng Anh,0,0.000957889557999971,0,0.000957889557999971,0.0,False
273317880,Norwegian Wood,Sách tiếng Anh,0,0.001498119443057442,0,0.001498119443057442,0.0,False
258896782,When Breath Becomes Air,Sách tiếng Anh,0,0.000957889557999971,15,0.10620360245104309,0.10524571289304312,True
253432332,Diary Of A Wimpy Kid #1,Sách tiếng Anh,0,0.3048508203528144,10,0.5311794474711751,0.22632862711836066,True
198787062,Bài tập bổ trợ Tiếng Anh 3 i-Learn Smart Start,Sách tiếng Anh,15,0.7970196356563919,15,0.7970196356563919,0.0,False
185873510,Tiếng Anh 7 Right On! Student's Book (Sách học sinh),Sách tiếng Anh,5,0.8497450387102148,5,0.8497450387102148,0.0,False
185232565,Tiếng Anh 7 i-Learn Smart World Workbook (Sách bài tập),Sách tiếng Anh,5,0.8542904932556694,5,0.8542904932556694,0.0,False
171289224,Personal Best American B1+ Intermediate Pack A,Sách tiếng Anh,0,0.5276820354062791,0,0.5276820354062791,0.0,False
168712396,Targeting Mathematics Textbook 5A,Sách tiếng Anh,8,0.3410021531569683,15,0.48307431384662686,0.14207216068965856,True
151597233,Tiếng Anh 6 i-Learn Smart World - Workbook,Sách tiếng Anh,5,0.8542904932556694,5,0.8542904932556694,0.0,False
115869784,Tiếng Anh 6 i-Learn Smart World - Student's Book (Sách học sinh),Sách tiếng Anh,5,0.8542904932556694,5,0.8542904932556694,0.0,False
108710328,Hang Out 2 - Workbook,Sách tiếng Anh,8,0.624294556463321,8,0.624294556463321,0.0,False
106360998,Career Paths Sales And Marketing (Esp) Student's Book With Crossplatform Application,Sách tiếng Anh,0,0.602797966325348,15,0.7614511773362905,0.15865321101094254,True
58711398,Prepare A2 Level 3 Student's Book,Sách tiếng Anh,15,0.7820113559229935,15,0.7820113559229935,0.0,False
55288586,American Family And Friends: Level Two: Student Book 2nd Edition,Sách tiếng Anh,13,0.5540759935624595,13,0.5540759935624595,0.0,False
55285102,"Practical English Usage, 4th edition: Paperback: Michael Swan's Guide To Problems In English",Sách tiếng Anh,12,0.832521753931139,12,0.832521753931139,0.0,False
50361796,Little Women (Vintage Classics),Sách tiếng Anh,15,0.4962132027355157,15,0.4962132027355157,0.0,False
43981759,A2 Key for Schools Trainer 1 for the Revised 2020 Exam Six Practice test With Answers and Teacher's Notes With Downloadable Audio,Sách tiếng Anh,15,0.7700198373584388,15,0.7700198373584388,0.0,False
32222291,Harry Potter and the Deathly Hallows,Sách tiếng Anh,15,0.014916677791917653,15,0.014916677791917653,0.0,False
22878255,Cambridge English Flyers 2 for Revised Exam From 2018 Student's Book,Sách tiếng Anh,8,0.7878879301860832,8,0.7878879301860832,0.0,False
11119019,Sách Oxford Advanced Learner's Dictionary 8th Edition (With Vietnamese Translation) and CD - ROM (Paperback),Sách tiếng Anh,13,0.8636073082319107,13,0.8636073082319107,0.0,False
1599621,Sách A Man Called Ove: A Novel,Sách tiếng Anh,13,0.528313908719618,13,0.528313908719618,0.0,False
279237562,Cambridge B1 Preliminary (PET),Sách tiếng Anh,0,0.031957889557999976,15,0.1701072288792596,0.13814933932125964,True
278794533,Sách - A Tale of Two Cities (Wordsworth Classics) by Charles Dickens | English Fiction,Sách tiếng Anh,0,0.000957889557999971,0,0.000957889557999971,0.0,False
278017134,Sách ngoại văn: Oxf Phonics World 2 Student Book New,Sách tiếng Anh,13,0.004476605467254536,13,0.004476605467254536,0.0,False
277978214,Sách ngoại văn: Oxford Phonics World 1 - The Alphabet - Student's Book,Sách tiếng Anh,13,0.004476605467254536,13,0.004476605467254536,0.0,False
276828546,Psychology: A Complete Introduction: Teach Yourself,Sách tiếng Anh,5,0.000627712499100426,5,0.000627712499100426,0.0,False
275425047,Bồi dưỡng Tiếng Anh 9 i-Learn Smart World,Sách tiếng Anh,15,0.8064474017661414,15,0.8064474017661414,0.0,False
274943997,Mindset For IELTS - Foundation - Student’s Book With Updated Digital Pack,Sách tiếng Anh,15,0.537589633863859,15,0.537589633863859,0.0,False
274144017,Minecraft: The Crash: An Official Minecraft Novel,Sách tiếng Anh,0,0.0012669055702250723,0,0.0012669055702250723,0.0,False
274144009,Percy Jackson And The Olympians #2: The Sea Of Monsters,Sách tiếng Anh,0,0.07614535308586655,20,0.1403752444993387,0.06422989141347214,True
273322511,Norwegian Wood,Sách tiếng Anh,0,0.2544783504243158,20,0.43949352081313214,0.18501517038881632,True
270340701,Artbook - Sách Tiếng Anh - Middlemarch,Sách tiếng Anh,0,0.0002669055702250723,0,0.0002669055702250723,0.0,False
265178075,Harry Potter and the of the Phoenix,Sách tiếng Anh,0,0.0536974937313785,0,0.0536974937313785,0.0,False
263202244,How Not To Die: Discover The Foods Scientifically Proven To Prevent And Reverse Disease,Sách tiếng Anh,0,0.0002669055702250723,0,0.0002669055702250723,0.0,False
209388598,Where the Crawdads Sing,Sách tiếng Anh,5,0.2392661787518955,20,0.43051973191251397,0.19125355316061848,True
198285571,Scott Thornbury's 30 Language Teaching Methods Pocket Editions,Sách tiếng Anh,12,0.39590180244551854,12,0.39590180244551854,0.0,False
196488221,English Grammar In Use Book With Answers 5th Edition,Sách tiếng Anh,15,0.8397021039812306,15,0.8397021039812306,0.0,False
192951487,Penny Ur's 77 Tips For Teaching Vocabulary,Sách tiếng Anh,12,0.39590180244551854,12,0.39590180244551854,0.0,False
192951291,Principles For Dealing With The Changing World Order: Why Nations Succeed And Fail,Sách tiếng Anh,15,0.6834993987093472,15,0.6834993987093472,0.0,False
173831571,Personal Best American A2 Elementary Pack B (SB+WB+e-learning),Sách tiếng Anh,0,0.5276820354062791,0,0.5276820354062791,0.0,False
168774212,i-Learn Smart Maths Grade 2 Student's Book Part 1 ( ENG-VN),Sách tiếng Anh,8,0.7820972650387144,8,0.7820972650387144,0.0,False
168773691,i-Learn Smart Maths Grade 2 Student's Book Part 2 ( ENG-VN),Sách tiếng Anh,8,0.5009877893559587,8,0.5009877893559587,0.0,False
155646635,Tiểu thuyết tiếng Anh - Little Women,Sách tiếng Anh,15,0.5215327420225244,15,0.5215327420225244,0.0,False
142548548,Genetics 101,Sách tiếng Anh,0,0.0002669055702250723,0,0.0002669055702250723,0.0,False
115126767,"Sách Everything You Need To Ace Computer Science And Coding Big Fat Notebooks - Sổ Tay Khoa Học Máy Tính Và Mã Hóa ( Tiếng Anh, Lớp 8 - Lớp 12 ) - - Nâng Cao Kiến Thức Khoa Học Máy Tính Và Lập Trình - Á Châu Books, Bìa Cứng, In Màu",Sách tiếng Anh,0,0.3002849419420188,15,0.6125348066899075,0.31224986474788863,True
108710266,Hang Out 3 - Workbook,Sách tiếng Anh,8,0.624294556463321,8,0.624294556463321,0.0,False
106362981,Learn With Ollie Activity Book 2,Sách tiếng Anh,8,0.2726995645496749,8,0.2726995645496749,0.0,False
58711462,12 Rules for Life: An Antidote to Chaos,Sách tiếng Anh,12,0.7838074549459365,12,0.7838074549459365,0.0,False
58710538,B1 Preliminary 1 For The Revised 2020 Exam Student's Book With Answers With Audio With Resource Bank: Authentic Practice Tests (PET Practice Tests),Sách tiếng Anh,15,0.42844472981656323,15,0.42844472981656323,0.0,False
58710498,A2 Key For Schools 1 For The Revised 2020 Exam Student's Book With Answers With Audio With Resource Bank: Authentic Practice Tests (KET Practice Tests),Sách tiếng Anh,15,0.790673739628687,15,0.790673739628687,0.0,False
44173021,"Basic Tactics For Listening, 3rd Edition",Sách tiếng Anh,15,0.7472262544991579,15,0.7472262544991579,0.0,False
26594176,Have A Little Faith ,Sách tiếng Anh,5,0.0009908276344163082,5,0.0009908276344163082,0.0,False
25002422,Sách GET READY FOR STARTERS: SB WITH DOWNLOADABLE AUDIO: MAXIMIZE CHANCES OF EXAM,Sách tiếng Anh,15,0.4271644111333133,15,0.4271644111333133,0.0,False
23438247,Sách Fun for Movers SB w Home Fun & Online Activities,Sách tiếng Anh,12,0.8038305799690616,12,0.8038305799690616,0.0,False
23437685,English Vocabulary in Use: Pre-Intermediate and Intermediate Book with Answers: Vocabulary Reference and Practice (Kèm CD),Sách tiếng Anh,13,0.5855262426347462,13,0.5855262426347462,0.0,False
22880036,Cambridge English Movers 1 for Revised Exam from 2018 Student's Book,Sách tiếng Anh,13,0.6924192142557792,13,0.6924192142557792,0.0,False
19901155,Sách The Little Prince (Adult Edition),Sách tiếng Anh,5,0.3714333860309158,15,0.5262718747122755,0.15483848868135974,True
7194143,Sách Good To Great: Why Some Companies Make The Leap And Others Don't,Sách tiếng Anh,15,0.6757216209315695,15,0.6757216209315695,0.0,False
1056116,"Sách Zero To One: Notes On Start Ups, Or How To Build The Future",Sách tiếng Anh,12,0.8020528021912838,12,0.8020528021912838,0.0,False
490043,Sách Collins Classics - The Phantom Of The Opera,Sách tiếng Anh,13,0.6872792925456127,5,0.756402348067524,0.06912305552191134,True
314134,Sách How to Talk So Kids Will Listen and Listen So Kids Will Talk,Sách tiếng Anh,15,0.4769512946661267,15,0.4769512946661267,0.0,False
279269994,Sách ngoại văn: English File - Fifth Edition - Pre-Intermediate - Student Book With Digital Pack,Sách tiếng Anh,15,0.019202392077631938,15,0.019202392077631938,0.0,False
279242172,Sách ngoại văn: Sách Ngoại Văn - Giáo trình Speak Now Level 1 - 4,Sách tiếng Anh,0,0.0032655818656922788,0,0.0032655818656922788,0.0,False
279041122,Sách ngoại văn: In Five Years,Sách tiếng Anh,12,0.0011432721339212039,12,0.0011432721339212039,0.0,False
279032605,Sách ngoại văn: Blue Archive Comic Anthology 4 (Japanese Edition),Sách tiếng Anh,7,0.00307215694354487,7,0.00307215694354487,0.0,False
278876600,"Sách - Ready for VSTEP – Vocabulary, Phrasal Verbs & Collocations B1 B2 - Tài liệu luyện thi hiệu quả",Sách tiếng Anh,10,0.008668292031141849,10,0.008668292031141849,0.0,False
278825227,Sách - A Brief History of London by Jeremy Black | History Nonfiction / Ngoại văn Nhập khẩu,Sách tiếng Anh,0,0.0002669055702250723,0,0.0002669055702250723,0.0,False
278732675,Cambridge IELTS 20 General Training,Sách tiếng Anh,0,0.000957889557999971,15,0.08620360245104307,0.0852457128930431,True
278727726,"Sách - Art Nouveau: Glasgow, Amsterdam, New York by Thomas Hauffe / Art Book in English / Ngoại văn",Sách tiếng Anh,0,0.0002669055702250723,0,0.0002669055702250723,0.0,False
276827022,Harry Potter and the Cursed Child,Sách tiếng Anh,5,0.000627712499100426,5,0.000627712499100426,0.0,False
276809510,Sách ngoại văn: Empower B1 Pre-Intermediate - Workbook With Answers (2nd Edition),Sách tiếng Anh,12,0.0011432721339212039,12,0.0011432721339212039,0.0,False
274387490,Sách The P. K. Pinkerton Mysteries: The Case Of The Deadly Desperados,Sách tiếng Anh,35,0.00880852191619932,35,0.00880852191619932,0.0,False
270519729,Combo Complete IELTS B2: Student's Book + Workbook (with answer & Audio CD),Sách tiếng Anh,15,0.7721058242048148,15,0.7721058242048148,0.0,False
267258546,Harry Potter and the Half-Blood Prince,Sách tiếng Anh,0,0.0002669055702250723,0,0.0002669055702250723,0.0,False
263512943,"Tiếng Anh 4 i-Learn Smart Start trọn bộ (sách học sinh, sách bài tập, vở tập viết)",Sách tiếng Anh,5,0.4456419728966114,15,0.5554663106786331,0.10982433778202166,True
262798932,Diary Of A Wimpy Kid #6: Cabin Fever,Sách tiếng Anh,0,0.3048508203528144,10,0.5311794474711751,0.22632862711836066,True
260811337,Tiếng Anh 11 Bright - Student's Book,Sách tiếng Anh,5,0.8414950387102148,5,0.8414950387102148,0.0,False
253327859,Surrounded By Psychopaths,Sách tiếng Anh,0,0.18325942272984727,20,0.4304551836966898,0.2471957609668425,True
252578274,Play Smart Early Learning 2+,Sách tiếng Anh,15,0.03533403723365176,15,0.03533403723365176,0.0,False
247902316,Wabi Sabi: Japanese Wisdom For A Perfectly Imperfect Life,Sách tiếng Anh,5,0.000627712499100426,5,0.000627712499100426,0.0,False
225271293,Personal Best American A2 Elementary Pack A (SB+WB+e-learning),Sách tiếng Anh,0,0.5276820354062791,0,0.5276820354062791,0.0,False
225195247,Talk Like TED: The 9 Public Speaking Secrets Of The World's Top Minds,Sách tiếng Anh,5,0.1520811745586841,15,0.23829221175252183,0.08621103719383771,True
204056062,Combo Complete IELTS Bands 6.5-7.5 (C1): Student Book + Workbook (with Answer & CD),Sách tiếng Anh,15,0.37926450867714495,15,0.37926450867714495,0.0,False
191004731,Fantastic Mr Fox,Sách tiếng Anh,5,0.010990827634416308,15,0.10620360245104309,0.09521277481662678,True
185296414,The Girl Who Loved Tom Gordon,Sách tiếng Anh,5,0.05858501629177005,15,0.11391069701201596,0.055325680720245914,True
168712370,Targeting Mathematics Textbook 5B,Sách tiếng Anh,8,0.3410021531569683,15,0.48307431384662686,0.14207216068965856,True
115869787,Tiếng Anh 2 Extra and Friends - Pupil's Book (Sách học sinh),Sách tiếng Anh,5,0.7591216688804903,5,0.7591216688804903,0.0,False
108710231,Hang Out 5 - Workbook,Sách tiếng Anh,8,0.624294556463321,8,0.624294556463321,0.0,False
108710192,Hang Out 4 - Workbook,Sách tiếng Anh,8,0.624294556463321,8,0.624294556463321,0.0,False
72702605,Power Up Level 2 Activity Book With Online Resources And Home Booklet,Sách tiếng Anh,12,0.0011432721339212039,12,0.0011432721339212039,0.0,False
69838648,Q: Skills For Success: Level 4: Reading And Writing Student Book With iQ Online Practice - 3rd Edition,Sách tiếng Anh,15,0.42590013943871524,15,0.42590013943871524,0.0,False
58711258,Family and Friends: Level 5: Class Book,Sách tiếng Anh,15,0.491639371257116,15,0.491639371257116,0.0,False
58710481,A2 Key 1 For The Revised 2020 Exam Student's Book With Answers With Audio With Resource Bank: Authentic Practice Tests (KET Practice Tests),Sách tiếng Anh,19,0.7824263810844433,19,0.7824263810844433,0.0,False
55286143,Complete Preliminary Student's Book With Answers With Online Practice: For The Revised Exam From 2020,Sách tiếng Anh,15,0.37385081289580213,15,0.37385081289580213,0.0,False
43981784,Tactics for Listening: Developing: Student Book,Sách tiếng Anh,15,0.3727337303785563,15,0.3727337303785563,0.0,False
36316044,Beyond Good and Evil,Sách tiếng Anh,15,0.444301906354627,15,0.444301906354627,0.0,False
29354877,Tactics for Listening Expanding Student Book 3Ed,Sách tiếng Anh,15,0.7472262544991579,15,0.7472262544991579,0.0,False
24166156,Cambridge Preliminary English Test 3 Student's Book with Answers Reprint Edition,Sách tiếng Anh,13,0.5238969231689345,13,0.5238969231689345,0.0,False
1599605,Sách We Were The Lucky Ones: A Novel,Sách tiếng Anh,7,0.23140501619230375,20,0.41210978399834886,0.1807047678060451,True
490056,Sách The Age Of Innocence,Sách tiếng Anh,10,0.6686319676482878,5,0.7729023480675239,0.10427038041923609,True
408804,Sách Oxford Learner's Pocket Phrasal Verbs and Idioms,Sách tiếng Anh,13,0.8175490827789795,13,0.8175490827789795,0.0,False
279270236,Sách ngoại văn: English File - Fifth Edition - Elementary - Student Book With Digital Pack,Sách tiếng Anh,15,0.019202392077631938,15,0.019202392077631938,0.0,False
279200936,Novelist as a Vocation,Sách tiếng Anh,5,0.000627712499100426,5,0.000627712499100426,0.0,False
279044016,Sách ngoại văn: Sakamoto Holidays 2,Sách tiếng Anh,3,0.0009908276344163082,3,0.0009908276344163082,0.0,False
279037796,Sách ngoại văn: Toy Team 2 - Student Book With Lingokids App,Sách tiếng Anh,12,0.0011432721339212039,12,0.0011432721339212039,0.0,False
279037718,Sách ngoại văn: Cam Primary Path Foundation - Activity Book With Practice Extra,Sách tiếng Anh,5,0.000627712499100426,5,0.000627712499100426,0.0,False
279029749,Sách ngoại văn: Oga Kazuo Gashu ( Jiburi Ｔｈｅａｒｔ Shiri Zu ),Sách tiếng Anh,10,0.003643272133921204,10,0.003643272133921204,0.0,False
278906584,Sách ngoại văn: Clear Thinking,Sách tiếng Anh,15,0.014916677791917653,15,0.014916677791917653,0.0,False
278695356,Count of Monte Cristo,Sách tiếng Anh,5,0.2704717165198683,20,0.4536517663732546,0.18318004985338632,True
278235912,Sách ngoại văn: A2 KEY For Schools - Trainer 2 Without Answers,Sách tiếng Anh,19,0.01002449236296752,19,0.01002449236296752,0.0,False
278058339,Sách ngoại văn: Kid's Box New Generation - Activity Book With Digital Pack 4,Sách tiếng Anh,12,0.0011432721339212039,12,0.0011432721339212039,0.0,False
277603511,"Sách - 50 Maths Ideas You Really Need to Know (50 Ideas You Really Need to Know series) by Tony Crilly - Sách tiếng anh, bìa cứng",Sách tiếng Anh,5,0.000627712499100426,5,0.000627712499100426,0.0,False
276557994,Sách học ngữ pháp tiếng Pháp trình độ A1 - En Contexte - Exercices de grammaire + audio MP3 + corrigés (A1),Sách tiếng Anh,5,0.2565071851163125,20,0.399825407183958,0.1433182220676455,True
276429480,Everyboy Up 2 - Student Book With Online Practice (3rd Edition),Sách tiếng Anh,10,0.003643272133921204,10,0.003643272133921204,0.0,False
275571590,Chinh phục kì thi Tiếng Anh - Tốt nghiệp THPT tập 1,Sách tiếng Anh,15,0.6635306203337727,15,0.6635306203337727,0.0,False
274040568,Sách - The Way To Be Humble,Sách tiếng Anh,16,0.07512082193502108,5,0.13294566844577888,0.057824846510757796,True
270052884,American Family And Friends Level 3: Workbook With Online Practice - 2nd Edition,Sách tiếng Anh,15,0.10620360245104309,15,0.10620360245104309,0.0,False
262516799,"The Selection, Book 1",Sách tiếng Anh,5,0.3286987440316198,0,0.46827127204298036,0.13957252801136055,True
232797296,The Wind-Up Bird Chronicle (Hardback),Sách tiếng Anh,7,0.31219311878772493,15,0.6064542206093213,0.29426110182159637,True
192951426,Look And See 3: Activity Book,Sách tiếng Anh,12,0.03333495869780852,15,0.10620360245104309,0.07286864375323457,True
192951368,New Close-up B1 With Online Practice And Student's EBook,Sách tiếng Anh,15,0.014916677791917653,15,0.014916677791917653,0.0,False
192173756,Pre A1 Starters 4 Authentic Practice Tests: Student's Book Without Answers With Audio - FAHASA Reprint Edition,Sách tiếng Anh,15,0.5644642577474234,15,0.5644642577474234,0.0,False
185226879,"Tiếng Anh 7 i-Learn Smart World trọn bộ (Sách học sinh, Sách bài tập, Vở ghi chép)",Sách tiếng Anh,5,0.46380813227336004,15,0.5606696148902806,0.09686148261692051,True
171592676,American English File 3rd Edition: Level 5: Workbook,Sách tiếng Anh,13,0.004168292031141848,13,0.004168292031141848,0.0,False
169603987,Learn With Ollie 2 Student's Book,Sách tiếng Anh,8,0.46946289282317843,10,0.5361794474711751,0.06671655464799664,True
168773530,i-Learn Smart Maths Grade 3 Student's Book Part 2 ( ENG-VN),Sách tiếng Anh,8,0.5009877893559587,8,0.5009877893559587,0.0,False
168712411,Targeting Mathematics Workbook 1B Part 2,Sách tiếng Anh,8,0.5679369895188977,8,0.5679369895188977,0.0,False
168712378,Targeting Mathematics Textbook 1A,Sách tiếng Anh,8,0.4018880375709037,15,0.4962075815199445,0.0943195439490408,True
168666483,My Phonics 3 Pupil's Book (Int) With Crossplatform Application,Sách tiếng Anh,8,0.0224849557285444,8,0.0224849557285444,0.0,False
163544480,Beyond A1+ Student's Book Pack,Sách tiếng Anh,8,0.07526927737672863,8,0.07526927737672863,0.0,False
106363107,Hooray Let's Play A2 Student's Book and Activities & Projects,Sách tiếng Anh,8,0.026462228455817128,8,0.026462228455817128,0.0,False
106363103,Learn With Ollie Activity Book 3,Sách tiếng Anh,8,0.706223955025557,8,0.706223955025557,0.0,False
106225662,Tiếng Anh 1 i-Learn Smart Start- Student's Book,Sách tiếng Anh,5,0.7455091708454725,5,0.7455091708454725,0.0,False
82387407,Solutions: Intermediate: Workbook - 3rd Edition,Sách tiếng Anh,13,0.46653465795316634,13,0.46653465795316634,0.0,False
36710962,Norwegian Wood,Sách tiếng Anh,7,0.6948263932786819,15,0.7810415133144168,0.08621512003573495,True
25201694,"Sách Practical English Usage (Fully revised and updated, 4th Edition) Book with Online Access (Internet Access Code) (Paperback)",Sách tiếng Anh,15,0.6834993987093472,15,0.6834993987093472,0.0,False
19888581,Sách The Selected Poetry & Prose of Shelley,Sách tiếng Anh,5,0.4456419728966114,15,0.5554663106786331,0.10982433778202166,True
7202909,Sách One Of Us Is Lying,Sách tiếng Anh,15,0.7460647747929212,15,0.7460647747929212,0.0,False
1697873,Sách Cambridge Young Learner English Test Starters 8: Student Book,Sách tiếng Anh,13,0.25223010228198994,13,0.25223010228198994,0.0,False
416400,Truyện đọc tiếng Anh - Aesop's Fables,Sách tiếng Anh,5,0.3714333860309158,15,0.5262718747122755,0.15483848868135974,True
416307,Sách Tiểu thuyết tiếng Anh - The Best Of Sherlock Holmes,Sách tiếng Anh,5,0.3714333860309158,15,0.5262718747122755,0.15483848868135974,True
279437201,Railway Children,Sách tiếng Anh,5,0.0032985199421086157,5,0.0032985199421086157,0.0,False
279155469,Sách ngoại văn: The Worst Witch - 50th Anniversary Edition,Sách tiếng Anh,12,0.0011432721339212039,12,0.0011432721339212039,0.0,False
279106446,Sách - Percy Jackson And The Olympians The Battle Of The Labyrinth by Rick Riordan,Sách tiếng Anh,0,0.0002669055702250723,0,0.0002669055702250723,0.0,False
279046456,Sách ngoại văn: イラストレーションファイル2025 下巻 - Illustration File 2025 Gekan,Sách tiếng Anh,5,0.000627712499100426,5,0.000627712499100426,0.0,False
279042651,Sách ngoại văn: Illustrator Expo,Sách tiếng Anh,5,0.000627712499100426,5,0.000627712499100426,0.0,False
279042371,Sách ngoại văn: 悪役のエンディングは死のみ 6 Akuyaku No Ending Wa Shi Nomi 6,Sách tiếng Anh,5,0.000627712499100426,5,0.000627712499100426,0.0,False
279026382,"Sách ngoại văn: Warm Hearts Day: A Branches Book (Owl Diaries #5), Volume 5",Sách tiếng Anh,3,0.262363103778375,10,0.4924246346312858,0.23006153085291076,True
279025922,Sách ngoại văn: Owl Diaries #10: Eva and Baby Mo,Sách tiếng Anh,3,0.262363103778375,10,0.4924246346312858,0.23006153085291076,True
278818801,Sách - Tao Te Ching by Lao Tzu - English Book/ Sách Tiếng Anh - Đạo Đức Kinh - Classics - Philosophy,Sách tiếng Anh,0,0.000957889557999971,15,0.10620360245104309,0.10524571289304312,True
278775593,Sách - Best of Kafka by Franz Kafka - Classics/Fiction book in English - Sách Ngoại Văn,Sách tiếng Anh,0,0.17932875046093966,20,0.38642261038099784,0.2070938599200582,True
278160422,"Sách - The Twits by Roald Dahl, Quentin Blake (Illustrator) - Sách thiếu nhi tiếng Anh nhập khẩu UK",Sách tiếng Anh,0,0.0012669055702250723,0,0.0012669055702250723,0.0,False
278058377,Sách ngoại văn: Kid's Box New Generation - Pupil's Book With Ebook 4,Sách tiếng Anh,12,0.0011432721339212039,12,0.0011432721339212039,0.0,False
277770904,Sách - The Marshmallow Test: Understanding Self-control and How To Master It by Walter Mischel - Psychology /Nonfiction /Self Help,Sách tiếng Anh,5,0.000627712499100426,5,0.000627712499100426,0.0,False
277500164,THE ADVENTURES OF TOM SAWYER,Sách tiếng Anh,5,0.006025792669381345,5,0.006025792669381345,0.0,False
277378373,PYGMALION,Sách tiếng Anh,5,0.006025792669381345,5,0.006025792669381345,0.0,False
276684919,Give Me Five! Level 1 Student's Book With Pupils Book And Navio App,Sách tiếng Anh,10,0.003643272133921204,10,0.003643272133921204,0.0,False
276558102,Sách ôn thi DELF trình độ B1 - DELF TOUT PUBLIC - NOUVEAU FORMAT D'EPREUVES (B1),Sách tiếng Anh,5,0.3200427248941108,15,0.5989542206093214,0.27891149571521057,True
274387478,Sách The P. K. Pinkerton Mysteries: The Case Of The Pistol-Packing Widows,Sách tiếng Anh,40,0.00880852191619932,40,0.00880852191619932,0.0,False
274384971,Sách The Celebrants,Sách tiếng Anh,55,0.1912238030410284,20,0.41210978399834886,0.22088598095732045,True
273313471,The 80/20 Principle: The Secret To Achieving More With Less (Expanded and Updated),Sách tiếng Anh,0,0.0002669055702250723,0,0.0002669055702250723,0.0,False
273308062,Minecraft: The Island: An Official Minecraft Novel,Sách tiếng Anh,0,0.021957889557999974,0,0.021957889557999974,0.0,False
273306194,Diary Of A Wimpy Kid #12: The Getaway (US Edition),Sách tiếng Anh,0,0.3048508203528144,10,0.5311794474711751,0.22632862711836066,True
273028112,Diary of a Wimpy Kid #18: No Brainer,Sách tiếng Anh,5,0.000627712499100426,5,0.000627712499100426,0.0,False
272896620,Tiếng Anh 3 i-Learn Smart Start Student's Cards (new),Sách tiếng Anh,15,0.030853995216845037,15,0.030853995216845037,0.0,False
271301307,Dog Man #6: Brawl Of The Wild,Sách tiếng Anh,0,0.0002669055702250723,0,0.0002669055702250723,0.0,False
267259860,How to Walk,Sách tiếng Anh,0,0.3033487195124783,15,0.5215327420225244,0.2181840225100461,True
260811341,Bài tập Bổ trợ Tiếng Anh 4 i-Learn Smart Start,Sách tiếng Anh,15,0.8113405926873696,15,0.8113405926873696,0.0,False
249876440,Boundaries,Sách tiếng Anh,5,0.000627712499100426,5,0.000627712499100426,0.0,False
213788704,Making Friends #3: Third Time's A Charm: A Graphic Novel,Sách tiếng Anh,5,0.001627712499100426,5,0.001627712499100426,0.0,False
191695154,How to Argue with a Cat : A Human's Guide to the Art of Persuasion by Jay Heinrichs,Sách tiếng Anh,5,0.000627712499100426,5,0.000627712499100426,0.0,False
170772544,Hooray Let's Play Level A Flashcards,Sách tiếng Anh,10,0.008668292031141849,10,0.008668292031141849,0.0,False
168774263,i-Learn Smart Maths Grade 3 Workbook Part 2 ( ENG-VN),Sách tiếng Anh,8,0.6465106995834974,8,0.6465106995834974,0.0,False
149963656,Disney Kids Readers Level 4 Pack Of 6,Sách tiếng Anh,8,0.4362406126058791,15,0.6834993987093472,0.24725878610346808,True
106225746,i-Learn Smart Science 4 Student Book,Sách tiếng Anh,8,0.02521222845581713,8,0.02521222845581713,0.0,False
101745034,Vibrant Vietnam,Sách tiếng Anh,0,0.0002669055702250723,0,0.0002669055702250723,0.0,False
22859233,Doodle Town 1 Math Skills Pad,Sách tiếng Anh,12,0.4767572288011976,12,0.4767572288011976,0.0,False
15134102,Sách Little Women,Sách tiếng Anh,10,0.4573938944326835,10,0.4573938944326835,0.0,False
14616447,Sách The Happiness Project Tenth Anniversary Edition (Export Edition),Sách tiếng Anh,5,0.4723058619240128,5,0.4723058619240128,0.0,False
2131699,Sách Solutions (3E) Intermediate Student's Book,Sách tiếng Anh,13,0.4613918489109636,13,0.4613918489109636,0.0,False
339739,Truyện thiếu nhi tiếng Anh - Diary Of A Wimpy Kid 04 : Dog Days (Paperback),Sách tiếng Anh,5,0.0009908276344163082,5,0.0009908276344163082,0.0,False
279375443,Sách - Overcoming Worry and Generalised Anxiety Disorder | Self Help / Psychology / Tâm lý học,Sách tiếng Anh,0,0.0002669055702250723,0,0.0002669055702250723,0.0,False
279103957,Sách - Botchan by Natsume Soseki - Penguin Japanese Classics,Sách tiếng Anh,0,0.0002669055702250723,0,0.0002669055702250723,0.0,False
279082230,Sách - The Book You Wish Your Parents Had Read by Philippa Perry - Parenting| Nonfiction| Psychology,Sách tiếng Anh,0,0.0002669055702250723,0,0.0002669055702250723,0.0,False
279073732,Sách - Rumi: Selected Poems | Poetry / Classics / Tuyển tập Thơ Kinh điển / Ngoại văn Nhập khẩu,Sách tiếng Anh,0,0.18856294732164258,20,0.4167484841070348,0.22818553678539222,True
279040411,Sách ngoại văn: Gridlinked,Sách tiếng Anh,13,0.004476605467254536,13,0.004476605467254536,0.0,False
279039021,Sách ngoại văn: The Monstrous Adventures Of Mummy Man And Waffles,Sách tiếng Anh,5,0.000627712499100426,5,0.000627712499100426,0.0,False
279036392,Sách ngoại văn: Children Of Blood And Bone,Sách tiếng Anh,5,0.000627712499100426,5,0.000627712499100426,0.0,False
279033936,Sách ngoại văn: Hildafolk Comics 2 - Hilda And The Midnight Giant,Sách tiếng Anh,8,0.018814148285536212,8,0.018814148285536212,0.0,False
279031495,Sách ngoại văn: The Magic Finger,Sách tiếng Anh,10,0.008668292031141849,10,0.008668292031141849,0.0,False
278812538,Sách - An Anthropologist on Mars by Oliver Sacks - Nonfiction/Science book in English - Ngoại Văn,Sách tiếng Anh,0,0.0002669055702250723,0,0.0002669055702250723,0.0,False
278794140,Sách - The Little Prince by Antoine de Saint-Exupery | English Children Classic - Ngoại văn Bìa cứng,Sách tiếng Anh,0,0.17932875046093966,20,0.38642261038099784,0.2070938599200582,True
278757705,Sách - Devils: A Novel by Fyodor Dostoevsky | Classics Fiction / Russian Literature,Sách tiếng Anh,0,0.0032655818656922788,0,0.0032655818656922788,0.0,False
278749908,Sách - Pebble In The Sky by Isaac Asimov/ Tiểu thuyết tiếng Anh/ Fiction/ English,Sách tiếng Anh,0,0.0002669055702250723,0,0.0002669055702250723,0.0,False
278724380,Sách - Peanuts Boxed Set: The Classic Peanuts Collection by Charles Schulz / Children English Books,Sách tiếng Anh,0,0.0002669055702250723,0,0.0002669055702250723,0.0,False
277741437,Combo truyện đọc Shakespeare Graded Readers - CEFR B2,Sách tiếng Anh,15,0.03533403723365176,15,0.03533403723365176,0.0,False
277588099,"Sách - Night by Elie Wiesel - Sách tiếng anh, Bìa mềm",Sách tiếng Anh,0,0.0002669055702250723,0,0.0002669055702250723,0.0,False
275484162,Four Thousand Weeks,Sách tiếng Anh,5,0.26163539024451765,10,0.3938540022702923,0.13221861202577467,True
274676683,All The Colors / De Colores: Bilingual Nursery Rhymes,Sách tiếng Anh,12,0.0033349586978085144,12,0.0033349586978085144,0.0,False
274675432,That's Not My Lemur…,Sách tiếng Anh,10,0.008668292031141849,10,0.008668292031141849,0.0,False
274143697,The Dark Forest,Sách tiếng Anh,0,0.17687460499965238,20,0.42577614216892423,0.24890153716927185,True
273317757,Diary Of A Wimpy Kid #4: Dogs Day (US Edition),Sách tiếng Anh,0,0.000957889557999971,0,0.000957889557999971,0.0,False
273302723,"Men Are From Mars, Women Are From Venus",Sách tiếng Anh,0,0.06766839627576346,20,0.12405066628931159,0.05638227001354813,True
271334443,Woman In White,Sách tiếng Anh,5,0.0009908276344163082,5,0.0009908276344163082,0.0,False
270073012,Hilo Book 3: The Great Big Boom,Sách tiếng Anh,0,0.0002669055702250723,0,0.0002669055702250723,0.0,False
263693943,Astronomy 101,Sách tiếng Anh,0,0.18325942272984727,20,0.4304551836966898,0.2471957609668425,True
263440365,Artbook - Sách Tiếng Anh - Lost Beauties : 50 Cars that Time Forgot,Sách tiếng Anh,0,0.0002669055702250723,0,0.0002669055702250723,0.0,False
263100996,Weird But True! Christmas: 300 Festive Facts To Light Up The Holidays,Sách tiếng Anh,5,0.0009908276344163082,15,0.056203602451043055,0.055212774816626745,True
191621080,Oxford Discover Futures: Level 3: Student Book,Sách tiếng Anh,10,0.41753917577684313,20,0.49312491215330584,0.07558573637646271,True
177659932,"Combo 6 truyện đọc ISS Readers 5: Charlie's Harmonica, Hollywood Here We Come!, The Perfect Jack O Lantern, Time for a Trim, Beauty and the Beast, Lost on the Coast",Sách tiếng Anh,15,0.48586301798076276,15,0.48586301798076276,0.0,False
171212993,Collins Easy Learning Preschool - Numbers Ages 3-5,Sách tiếng Anh,30,0.3234857598433283,5,0.711872807209109,0.38838704736578067,True
168667056,My Phonics 1 The Alphabet Activity Book (Int) With Crossplatform Application,Sách tiếng Anh,8,0.02521222845581713,8,0.02521222845581713,0.0,False
115869785,Tiếng Anh 2 i-Learn Smart Start - Student's Book (Sách học sinh),Sách tiếng Anh,5,0.7591216688804903,5,0.7591216688804903,0.0,False
56309581,100 Things That Go - 100 Từ Đầu Tiên Về Các Phương Tiện Giao Thông,Sách tiếng Anh,0,0.27185189937627013,10,0.4924246346312858,0.22057273525501564,True
25205233,Cambridge English Prepare! Level 1 Workbook With Audio - Reprint,Sách tiếng Anh,13,0.8171746826310933,13,0.8171746826310933,0.0,False
22985113,Seat Of The Soul,Sách tiếng Anh,5,0.32703539746038146,15,0.5853119725406715,0.25827657508029,True
15134103,Sách Moby Dick,Sách tiếng Anh,10,0.7506324866792022,10,0.7506324866792022,0.0,False
4605501,Sách First Friends 1: Activity Book,Sách tiếng Anh,13,0.7978251131987,13,0.7978251131987,0.0,False
526017,Sách A Tale Of Two Cities,Sách tiếng Anh,13,0.6614843324470209,13,0.6614843324470209,0.0,False
421250,Sách Wordsworth Editions: Heidi,Sách tiếng Anh,5,0.3714333860309158,15,0.5262718747122755,0.15483848868135974,True
416375,Sách Little Dorrit,Sách tiếng Anh,5,0.3714333860309158,15,0.5262718747122755,0.15483848868135974,True
279237202,Sách ngoại văn: Sách Giáo Trình Học Tiếng Anh Cấp 1 - Look Ame,Sách tiếng Anh,0,0.0012669055702250723,0,0.0012669055702250723,0.0,False
279143576,Thousand Cranes,Sách tiếng Anh,5,0.000627712499100426,5,0.000627712499100426,0.0,False
279046024,Sách ngoại văn: 仮面ライダーガッチャード特写写真集 - Kamen Raidaagacchaado Toku Utsushi Shashinshuu - Kamen Rider Gotchard Photobook: FRIENDSHIP (DETAIL OF HEROES),Sách tiếng Anh,13,0.01216891315956223,13,0.01216891315956223,0.0,False
279042029,Sách ngoại văn: I Will Find You,Sách tiếng Anh,13,0.005876605467254537,13,0.005876605467254537,0.0,False
279041521,Sách ngoại văn: The Voyage Of The Sable Keech,Sách tiếng Anh,5,0.000627712499100426,5,0.000627712499100426,0.0,False
279026820,Sách ngoại văn: Kaoru Hana Wa Rin To Saku 5 - The Fragrant Flower Blooms With Dignity 5 (Japanese Edition),Sách tiếng Anh,10,0.008668292031141849,10,0.008668292031141849,0.0,False
278777299,Meditations,Sách tiếng Anh,5,0.0009908276344163082,5,0.0009908276344163082,0.0,False
278775921,Sách - Women in Love by D.H. Lawrence - Classics/Fiction/Literature book in English - Ngoại Văn,Sách tiếng Anh,0,0.0012669055702250723,0,0.0012669055702250723,0.0,False
278755549,Sách - A Christmas Carol by Charles Dickens - Wordsworth Classics - English Book,Sách tiếng Anh,0,0.000957889557999971,0,0.000957889557999971,0.0,False
278574028,Sách ngoại văn: The Secret Of Secrets - A Novel,Sách tiếng Anh,15,0.019202392077631938,15,0.019202392077631938,0.0,False
277778981,Sách - Physics: A complete Introduction (Teach Yourself) by Jim Breithaupt - Sách ngoại văn,Sách tiếng Anh,5,0.000627712499100426,5,0.000627712499100426,0.0,False
276957727,These Violent Delights,Sách tiếng Anh,5,0.000627712499100426,5,0.000627712499100426,0.0,False
276477214,The Daily Laws,Sách tiếng Anh,12,0.0011432721339212039,12,0.0011432721339212039,0.0,False
274965035,Story Central Plus Level 2 Activity Book With Digital AB,Sách tiếng Anh,8,0.02017726342085209,8,0.02017726342085209,0.0,False
274677801,Kimi No Na Wa - Your Name (Kadokawa Tsubasa Bunko) (Japanese Edition),Sách tiếng Anh,5,0.000627712499100426,5,0.000627712499100426,0.0,False
274122393,Activity Book: Fabulous,Sách tiếng Anh,30,0.011237093344770748,30,0.011237093344770748,0.0,False
271542247,Blue Archive Comic Anthology 2 (Japanese Edition),Sách tiếng Anh,10,0.32762110583034315,15,0.3850616444742569,0.05744053864391374,True
271456358,Combo Tiếng anh 1 I-learn smart start Student's cards + notebook,Sách tiếng Anh,15,0.7964646936500397,15,0.7964646936500397,0.0,False
271350408,Lorna Doone,Sách tiếng Anh,5,0.007275792669381344,5,0.007275792669381344,0.0,False
270250655,Cambridge - Kid’s Box [Updated Second Edition,Sách tiếng Anh,0,0.3559573336660975,15,0.4910743138466268,0.1351169801805293,True
263569699,Life (Vietnam Edition) Third Edition (with Spark),Sách tiếng Anh,0,0.18010268562182163,20,0.43051973191251397,0.25041704629069234,True
263450636,Từ điển tiếng Anh: Oxford Paperback Dictionary & Thesaurus,Sách tiếng Anh,15,0.11749614318639495,15,0.11749614318639495,0.0,False
262872418,The Miracle Of Mindfulness: The Classic Guide to Meditation by the World's Most Revered Master,Sách tiếng Anh,0,0.0002669055702250723,0,0.0002669055702250723,0.0,False
252458238,My Dress-Up Darling TV Anime Official Fanbook (Japanese Edition),Sách tiếng Anh,5,0.000627712499100426,5,0.000627712499100426,0.0,False
194086836,"The Body Keeps The Score: Brain, Mind, And Body In The Healing Of Trauma",Sách tiếng Anh,15,0.3637966154592518,15,0.3637966154592518,0.0,False
191779168,"Look 6 (Look, American English)",Sách tiếng Anh,12,0.0011432721339212039,12,0.0011432721339212039,0.0,False
168712503,Career Paths Nursing (Esp) Student's Book With Digibook App.,Sách tiếng Anh,0,0.390807761016525,15,0.48076648640836467,0.08995872539183969,True
168712400,Targeting Mathematics Textbook 3A,Sách tiếng Anh,8,0.3410021531569683,15,0.48307431384662686,0.14207216068965856,True
115869800,Tiếng Anh 2 Extra and Friends - Activity book (Sách bài tập),Sách tiếng Anh,5,0.7591216688804903,5,0.7591216688804903,0.0,False
114436593,Expert IELTS 6: Student Resource + Key,Sách tiếng Anh,10,0.108076136625938,10,0.108076136625938,0.0,False
106363312,Achievers B1 Student's Book,Sách tiếng Anh,8,0.39731982730807514,15,0.491639371257116,0.09431954394904085,True
106225670,Tiếng Anh 1 i-Learn Smart Start – Workbook,Sách tiếng Anh,5,0.8542904932556694,5,0.8542904932556694,0.0,False
74238485,Từ điển tiếng Anh - Pocket Oxford Dictionary and Thesaurus,Sách tiếng Anh,15,0.37385081289580213,15,0.37385081289580213,0.0,False
50076313,Sách tương tác tiếng Anh - Sách Usborne Lift-the-Flap: First Maths,Sách tiếng Anh,15,0.014916677791917653,15,0.014916677791917653,0.0,False
25204681,Emma,Sách tiếng Anh,12,0.7226679977688402,12,0.7226679977688402,0.0,False
15842345,Sách thiếu nhi tiếng Anh - Usborne 1000 Things To Eat,Sách tiếng Anh,15,0.3727337303785563,15,0.3727337303785563,0.0,False
7202941,Sách The Richest Man In Babylon,Sách tiếng Anh,0,0.34565180013931057,15,0.44863462436258333,0.10298282422327276,True
485308,Sách The Fault In Our Stars,Sách tiếng Anh,10,0.7510502831976771,10,0.7510502831976771,0.0,False
460613,Sách Chicken Soup For The Soul,Sách tiếng Anh,5,0.0009908276344163082,5,0.0009908276344163082,0.0,False
426702,Sách Five Children And It,Sách tiếng Anh,5,0.5828861686841864,15,0.6453102702904852,0.06242410160629874,True
279286185,Sách ngoại văn: Harry Potter,Sách tiếng Anh,10,0.003643272133921204,10,0.003643272133921204,0.0,False
279230706,Sách ngoại văn: Oxford Advanced Learner's Dictionary,Sách tiếng Anh,0,0.3002849419420188,15,0.6125348066899075,0.31224986474788863,True
279175653,Sách Killers of the Flower Moon (Movie Tie-in Edition): The Osage Murders and the Birth of the FBI,Sách tiếng Anh,0,0.0012669055702250723,0,0.0012669055702250723,0.0,False
279175624,Sách MCL: The Phantom Of The Opera,Sách tiếng Anh,0,0.0002669055702250723,0,0.0002669055702250723,0.0,False
279044190,Sách ngoại văn: The Visual Onoco作品集 Adventure - The Visual Onoco Sakuhinshu Adventure,Sách tiếng Anh,13,0.004476605467254536,13,0.004476605467254536,0.0,False
279041819,Sách ngoại văn: Why Is The Sky Blue? - With 200 Amazing Questions About Science,Sách tiếng Anh,5,0.000627712499100426,5,0.000627712499100426,0.0,False
279027311,Sách ngoại văn: PRESS START! #3: SUPER RABBIT RACERS!,Sách tiếng Anh,5,0.4167613437218647,10,0.5311794474711751,0.11441810374931038,True
278830968,Sách ngoại văn: The Intelligent Investor - The Definitive Book on Value Investing,Sách tiếng Anh,10,0.003643272133921204,10,0.003643272133921204,0.0,False
278192583,Sách - Babel: Or the Necessity of Violence: An Arcane History of the Oxford Translators’ Revolution - An Historic Fantasy of Dark Academia by R. F Kuang/Best Science Fiction & Fantasy,Sách tiếng Anh,0,0.0002669055702250723,0,0.0002669055702250723,0.0,False
278147465,Sách ngoại văn: The Anxious Generation (International Edition),Sách tiếng Anh,15,0.40458640814885166,15,0.40458640814885166,0.0,False
277427061,Từ điển tiếng Pháp - Petit Larousse Illustre 2025,Sách tiếng Anh,15,0.02574085361609348,15,0.02574085361609348,0.0,False
277375497,The Silent Patient,Sách tiếng Anh,0,0.1761053742304216,20,0.41210978399834886,0.23600440976792725,True
277175489,Tạp chí tiếng Anh - The World Ahead 2025 mới nhất - The Economist,Sách tiếng Anh,0,0.0002669055702250723,0,0.0002669055702250723,0.0,False
276672265,"Architecture Concept Book An Inspirational Guide To Cre, The",Sách tiếng Anh,0,0.0002669055702250723,0,0.0002669055702250723,0.0,False
274676132,Jojo No Kimyouna Bouken 62 - Jojo's Bizarre Adventure 62 (Japanese Edition),Sách tiếng Anh,6,0.0009908276344163082,6,0.0009908276344163082,0.0,False
274468103,B1 Preliminary for Schools five complete Practice Tests 1,Sách tiếng Anh,15,0.47273753752847647,15,0.47273753752847647,0.0,False
274419145,Mindset For IELTS Level 3 Student’s Book With Updated Digital Pack,Sách tiếng Anh,15,0.5890923463724471,15,0.5890923463724471,0.0,False
274142576,The Three-Body Problem,Sách tiếng Anh,0,0.17687460499965238,20,0.42577614216892423,0.24890153716927185,True
269894577,Cambridge - Vocabulary for Ielts (with Audio),Sách tiếng Anh,0,0.0002669055702250723,0,0.0002669055702250723,0.0,False
263500014,Great Writing (Code for Online Practice),Sách tiếng Anh,0,0.26188216416424104,15,0.5890923463724471,0.3272101822082061,True
263244402,The Art of Living,Sách tiếng Anh,0,0.0002669055702250723,0,0.0002669055702250723,0.0,False
209388013,Eclipse - TIẾNG ANH,Sách tiếng Anh,5,0.001627712499100426,5,0.001627712499100426,0.0,False
168712382,Targeting Mathematics Textbook 3B,Sách tiếng Anh,8,0.3410021531569683,15,0.48307431384662686,0.14207216068965856,True
102641895,One Hundred Years of Solitude,Sách tiếng Anh,5,0.000627712499100426,5,0.000627712499100426,0.0,False
92905655,Oxford Word Skills: Elementary: Student's Pack,Sách tiếng Anh,10,0.410660724959368,10,0.410660724959368,0.0,False
74239206,Từ điển tiếng Anh - Oxford Mini Dictionary and Thesaurus,Sách tiếng Anh,15,0.7970734439616136,15,0.7970734439616136,0.0,False
58839789,"Oxford Discover: Level 6: Student Book Pack, 2nd Edition",Sách tiếng Anh,15,0.014916677791917653,15,0.014916677791917653,0.0,False
58711366,English Phrasal Verbs In Use Advanced Book With Answers (Vocabulary in Use),Sách tiếng Anh,15,0.8373944116735383,15,0.8373944116735383,0.0,False
55284984,English Idioms in Use Intermediate Book With Answers (Vocabulary In Use),Sách tiếng Anh,12,0.5540158715609441,12,0.5540158715609441,0.0,False
50076343,Sách tương tác tiếng Anh - Sách Usborne Lift-the-Flap Questions and Answers: about Weather,Sách tiếng Anh,15,0.014916677791917653,15,0.014916677791917653,0.0,False
45093916,Sách East of Eden,Sách tiếng Anh,5,0.23062725252598482,20,0.41249439938296417,0.18186714685697936,True
32720778,Sách tiếng Anh - Principles: Life and Work,Sách tiếng Anh,7,0.7380333283669914,15,0.8335457603248869,0.0955124319578955,True
23437658,Sách Oxford Word Skills Intermediate Idioms and Phrasal Verbs,Sách tiếng Anh,15,0.444301906354627,15,0.444301906354627,0.0,False
7822767,Sách tiếng Anh - Money: Master The Game: 7 Simple Steps To Financial Freedom,Sách tiếng Anh,15,0.37385081289580213,15,0.37385081289580213,0.0,False
2208833,Sách tương tác tiếng Anh - Usborne First Maths Slide and See Taking away in the garden,Sách tiếng Anh,15,0.4160106645965038,15,0.4160106645965038,0.0,False
923806,Sách Harry Potter - The Tales Of Beedle The Bard - Harry Potter Những chuyện kể của Beedle Người Hát Rong (English Book),Sách tiếng Anh,15,0.3711710743337106,15,0.3711710743337106,0.0,False
880994,Sách Republic,Sách tiếng Anh,5,0.4456419728966114,15,0.5554663106786331,0.10982433778202166,True
714214,How To Stop Worrying And Start Living,Sách tiếng Anh,5,0.0435746518389714,20,0.09613983421917352,0.05256518238020212,True
548569,Sách Quiet - The Power Of Introverts In A World That Can't Stop Talking,Sách tiếng Anh,15,0.38820753020907545,15,0.38820753020907545,0.0,False
442305,Sách Sputnik Sweetheart (Paperback),Sách tiếng Anh,5,0.000627712499100426,5,0.000627712499100426,0.0,False
279064876,Sách - The Ambassadors by Henry James | Everyman’s Library / Classics / Ngoại văn Bìa cứng,Sách tiếng Anh,0,0.0002669055702250723,0,0.0002669055702250723,0.0,False
279064818,Sách - The Woman in White by Wilkie Collins | Everyman’s Library / Classics / Ngoại văn Bìa cứng,Sách tiếng Anh,0,0.0002669055702250723,0,0.0002669055702250723,0.0,False
279046148,Sách ngoại văn: バガボンド画集 墨 - Vagabond Gashuu Sumi - Sumi: Vagabond Illustration,Sách tiếng Anh,3,0.00429984364664141,3,0.00429984364664141,0.0,False
279044944,Sách ngoại văn: ポムポムプリン - Pom Pom Pudding 2,Sách tiếng Anh,5,0.000627712499100426,5,0.000627712499100426,0.0,False
279041927,Sách ngoại văn: The Daily Tao - Day By Day,Sách tiếng Anh,10,0.003643272133921204,10,0.003643272133921204,0.0,False
279444186,OpenClaw : Ứng Dụng AI Tự Động Hóa Trong Công Việc,Kinh tế,37,0.3787693515487466,5,0.5415612424718597,0.16279189092311308,True
278893208,Xây Dựng Câu Chuyện Thương Hiệu,Kinh tế,32,0.0023333333333333335,32,0.0023333333333333335,0.0,False
278724728,Sách Giải Mã Tâm Lý Hành Vi Về Tiền,Kinh tế,32,0.3265419969868003,5,0.5233794242900415,0.19683742730324116,True
278035545,Sách Tư Duy Đầu Tư - Tiền Đẻ Ra Tiền,Kinh tế,32,0.29818010969600484,0,0.47257033033915546,0.17439022064315063,True
277938216,Sách Sống cuộc đời giàu có nhất của bạn (Robin Sharma),Kinh tế,21,0.27286774518333484,21,0.27286774518333484,0.0,False
277809376,Sách Tư duy dã tràng - Tim trí giao tranh,Kinh tế,21,0.317985349121967,21,0.317985349121967,0.0,False
277499422,Sách 5 Bài Học Của Ben Hogan: Những Nguyên Tắc Cơ Bản Hiện Đại Của Golf,Kinh tế,35,0.24850785729444516,30,0.3559493279082347,0.10744147061378953,True
277165432,"Sách Hành Lang Hẹp - Nhà Nước, Xã Hội Và Vận Mệnh Của Tự Do",Kinh tế,20,0.2196356049893679,30,0.32058026096667275,0.10094465597730484,True
277045427,Sách The Daily Drucker: Kim Chỉ Nam Mỗi Ngày Về Quản Trị Kinh Doanh,Kinh tế,25,0.24735546086206803,30,0.30215920540427826,0.054803744542210237,True
276944781,Sách Công Cụ Của Những Người Khổng Lồ,Kinh tế,21,0.2333551772628783,30,0.32058026096667275,0.08722508370379445,True
276823777,Sách Tại sao các quốc gia thất bại,Kinh tế,21,0.2911403825003119,30,0.3534493279082347,0.06230894540792281,True
275406600,Sách Dẫn Dắt Một Bầy Sói Hay Chăn Một Đàn Cừu,Kinh tế,35,0.36527146167415947,25,0.49350240805899026,0.1282309463848308,True
275396866,Sách Tố Thư,Kinh tế,24,0.2288250446200136,30,0.32818610723337216,0.09936106261335856,True
275212810,Sách MBA CƠ BẢN - Khóa Học Quản Trị Kinh Doanh Cấp Tốc Cho Người Bận Rộn - Tom Gorman (bìa mềm),Kinh tế,27,0.25447053160410316,30,0.311325872070945,0.05685534046684182,True
275043092,Sách Đầu Tư Vào Vàng - Khoản Đầu Tư Tuyệt Đối An Toàn Thiết Yếu Cho Mỗi Danh Mục Đầu Tư (Jonathan Spall),Kinh tế,32,0.317513484412294,0,0.4583715044222616,0.1408580200099676,True
275034810,Sách Thánh Kinh Marketing,Kinh tế,26,0.2684306986161623,26,0.2684306986161623,0.0,False
273819808,Sách Tâm Lý Học Về Tiền,Kinh tế,37,0.4717967000692607,5,0.5522410743074897,0.08044437423822898,True
271118010,Sách Giao Tiếp Bất Bạo Động (Nonviolent Communication),Kinh tế,32,0.228154827582676,20,0.3991286186652583,0.1709737910825823,True
263500714,Sách Dạy Con Làm Giàu (Tập 2) - Sử Dụng Đồng Vốn,Kinh tế,21,0.39536719181091856,21,0.39536719181091856,0.0,False
245787187,Gã nghiện giày - Tự truyện của nhà sáng lập Nike,Kinh tế,22,0.4297427845897273,22,0.4297427845897273,0.0,False
242425015,Sách Không Bao Giờ Là Thất Bại! Tất Cả Là Thử Thách (Bìa Mềm),Kinh tế,30,0.5243204610383619,30,0.5243204610383619,0.0,False
214186191,Sách Những Kẻ Xuất Chúng (Tái Bản),Kinh tế,33,0.4685140456142895,25,0.5264458894263412,0.05793184381205169,True
200851515,"Sách Dọn đường tâm lý, thuyết phục chắc thắng",Kinh tế,21,0.317985349121967,21,0.317985349121967,0.0,False
194960744,Sách Đừng bao giờ đi ăn một mình,Kinh tế,21,0.39536719181091856,21,0.39536719181091856,0.0,False
186286187,Sách Nhà Lãnh Đạo Không Chức Danh,Kinh tế,22,0.4175569853260702,22,0.4175569853260702,0.0,False
90056907,Sách Khởi Nghiệp Tinh Gọn (The Lean Startup) (Tái Bản),Kinh tế,28,0.21084620472080284,20,0.3114850167322686,0.10063881201146574,True
87941401,Lối Tắt Khởi Nghiệp - Con Đường Ngắn Từ Tay Trắng Đến Thành Công Bền Vững,Kinh tế,50,0.47495205435036053,0,0.5799847839079177,0.10503272955755721,True
82996522,Sách Tư Bản Thế Kỷ 21,Kinh tế,24,0.48192074486469766,0,0.55653187144308,0.07461112657838237,True
82912488,Sách Từ Tốt Đến Vĩ Đại (Tái bản),Kinh tế,25,0.3954559509010716,25,0.3954559509010716,0.0,False
76013378,Sách Storytelling With Data - Kể Chuyện Thông Qua Dữ Liệu (Cuốn Cẩm Nang Hướng Dẫn Trực Quan Hóa Dữ Liệu),Kinh tế,31,0.3009617892162948,31,0.3009617892162948,0.0,False
75813201,Sách Không Đến Một (Tái Bản - Bìa Cam),Kinh tế,21,0.42219072927354895,21,0.42219072927354895,0.0,False
67991602,Sách Đừng Làm Việc Chăm Chỉ Hãy Làm Việc Thông Minh,Kinh tế,25,0.5070415149605563,25,0.5070415149605563,0.0,False
57325187,Sách Người Giàu Có Nhất Thành Babylon (Tái Bản 2020),Kinh tế,34,0.227047982907693,25,0.40369695440051956,0.17664897149282655,True
54266567,Sách Nghĩ Giàu Và Làm Giàu (Bìa Mềm),Kinh tế,31,0.2849876694143486,25,0.43414345868362736,0.14915578926927875,True
53532186,Tuyệt kỹ Giao dịch bằng đồ thị nến Nhật – Japanese Candlestick Charting Techniques,Kinh tế,0,0.710777927587815,0,0.710777927587815,0.0,False
37887031,Sách Hiểu Nghèo Thoát Nghèo (Tái Bản),Kinh tế,26,0.544013660036979,26,0.544013660036979,0.0,False
32219488,Sách Doanh Nghiệp Của Thế Kỷ 21 (Tái Bản 2019),Kinh tế,21,0.5469834275842479,21,0.5469834275842479,0.0,False
10866297,Sách Các Cuộc Chiến Tranh Tiền Tệ (Tái Bản),Kinh tế,30,0.5344475894535142,30,0.5344475894535142,0.0,False
7833728,Sách Dạy Con Làm Giàu (Tập 1) - Để Không Có Tiền Vẫn Tạo Ra Tiền - Cha Giàu Cha Nghèo (Tái Bản),Kinh tế,30,0.5304286523556405,30,0.5304286523556405,0.0,False
3102749,Sách Bất Động Sản Căn Bản (Tái Bản 2018),Kinh tế,29,0.5589078479059619,29,0.5589078479059619,0.0,False
279402053,Sách Greenland Sẽ Vào Tay Ai ?,Kinh tế,25,0.0,25,0.0,0.0,False
278814932,Flashcard Tư Duy Lãnh Đạo - Rèn Tư Duy Dẫn Dắt & Hành Động Hiệu Quả,Kinh tế,32,0.15687303365439717,20,0.30194751160243793,0.14507447794804076,True
278813649,Alphacards Rèn Luyện Tư Duy Khác Biệt - Tư Duy Phản Biện Thông Minh,Kinh tế,32,0.0023333333333333335,32,0.0023333333333333335,0.0,False
278192559,Sách Dịch Vụ Vượt Mong Đợi,Kinh tế,26,0.2617099118055678,26,0.2617099118055678,0.0,False
278014692,Sách Trại Huấn Luyện Scrum,Kinh tế,27,0.2621327701191264,20,0.3271019605278497,0.06496919040872329,True
277045403,Sách Cách Mạng Hóa Vận Hành Doanh Nghiệp,Kinh tế,28,0.21985371703659712,28,0.21985371703659712,0.0,False
276886135,Sách Quản Lý Nghiệp (Tái Bản),Kinh tế,35,0.25536580638463424,25,0.44981181881908533,0.1944460124344511,True
276564900,Combo 2 cuốn: Kỹ Năng Quản Lý Nhân Sự Chuyên Nghiệp + Nhân Sự Thực Chiến,Kinh tế,28,0.0,28,0.0,0.0,False
276497151,Sách Càng kiên định càng thành công: 12 phẩm chất rèn luyện tâm trí vững vàng để hoàn thành xuất sắc mọi việc,Kinh tế,25,0.24873134444227687,25,0.24873134444227687,0.0,False
275756751,Sách Kệ hàng trống: Đứt gãy chuỗi cung ứng trong nền kinh tế toàn cầu,Kinh tế,24,0.26727366748199105,24,0.26727366748199105,0.0,False
275702538,Sách Chat GPT Thực Chiến,Kinh tế,34,0.4844584174530492,34,0.4844584174530492,0.0,False
273744608,Sách Quản lý chuỗi cung ứng thực phẩm và logistics,Kinh tế,30,0.2294697696134493,20,0.29008574027761747,0.060615970664168156,True
273534078,Sách Quản Trị Bằng Văn Hóa,Kinh tế,30,0.4473162267809841,5,0.5371167980274153,0.0898005712464312,True
273316208,Sách Nguyên Lý 80/20 - Bí Quyết Làm Ít Được Nhiều (Tái Bản,Kinh tế,21,0.4959660389978188,21,0.4959660389978188,0.0,False
273273784,Sách Những Nguyên Tắc Để Giàu Có,Kinh tế,29,0.1722533760175304,0,0.277581882754886,0.10532850673735558,True
273114486,Sách Quản Lý Công Việc Hiệu Quả Theo Phương Pháp Horenso,Kinh tế,56,0.1257832711390615,25,0.40369695440051956,0.27791368326145804,True
270850449,Sách Mọi Chuyện Đều Là Sự An Bài Tốt Nhất,Kinh tế,30,0.25521004968648936,25,0.3967808750214762,0.14157082533498683,True
270529639,Sách Cơn lốc quản trị - Ba trụ cột của văn hóa doanh nghiệp,Kinh tế,26,0.4248489250147157,26,0.4248489250147157,0.0,False
269951247,Sách Lãnh đạo và quyền lực,Kinh tế,23,0.527098173437058,23,0.527098173437058,0.0,False
200938543,Sách Bán Khống (Tái bản 2022),Kinh tế,32,0.1743487156300792,20,0.3112308858858122,0.13688217025573302,True
197344438,"Sách Nghĩ Như Một Tỷ Phú - Mọi Thứ Bạn Cần Biết Về Thành Công, Bất Động Sản Và Cuộc Sống",Kinh tế,21,0.5127957589958543,0,0.5643119320408573,0.051516173045003,True
193895773,Sách Content Marketing Trong Kỷ Nguyên 4.0 ( Tái Bản),Kinh tế,30,0.321403963125767,0,0.4426438666858865,0.12123990356011949,True
178294073,Trading in The Zone - Thực Hành Kiểm Soát Cảm Xúc bằng Tâm Lý Học Hành Vi trong Đầu Tư và Giao Dịch (PHIÊN BẢN MỚI),Kinh tế,0,0.7229115871393336,0,0.7229115871393336,0.0,False
159050447,Sách Trí Tuệ Tài Chính - Dành Cho Nhà Quản Lý Không Chuyên Về Tài Chính (Tái bản),Kinh tế,29,0.3812532914543069,0,0.4590999451768027,0.07784665372249577,True
158762477,Sách PDCA - Tự Động Hóa Doanh Nghiệp Để Giải Phóng Lãnh Đạo Và Nhân Bản Doanh Nghiệp,Kinh tế,25,0.4070720478881812,25,0.4070720478881812,0.0,False
155463014,Sách Quốc Gia Khởi Nghiệp - Câu Chuyện Về Nền Kinh Tế Thần Kỳ Của Israel (Tái Bản),Kinh tế,30,0.5243204610383619,30,0.5243204610383619,0.0,False
136941173,Sách Giải Mã Hành Vi Disc: Bạn Thuộc Kiểu Lãnh Đạo Nào Trong 8 Nhóm Hành Vi?,Kinh tế,25,0.5174608618620999,25,0.5174608618620999,0.0,False
126474205,Làm giàu từ chứng khoán bằng phương pháp VSA chính gốc: Nghiên cứu chuyên sâu về cách giao dịch của Wyckoff,Kinh tế,0,0.710777927587815,0,0.710777927587815,0.0,False
79539095,Sách Hồi Ký Rich DeVos - Con Đường Tỷ Phú (Tái Bản),Kinh tế,26,0.2684306986161623,26,0.2684306986161623,0.0,False
72290296,Sách Bí Quyết Đầu Tư & Kinh Doanh Chứng Khoán Của Tỷ Phú Warren Buffett Và George Soros (Tái Bản),Kinh tế,27,0.258146255988407,27,0.258146255988407,0.0,False
70851271,Sách Nghề Thuyết Phục - Chuyện Đời - Chuyện Nghề Của Bậc Thầy PR,Kinh tế,30,0.4998966015001183,30,0.4998966015001183,0.0,False
53728878,Sách Tối Đa Hóa Hiệu Suất Công Việc – Việc 12 Tháng Làm Trong 12 Tuần,Kinh tế,25,0.4969872565438387,25,0.4969872565438387,0.0,False
52004412,Sách D. Trump - Nghệ Thuật Đàm Phán (Tái bản 2020),Kinh tế,27,0.5820802553461177,27,0.5820802553461177,0.0,False
48629551,Sách Khoa Học Khám Phá - Dữ Liệu Lớn (Tái Bản),Kinh tế,20,0.5224698348512807,20,0.5224698348512807,0.0,False
42686983,Sách Triệu Phú Bất Động Sản Tư Thân: Định Hướng Đầu Tư Mua Đâu Lãi Đó,Kinh tế,26,0.5229676902128577,26,0.5229676902128577,0.0,False
39523267,Sách Tiền Lương Chưa Bao Giờ Là Tất Cả,Kinh tế,29,0.23618872985317577,20,0.31531835006560194,0.07912962021242617,True
6770925,Sách Nhà Đầu Tư Thông Minh - Phương Pháp Đầu Tư Giá Trị,Kinh tế,27,0.43991255053912043,27,0.43991255053912043,0.0,False
3608623,Sách Bí Mật Của Phan Thiên Ân,Kinh tế,0,0.5643119320408573,0,0.5643119320408573,0.0,False
2473637,Sách Thịnh Vượng Tài Chính Tuổi 30 - Tập 2 (Tái Bản),Kinh tế,29,0.29039372796183055,35,0.3875625988308451,0.09716887086901455,True
1028661,Sách Tâm Lý Thị Trường Chứng Khoán (Tái Bản 2017),Kinh tế,27,0.5084748745808614,27,0.5084748745808614,0.0,False
278813662,Lập Kế Hoạch Tài Chính Gia Đình,Kinh tế,35,0.13327302435230837,20,0.27880796249983975,0.14553493814753138,True
278599451,Sách - Giải Mã Marketing Hiện Đại - Những Khám Phá Mới Nhất Về Khoa Học Marketing Bài Học Từ Các Thương Hiệu Thành Công Nhất Thế Giới,Kinh tế,27,0.25891993782994815,27,0.25891993782994815,0.0,False
278598564,Sách Quản Trị Hiệu Suất Cao - Bí Quyết Tối Ưu Năng Suất Mọi Đội Nhóm - Andrew S.Grove,Kinh tế,30,0.2196890925459529,20,0.3151481365740257,0.09545904402807279,True
278230651,Sách Khi Bạn Tắc Đường Thì Tôi Đang Chơi Golf (Tái Bản),Kinh tế,35,0.22604377259473618,25,0.4170970482469361,0.19105327565219993,True
278055553,Sách Khung Hoạch Định Chiến Lược,Kinh tế,33,0.33015879988102753,5,0.5373465884108369,0.2071877885298094,True
276642618,Sách Tuần Làm Việc 4 Giờ (Tái Bản),Kinh tế,28,0.5532966658756806,28,0.5532966658756806,0.0,False
275591569,Sách Chùm Nho Phẫn Nộ,Kinh tế,30,0.2895742858852302,30,0.2895742858852302,0.0,False
275243821,Sách 1 thắng 9 bại - Câu chuyện khởi nghiệp và gây dựng thương hiệu của ông chủ UNIQLO - tỷ phú giàu nhất Nhật Bản,Kinh tế,20,0.3564369814300175,20,0.3564369814300175,0.0,False
275105092,Sách Textbook - Quản Trị Nguồn Nhân Lực Thời Đại Mới,Kinh tế,29,0.25198032546285637,30,0.32696414095539017,0.0749838154925338,True
274799817,Sách Chiến Lược Chuyển Đổi Số,Kinh tế,28,0.479861415804796,5,0.5393465884108369,0.059485172606040915,True
274761752,Sách Cái Tôi Chưa Khai Phá,Kinh tế,32,0.2467197933722978,25,0.40369695440051956,0.15697716102822176,True
274758706,Tiền Làm Chủ Cuộc Chơi – Tony Robbins,Kinh tế,5,0.2999981058225154,5,0.2999981058225154,0.0,False
274668055,Sách Cuộc chiến vi mạch,Kinh tế,27,0.49317282551136893,0,0.5477818714430801,0.054609045931711175,True
274163660,Sách Thẻ Điểm Cân Bằng - The Balanced Scorecard,Kinh tế,33,0.13230579504490142,20,0.2631528600992904,0.13084706505438898,True
273904837,Tư Duy Nhanh Và Chậm,Kinh tế,15,0.236444153886592,30,0.3517209729298797,0.11527681904328768,True
272349551,Sách Cú hích - Phiên bản cuối cùng (Tái bản),Kinh tế,26,0.26832374123462666,26,0.26832374123462666,0.0,False
262977989,Kế Toán Vỉa Hè - Thực Hành Báo Cáo Tài Chính Căn Bản Từ Quầy Bán Nước Chanh,Kinh tế,10,0.26133678608097916,10,0.26133678608097916,0.0,False
216437675,Sách TIẾN TRÌNH THÀNH NHÂN (TÁI BẢN),Kinh tế,23,0.2647657901188951,23,0.2647657901188951,0.0,False
195801645,Sách Thực Học Của Inamori Kazuo: Quản Trị Và Kế Toán,Kinh tế,22,0.4271604203817055,22,0.4271604203817055,0.0,False
192125806,Sách Dạy con làm giàu - Tập 11 - Trường dạy kinh doanh cho những người thích giúp đỡ người khác (Tái Bản 2022),Kinh tế,25,0.4227445734481386,25,0.4227445734481386,0.0,False
164921979,Sách Câu Hỏi Là Câu Trả Lời (Tái Bản),Kinh tế,26,0.45652925763027413,26,0.45652925763027413,0.0,False
161426354,Sách Netflix - Phá Bỏ Nguyên Tắc Để Bứt Phá,Kinh tế,20,0.2578537029687379,20,0.2578537029687379,0.0,False
78975610,Sách Siêu Tập Trung (Tái Bản),Kinh tế,29,0.5933692374641168,29,0.5933692374641168,0.0,False
76014598,Sách Blue Ocean Strategy - Chiến Lược Đại Dương Xanh (Bìa Cứng) (Tái Bản),Kinh tế,30,0.28213863928585137,30,0.28213863928585137,0.0,False
74608741,Sách Bí Quyết Trở Thành Nhà Quản Lý Tài Ba,Kinh tế,26,0.2797422265099581,26,0.2797422265099581,0.0,False
59262880,Sách Người Bán Hàng Vĩ Đại Nhất Thế Giới (Tái Bản 2020),Kinh tế,26,0.5497303150782168,26,0.5497303150782168,0.0,False
40933969,Sách Một Đời Quản Trị (Tái Bản),Kinh tế,30,0.24532122378539042,30,0.24532122378539042,0.0,False
14684312,Sách Dấn Thân (Tái Bản),Kinh tế,21,0.42495223121571557,21,0.42495223121571557,0.0,False
14645351,Sách Cuộc Đời Của Pi,Kinh tế,24,0.38717845746854757,24,0.38717845746854757,0.0,False
12138656,Sách Nghệ Thuật Tư Duy Chiến Lược,Kinh tế,32,0.3265419969868003,5,0.5233794242900415,0.19683742730324116,True
7958959,Sách 5 Điểm Chết Trong Teamwork,Kinh tế,26,0.5609617426223117,26,0.5609617426223117,0.0,False
6512113,Sách Người Dám Cho Đi - Bán Được Nhiều Hơn,Kinh tế,30,0.5497755061648658,30,0.5497755061648658,0.0,False
3608625,Sách Payback Time - Ngày Đòi Nợ,Kinh tế,0,0.66830905684613,0,0.66830905684613,0.0,False
2316589,Sách Siêu Dự Báo,Kinh tế,32,0.10282479885137227,0,0.21748091973338649,0.11465612088201421,True
1750249,Sách Phân Tích Chứng Khoán,Kinh tế,35,0.30183803391366676,0,0.6793559562512843,0.37751792233761755,True
1576145,Sách Người Phụ Nữ Giàu - Kiểm Soát Đồng Tiền. Quản Lý Cuộc Đời!,Kinh tế,21,0.5300511519749793,21,0.5300511519749793,0.0,False
1362559,"Sách Cổ Phiếu Thường, Lợi Nhuận Phi Thường (Tái Bản)",Kinh tế,33,0.3384805052211041,5,0.4521887735394503,0.11370826831834618,True
1256319,Sách Phù Thủy Sàn Chứng Khoán,Kinh tế,24,0.530893929650524,24,0.530893929650524,0.0,False
760853,Sách CEO Lệch Chuẩn,Kinh tế,23,0.3893687956944615,23,0.3893687956944615,0.0,False
356317,Sách Tay Không Gây Dựng Cơ Đồ (Tái Bản),Kinh tế,26,0.42182772459264956,26,0.42182772459264956,0.0,False
279330578,Sách - Kinh Tế Học Đời Sống,Kinh tế,32,0.0,32,0.0,0.0,False
279082152,Sách Dốc Hết Trái Tim - Cách Starbucks Xây Dựng Công Ty Bằng Từng Tách Cà Phê,Kinh tế,20,0.5061901597698862,20,0.5061901597698862,0.0,False
278972919,Sách 99% thiên kiến,Kinh tế,21,0.09230495194936383,0,0.1668621936509805,0.07455724170161668,True
278727719,Giải Mã Tâm Lý Hành Vi Về Tiền,Kinh tế,28,0.23585740497179425,30,0.2895742858852302,0.05371688091343596,True
278724730,Sách Tự Do Tài Chính,Kinh tế,32,0.12400352211823339,0,0.2623335001213,0.13832997800306662,True
278459471,"Sách - Thuyết Phục ""Không Ép Buộc"" - Nghệ Thuật Ảnh Hưởng Mà Không Ai Nhận Ra",Kinh tế,12,0.19534671934426545,20,0.27880796249983975,0.0834612431555743,True
278192546,Sách 200 Bài Học Vỡ Lòng Chứng Khoán Cho Nhà Đầu Tư FO,Kinh tế,21,0.4457944268560325,5,0.533368934779552,0.08757450792351956,True
278098083,Sách Phù thuỷ giao dịch chứng khoán - Mark Minervini,Kinh tế,0,0.28730512185643353,0,0.28730512185643353,0.0,False
277816110,Sách Quản Trị Nhân Tài,Kinh tế,32,0.2128633096605245,30,0.30215920540427826,0.08929589574375377,True
277444127,Sách Tiền Đẻ Ra Tiền: Đầu Tư Tài Chính Thông Minh,Kinh tế,25,0.500220941941992,25,0.500220941941992,0.0,False
277400773,"Sách Bá chủ AI - Trí tuệ nhân tạo ChatGPT, và cuộc chạy đua thay đổi thế giới",Kinh tế,25,0.1689432656507298,0,0.26380785909565896,0.09486459344492915,True
277390093, TƯƠNG LAI CỦA TIỀN TỆ: Cuộc cách mạng kỹ thuật số đang biến đổi tiền tệ và tài chính như thế nào - Eswar S. Prasad – NXB Chính trị quốc gia sự thật,Kinh tế,4,0.24888762405808276,30,0.3279393478345525,0.07905172377646971,True
277361862,Sách Kỹ thuật đặt câu lệnh cho ChatGPT,Kinh tế,32,0.39264115839115815,0,0.5042314515156161,0.11159029312445795,True
275875006,Sách Tăng Tốc Bán Hàng Bằng SPIN,Kinh tế,32,0.23846816055449144,0,0.29674493474028246,0.058276774185791025,True
273708805,Sách Ứng dụng DISC để hiểu từng người xung quanh bạn trong gia đình,Kinh tế,30,0.09097247780772949,0,0.14701668037772034,0.05604420256999085,True
273708796,Sách Ứng dụng DISC để hiểu từng người xung quanh bạn trong công việc,Kinh tế,30,0.2294697696134493,20,0.29008574027761747,0.060615970664168156,True
272269829,Sách Kinh tế học thời khó nhọc,Kinh tế,20,0.2579405744895922,20,0.2579405744895922,0.0,False
270847918,Sách Lời Thú Tội Mới Của Một Sát Thủ Kinh Tế,Kinh tế,37,0.4265349753328674,25,0.5227272629838573,0.09619228765098992,True
216280937,Sách: Giao dịch chỉ số Chứng khoán thật là đơn giản - Nguyễn Ngọc Nghĩa,Kinh tế,0,0.31592025284762976,25,0.40708664634471675,0.091166393497087,True
207005202,"Sách The Simple Path To Wealth: Con đường đi đến sự giàu có - Bản đồ dẫn dắt bạn trên con đường tự chủ tài chính và cuộc sống tự do, thịnh vượng - Happy Live",Kinh tế,0,0.6396689308931077,0,0.6396689308931077,0.0,False
206840682,Sách Quyền Lực Của Địa Lý - The Power Of Geography,Kinh tế,30,0.3517209729298797,30,0.3517209729298797,0.0,False
205610621,Sách Năng đoạn kim cương (Tái bản),Kinh tế,28,0.21510080712012505,20,0.27263297071206755,0.05753216359194249,True
205010302,Sách Đọc vị bất kỳ ai - Để không bị lợi dụng (Tái bản),Kinh tế,25,0.4341143540808335,25,0.4341143540808335,0.0,False
192376848,Sách Berkshire Hathaway: Những bài học tuyệt vời từ Warren Buffett và Charlie Munger tại Đại hội cổ đông thường niên của Tập đoàn trong suốt 30 năm (Tái bản 2020),Kinh tế,40,0.4403450906424925,5,0.5162711873044729,0.07592609666198036,True
191781262,Sách Người dám cho đi,Kinh tế,25,0.42741000332372986,25,0.42741000332372986,0.0,False
187338036,Sách Chiến Tranh Tiền Tệ - Tập 4,Kinh tế,32,0.16309611433263696,20,0.27075797071206753,0.10766185637943057,True
170706974,Sách Lãnh Đạo Giỏi Hỏi Câu Hỏi Hay (Tái Bản),Kinh tế,29,0.24500035752686386,29,0.24500035752686386,0.0,False
153045601,Sách Vị Giám Đốc Một Phút (Tái Bản),Kinh tế,26,0.44263481621055456,26,0.44263481621055456,0.0,False
150838230,Sách Everybody Writes - Ai Rồi Cũng Viết (Cuốn Cẩm Nang Giúp Bạn Viết Content “Chất Như Nước Cất”),Kinh tế,31,0.25328609781080247,20,0.3212308858858123,0.06794478807500981,True
108715084,"Sách Rio Book No.1 - Xấu Thế Nào, Đẹp Ra Sao - Bí Kíp Thẩm Định Thiết Kế Trong Marketing (Tái Bản Lần 6)",Kinh tế,26,0.27655573723251275,26,0.27655573723251275,0.0,False
107803858,Thoát Bẫy Tâm Lý Giao Dịch Trong Chứng Khoán - Gồng Lời Không Gồng Lỗ,Kinh tế,35,0.3014024033211378,0,0.6675535688353229,0.3661511655141851,True
104074997,Sách Kỹ Năng Bán Hàng Tuyệt Đỉnh,Kinh tế,29,0.36233647199028135,29,0.36233647199028135,0.0,False
100947278,Sách Tứ Thư Lãnh Đạo - Thuật Dụng Ngôn (Tái Bản),Kinh tế,26,0.48887594841146487,26,0.48887594841146487,0.0,False
75953557,Tâm Lý Học Về Tiền,Kinh tế,28,0.4556018884384709,28,0.4556018884384709,0.0,False
74277054,Sách Người Bán Hàng Một Phút (Tái Bản),Kinh tế,26,0.4507282433126397,0,0.5017352163632144,0.05100697305057467,True
72615305,Sách Gia Tộc Morgan - Một Triều Đại Ngân Hàng Mỹ Và Sự Trỗi Dậy Của Nền Tài Chính Hiện Đại,Kinh tế,31,0.4254288059415838,0,0.7229115871393336,0.2974827811977498,True
71948009,Sách Truyền Thông Nội Bộ: Linh Hồn Của Doanh Nghiệp,Kinh tế,29,0.5984145749662754,29,0.5984145749662754,0.0,False
55302745,Sách Dòng Tiền Gắn Liền Lợi Nhuận,Kinh tế,32,0.4284331553381698,5,0.5394401045282811,0.11100694919011128,True
9695881,Sách Nghệ Thuật đầu tư Dhandho - The Dhandho Investor,Kinh tế,0,0.5767769745622189,0,0.5767769745622189,0.0,False
1000276,Sách Phát Triển Kỹ Năng Lãnh Đạo (Tái Bản),Kinh tế,32,0.416973983223983,5,0.5112473777806633,0.09427339455668032,True
279398439,Cách Tư Duy Về Thành Phố – Regan Koch & Alan Latham,Kinh tế,0,0.008603962703962704,0,0.008603962703962704,0.0,False
279300796,Sách Thomas Piketty và Michael Sandel bàn về bình đẳng,Kinh tế,22,0.519598173437058,22,0.519598173437058,0.0,False
279241683,"Sách - Sách Lược Sử Kinh Tế Học Lầy Lội - Khủng Hoảng Dạy Cho Ta Những Gì? - Tập 1,2 (Bộ/Lẻ 2 Cuốn)",Kinh tế,27,0.0,27,0.0,0.0,False
279169768,"Kế Toán Tài Chính Doanh Nghiệp ( thực hiện theo thông tư số 99/2025/TT-BTC, ngày 27/10/2025 của bộ tài chính)",Kinh tế,30,0.0,30,0.0,0.0,False
278979103,Hướng Dẫn Chế Độ Kế Toán Doanh Nghiệp (Theo Thông Tư 99/2025/TT-BTC) Có Ví Dụ Minh Họa,Kinh tế,19,0.536206428641567,0,0.699923226733114,0.16371679809154704,True
278816032,Lãnh Đạo Theo Mục Tiêu,Kinh tế,32,0.001,32,0.001,0.0,False
278035268,Sách Ứng Dụng AI Trong Công Việc,Kinh tế,32,0.10231468401667979,0,0.26578588107368095,0.16347119705700117,True
277926272,Sách The Little Book - Đầu Tư Theo Chiến Lược Phòng Thủ,Kinh tế,32,0.15687303365439717,20,0.30194751160243793,0.14507447794804076,True
277361266,Sách Nông sản Việt Nam và Thế giới,Kinh tế,24,0.1847143617312244,0,0.2545239055416991,0.06980954381047472,True
277228004,Sách Mã nguồn: Khởi đầu của tôi - Bill Gates,Kinh tế,30,0.23027132269751513,30,0.23027132269751513,0.0,False
276361235,Sách Chính Bắc (Discover Your True North) - Khám Phá Ra “Chiếc La Bàn Nội Tâm” Của Chính Mình Để Dẫn Dắt Bản Thân Nhằm Trở Thành Nhà Lãnh Đạo Đích Thực,Kinh tế,26,0.28151403341343584,26,0.28151403341343584,0.0,False
274807860,Combo 2 Cuốn Building A Second Brain - Thiết Lập Bộ Não Thứ 2 & The PARA Method - Phương Pháp Tổ Chức Thông Tin Trong Công Việc,Kinh tế,56,0.27671552610720324,0,0.45499354314981566,0.17827801704261242,True
274363154,"Sách Super Trader, Expanded Edition - Thiết lập dòng tiền bền vững trong các thời điểm đỉnh và đáy của thị trường - Happy Live",Kinh tế,0,0.259882307125098,30,0.31654743253864237,0.05666512541354435,True
274171942,Sách MBA Thực Chiến,Kinh tế,32,0.11697539678014877,0,0.25105446033776363,0.13407906355761484,True
273910316,Chính Sách Tiền Tệ Thế Kỷ 21,Kinh tế,29,0.31166367449329857,29,0.31166367449329857,0.0,False
272369236,Sách MBA Bằng Hình - The Usual MBA,Kinh tế,17,0.19293741809246742,20,0.25377301513805006,0.06083559704558264,True
272000024,Sách MBA bằng hình (Trọn gói hai năm kiến thức quản trị kinh doanh qua trực quan sinh động),Kinh tế,32,0.1558410174205611,20,0.2858142378782081,0.12997322045764698,True
253284241,Sách Bản đồ về dòng tiền: Hiểu và áp dụng sơ đồ kế toán trong doanh nghiệp và đời sống,Kinh tế,25,0.26987649005047165,25,0.26987649005047165,0.0,False
252858858,Sách Kỹ Năng Bán Hàng Bất Động Sản,Kinh tế,33,0.005607466063348416,33,0.005607466063348416,0.0,False
198415069,Sách Boxset Dạy Con Làm Giàu (Trọn Bộ 13 Tập) (Tái Bản 2022),Kinh tế,30,0.4637021044554176,30,0.4637021044554176,0.0,False
187578028,Bộ sách ươm mầm tỷ phú nhí Bizbooks,Kinh tế,30,0.32255585855819063,30,0.32255585855819063,0.0,False
184101365,Sách Thiết Kế Giải Pháp Giá Trị (Tái Bản 2022),Kinh tế,34,0.315835882504313,0,0.49253097856688055,0.17669509606256756,True
169546331,Sách Sức Mạnh Của Việc Đặt Câu Hỏi Đúng (Tái Bản),Kinh tế,35,0.5123378323979659,35,0.5123378323979659,0.0,False
153045603,Sách Người Giỏi Không Phải Là Người Làm Tất Cả (Tái Bản 2021),Kinh tế,26,0.44263481621055456,26,0.44263481621055456,0.0,False
121236564,PHÂN TÍCH MẪU HÌNH BIỂU ĐỒ - Những Bí Quyết Giúp Nhà Giao Dịch Siêu Hạng DAN ZANGER Biến 11 Nghìn Đô Thành 42 Triệu Đô Trong 23 Tháng,Kinh tế,0,0.7116725837565515,0,0.7116725837565515,0.0,False
77109209,Sách Nghệ Thuật Đánh Cắp Ý Tưởng (10 Bí Mật Không Ai Nói Với Bạn Về Sáng Tạo),Kinh tế,27,0.564953278994887,27,0.564953278994887,0.0,False
75636226,Phương pháp VPA - Kỹ thuật nhận diện Dòng Tiền Thông Minh bằng Hành Động Giá kết hợp Khối Lượng Giao Dịch,Kinh tế,0,0.6964592061869526,0,0.6964592061869526,0.0,False
57762732,Sách Nhà Đầu Tư Thông Minh (Tái Bản),Kinh tế,5,0.6024516861587859,5,0.6024516861587859,0.0,False
57598508,Sách Warren Buffett - 10 Thương Vụ Thâu Tóm Bạc Tỷ Của Huyền Thoại Đầu Tư Chứng Khoán,Kinh tế,56,0.4008350494161567,0,0.5540791169851905,0.1532440675690338,True
53452969,Khởi Nghiệp Du Kích - Kinh Doanh Ít Vốn - Vận Dụng Nguồn Lực Nhỏ Chiến Thắng Cuộc Chơi Lớn (Tái Bản),Kinh tế,23,0.528042827464654,23,0.528042827464654,0.0,False
48629547,Sách Tiền Không Mua Được Gì (What money can't buy?) - Michael Sandel Tác giả Phải Trái Đúng Sai,Kinh tế,20,0.38972427391819253,20,0.38972427391819253,0.0,False
42742283,Sách Sử Dụng Trí Nhớ Của Bạn - Use Your Memory (Tái Bản),Kinh tế,20,0.25798659097310866,20,0.25798659097310866,0.0,False
38419977,Sách Thế Mới Là Marketing (This Is Marketing),Kinh tế,32,0.1516768949937122,0,0.2687513040793154,0.11707440908560321,True
27582931,Sách How Money Works - Hiểu Hết Về Tiền,Kinh tế,29,0.4702028384739147,29,0.4702028384739147,0.0,False
7718735,Sách Nhà Đầu Tư Thông Minh (Tái Bản),Kinh tế,5,0.6024516861587859,5,0.6024516861587859,0.0,False
4219547,Sách Người đàn ông đánh bại mọi thị trường - A man for all markets,Kinh tế,0,0.6852202028041705,0,0.6852202028041705,0.0,False
2796923,Sách Đọc Vị Bất Kỳ Ai - Áp Dụng Trong Doanh Nghiệp,Kinh tế,22,0.5518750823473882,22,0.5518750823473882,0.0,False
1938895,Sách Nghệ Thuật PR Bản Thân (Tái Bản 2018),Kinh tế,30,0.5435456917681584,30,0.5435456917681584,0.0,False
1085104,Sách Nghệ Thuật Đàm Phán Đỉnh Cao,Kinh tế,32,0.26266295856223915,0,0.31659470326770656,0.05393174470546741,True
967506,Sách Để Làm Nên Sự Nghiệp (Tái Bản),Kinh tế,35,0.4907456824577016,35,0.4907456824577016,0.0,False
279288070,Range - Sức Mạnh Của Tư Duy Đa Lĩnh Vực - David Epstein,Kinh tế,28,0.21510080712012505,20,0.27263297071206755,0.05753216359194249,True
279074131,"50 CUỐN SÁCH KINH ĐIỂN VỀ KINH DOANH - Những bài học về chiến lược, đổi mới và marketing hiệu quả – Tom Butler-Bowdon – AlphaBooks",Kinh tế,32,0.0,32,0.0,0.0,False
279064848,Combo 5 tờ - Hệ Thống Tài Khoản Kế Toán ( Sửa đổi theo Thông tư số 99/2025/TT-BTC),Kinh tế,0,0.31439289897802547,25,0.41690600381705223,0.10251310483902676,True
278966782,Sách - Nhà Đầu Tư Thông Minh - The Intelligent Investor (Tái Bản 2025),Kinh tế,13,6.666666666666667e-05,13,6.666666666666667e-05,0.0,False
278781472,Quy Luật Của Tiền,Kinh tế,35,0.13775712782376143,20,0.3117845002103893,0.17402737238662785,True
278760620,Sách - Lược Sử Kinh Tế Học Lầy Lội - Khủng Hoảng Dạy Cho Ta Những Gì? - Tập 1,Kinh tế,27,0.0,27,0.0,0.0,False
278724617,Năng Đoạn Kim Cương (Sách Bỏ Túi),Kinh tế,29,0.32238584241293805,25,0.40708664634471675,0.0847008039317787,True
278711641,Sách Tài Chính Cá Nhân Căn Bản - Personal Finance 101,Kinh tế,35,0.36527146167415947,25,0.49350240805899026,0.1282309463848308,True
278462795,Sách Năng suất nhanh và chậm,Kinh tế,32,0.11681208786683987,0,0.2505428531949065,0.1337307653280666,True
278401982,"Sách Lựa Chọn, Thiết Kế Và Nuôi Sống Trải Nghiệm Khách Hàng",Kinh tế,29,0.2441887298531758,20,0.31531835006560194,0.07112962021242614,True
278098972,"Sách Nỗ Lực Từng Chút, Ngòi Bút Nở Hoa",Kinh tế,26,0.5192347863800827,26,0.5192347863800827,0.0,False
277977836,Sách - Đồng Tiền Vận Hành Ra Sao? - Bí Mật Tài Chính Dành Cho Lứa Tuổi Thanh Thiếu Niên,Kinh tế,27,0.00125,27,0.00125,0.0,False
277393740,Sách Bán Chạy Như Điên,Kinh tế,0,0.27726654752240015,0,0.27726654752240015,0.0,False
277228776,Sách Tinh Hoa Quản Trị Của Drucker,Kinh tế,28,0.22212327652372704,30,0.30215920540427826,0.08003592888055122,True
276828229,Sách BERKSHIRE HATHAWAY: Những thương vụ đầu tư đắt giá từ Warren Buffett,Kinh tế,56,0.1069849872644826,20,0.3991286186652583,0.2921436314007757,True
275909699,Sách Bắt Đầu Với Câu Hỏi Tại Sao - Nghệ Thuật Truyền Cảm Hứng Trong Kinh Doanh,Kinh tế,26,0.5451291053037673,26,0.5451291053037673,0.0,False
275548745,Sách OKR - Phương Pháp Quản Lý Nhân Sự Theo Mục Tiêu,Kinh tế,29,0.0003816793893129771,29,0.0003816793893129771,0.0,False
275332768,Sách Dầu Và Máu,Kinh tế,30,0.3000235612475491,30,0.3000235612475491,0.0,False
273397155,Sách Agile Marketing,Kinh tế,58,0.031809523809523815,58,0.031809523809523815,0.0,False
273202452,Sách Quản trị Inamori: Mỗi nhân viên đều đóng vai trò chính,Kinh tế,21,0.42219072927354895,21,0.42219072927354895,0.0,False
263066292,Chat GPT - Ứng Dụng Trí Tuệ Nhân Tạo Trong Công Việc,Kinh tế,28,0.07494482315090821,0,0.13009364615997807,0.055148823009069856,True
255395241,Sách Alexander đại đế,Kinh tế,32,0.37609612392596486,25,0.530893929650524,0.1547978057245591,True
252714162,Lý Thuyết Dow - Khoa Học Đầu Cơ Chứng Khoán: Bí Quyết Phân Tích Hành Vi Thị Trường Của Cha Đẻ Chỉ Số Dow Jones (Tái Bản 2023),Kinh tế,13,0.31667653789948585,25,0.43566797053046363,0.11899143263097778,True
214928785,Sách Đầu Tư Thông Minh,Kinh tế,26,0.5531442383840571,26,0.5531442383840571,0.0,False
208198125,"Sách Dầu Mỏ, Tiền Bạc Và Quyền Lực (BC)",Kinh tế,33,0.3233489815619414,0,0.6511742486028573,0.3278252670409159,True
204806201,Sách Chiến Tranh Tiền Tệ - Tập 5,Kinh tế,30,0.252078793961883,30,0.252078793961883,0.0,False
198197156,Sách Kiểm Soát Chi Phí Mua Hàng Và Quản Lí Nhà Cung Cấp,Kinh tế,31,0.20999053299415774,31,0.20999053299415774,0.0,False
196932306,Sách Bộ Lạc Doanh Nghiệp – Corporate Tribe - Những bài học nhân học áp dụng cho doanh nghiệp,Kinh tế,23,0.44669469248450966,5,0.5233794242900415,0.07668473180553181,True
187934204,Sách Nghệ Thuật Quản Lý Tài Chính Cá Nhân (Tái Bản 2022),Kinh tế,32,0.317513484412294,0,0.4583715044222616,0.1408580200099676,True
176906754,Sách Inspired - Kiến Tạo Sản Phẩm Công Nghệ Chiếm Trọn Trái Tim Người Dùng,Kinh tế,26,0.5010610141440991,26,0.5010610141440991,0.0,False
171549940,Sách Lãnh Đạo Giỏi Phải Biết Tạo Niềm Vui (Tái Bản),Kinh tế,35,0.2988132237001506,5,0.47959635470746226,0.18078313100731164,True
170490702,Sách Tư Duy Kế Toán Phải Có Trong Kinh Doanh,Kinh tế,26,0.5433009365508431,26,0.5433009365508431,0.0,False
62648441,Sách The Customer Rules - 39 Nguyên Tắc Cốt Lõi Để Mang Tới Dịch Vụ Đỉnh Cao,Kinh tế,30,0.515482435894365,30,0.515482435894365,0.0,False
60863030,"Sách Think And Grow Rich - 16 Nguyên Tắc Nghĩ Giàu, Làm Giàu Trong Thế Kỉ 21",Kinh tế,23,0.4961694902692673,23,0.4961694902692673,0.0,False
58696236,Sách Forex 100% – Học Cách Kiếm Tiền Trên Thị Trường,Kinh tế,32,0.2857353689439621,0,0.44811993518065324,0.16238456623669112,True
53545648,Sách Kế Toán Quản Trị,Kinh tế,26,0.5561561640665391,0,0.6792839708250794,0.12312780675854029,True
49204092,"Sách Tái Tạo Tổ Chức: Phá Vỡ Rào Cản, Thổi Bùng Sinh Khí (Tái Bản)",Kinh tế,23,0.5345652681930665,23,0.5345652681930665,0.0,False
16601446,"Sách Lãnh Đạo Chuyển Hóa (Transformational Leadership) - Bernard M. Bass, Ronald E. Riggio - PACE Books",Kinh tế,26,0.5302309082792264,26,0.5302309082792264,0.0,False
1208799,Sách Nguyên Lý Quản Trị Chuỗi Cung Ứng,Kinh tế,32,0.42474651939346936,5,0.5373111300544791,0.1125646106610097,True
1053642,Sách Sức Mạnh Của Việc Đặt Câu Hỏi Tại Sao,Kinh tế,28,0.5047345463741069,28,0.5047345463741069,0.0,False
279282096,"X10 - Kiến Tạo Hiện Thực Phụng Sự - Phạm Duy Hiếu, Đặng Hằng",Kinh tế,5,0.0005264367816091954,5,0.0005264367816091954,0.0,False
278864810,Sách - Dám Dẫn Dắt: Khai mở tiềm năng lãnh đạo trong môi trường ngân hàng (Bìa mềm),Kinh tế,0,0.005602194357366772,0,0.005602194357366772,0.0,False
278604892,Sách RIO Book - Bình An Tài Chính - Hành trình làm chủ cảm xúc và các quyết định về tiền,Kinh tế,20,0.01,20,0.01,0.0,False
278446333,Sách Ứng Dụng AI Trong Đầu Tư Tài Chính,Kinh tế,38,0.20579537987500257,0,0.2740001667879667,0.06820478691296411,True
278229660,Sách 12 Nguyên Tắc Quản Trị Kinh Doanh Của Inamori,Kinh tế,21,0.0003816793893129771,21,0.0003816793893129771,0.0,False
278004511,Sách Chiến Tranh Tiền Tệ - Phần 1 - Ai Thực Sự Là Người Giàu Nhất Thế Giới,Kinh tế,22,0.23851299622416547,22,0.23851299622416547,0.0,False
277589302,Sách - Kế Toán Vỉa Hè - Thực Hành Báo Cáo Tài Chính Căn Bản Từ Quầy Bán Nước Chanh - GIVER - NHBook,Kinh tế,20,0.2578537029687379,20,0.2578537029687379,0.0,False
275948798,Sách Nhà Quản Trị Hiệu Quả,Kinh tế,27,0.24506668642843502,27,0.24506668642843502,0.0,False
275332765,Sách Quản Trị Chiến Lược Thực Chiến,Kinh tế,35,0.29631992154041975,0,0.6675535688353229,0.37123364729490316,True
275106167,Sách Lãnh Đạo Bằng Câu Hỏi (Tái Bản),Kinh tế,29,0.27126792015712525,20,0.3645925265775549,0.09332460642042967,True
273135160,Sách Định Vị,Kinh tế,29,0.5589078479059619,29,0.5589078479059619,0.0,False
270242245,Món quà của sự không hoàn hảo,Kinh tế,0,0.29717536029317754,20,0.35233038731013366,0.055155027016956126,True
262695476,Sách Dạy Con Làm Giàu - Tập 3: Hướng Dẫn Đầu Tư,Kinh tế,22,0.23851299622416547,22,0.23851299622416547,0.0,False
262525573,Sách Chiến Lược Xây Dựng Thương Hiệu Và Quản Lý Sản Phẩm,Kinh tế,56,0.12045231266844204,25,0.42726250222898166,0.3068101895605396,True
254132213,Trung Quốc Thoát Khỏi Bẫy Nghèo Như Thế Nào,Kinh tế,25,0.283798855189888,30,0.3559493279082347,0.07215047271834668,True
243058309,"4 NGUYÊN TẮC THỰC THI (The 4 Disciplines of Execution) - Chris Mcchesney, Sean Covey, Jim Huling - Tái bản - (bìa cứng)",Kinh tế,10,0.0005264367816091954,10,0.0005264367816091954,0.0,False
206795253,Bộ sách giao dịch theo Wyckoff - Làm giàu từ chứng khoán bằng phương pháp VSA chính gốc - Happy Live,Kinh tế,0,0.72008345261834,0,0.72008345261834,0.0,False
201679854,Sách Kỹ Thuật Phân Tích Đầu Tư Chứng Khoán,Kinh tế,32,0.3734560556608967,25,0.5321716103032047,0.15871555464230802,True
192048665,Sách Vỡ lòng về tiền tệ - Money for Beginners,Kinh tế,29,0.5984145749662754,29,0.5984145749662754,0.0,False
178032058,Sách Thuật Lãnh Đạo Từ Vị Tu Sĩ Bán Chiếc Ferrari,Kinh tế,23,0.3823217138818174,23,0.3823217138818174,0.0,False
168962622,Sách Kiếm Tìm Sự Hoàn Hảo,Kinh tế,23,0.2358070974270275,30,0.3054570196119285,0.06964992218490101,True
152743069,Sách FPT Bí Lục - Khám Phá Văn Hoá Doanh Nghiệp Tại FPT,Kinh tế,27,0.5669461092721139,27,0.5669461092721139,0.0,False
140360874,Sách Những Đòn Tâm Lý Trong Bán Hàng (Tái Bản),Kinh tế,33,0.4811889950023223,33,0.4811889950023223,0.0,False
138226289,Sách Storytelling With Data: Let’S Practice! - Thực Hành Kể Chuyện Thông Qua Dữ Liệu!,Kinh tế,30,0.3520384438604776,30,0.3520384438604776,0.0,False
114579052,Sách 24 Bài Học Sống Còn Để Đầu Tư Thành Công Trên Thị Trường Chứng Khoán (Tái Bản),Kinh tế,33,0.18799841224993546,25,0.40765074890881936,0.2196523366588839,True
110112108,Sách Phương Pháp Đầu Tư Warren Buffett,Kinh tế,29,0.563951298433955,29,0.563951298433955,0.0,False
91625816,Sách Trên Đỉnh Phố Wall (Tái bản 2021),Kinh tế,29,0.5610500211194374,29,0.5610500211194374,0.0,False
88259908,Sách Damn Right! - Vén màn bí ẩn về tỷ phú Charlie Munger cánh tay phải của Warren Buffett - Happy Live,Kinh tế,0,0.32816465654766425,0,0.32816465654766425,0.0,False
77982972,Sách Những Mô Hình COACH Thành Công Nhất Hiện Nay,Kinh tế,29,0.5962071049095713,29,0.5962071049095713,0.0,False
75700739,Sách Barbarians At The Gate - Bọn Rợ Rình Trước Cổng,Kinh tế,30,0.3520384438604776,30,0.3520384438604776,0.0,False
73166878,Sách Tái Tạo Mô Hình Kinh Doanh Hiệu Quả,Kinh tế,33,0.18243430968583293,25,0.40708664634471675,0.22465233665888382,True
65443438,Sách KPI Thước Đo Mục Tiêu Trọng Yếu (Key Performance Indicators) - David Parmenter - PACE Books,Kinh tế,25,0.544103326500708,25,0.544103326500708,0.0,False
56207383,Sách Đồng Tiền Lên Ngôi: Lịch Sử Tài Chính Thế Giới,Kinh tế,26,0.4919031251820627,26,0.4919031251820627,0.0,False
56095762,Sách Chiến Lược Marketing Cho Thị Trường Công Nghệ,Kinh tế,32,0.2563346941023354,0,0.4353264063684261,0.17899171226609073,True
44976191,Sách Economix - Các Nền Kinh Tế Vận Hành (Và Không Vận Hành) Thế Nào Và Tại Sao?,Kinh tế,27,0.5385271548748194,27,0.5385271548748194,0.0,False
35474275,Sách Buổi Sáng Diệu Kỳ Dành Cho Người Bán Hàng,Kinh tế,30,0.26119567536469335,25,0.4170970482469361,0.15590137288224276,True
34454430,Sách Tăng Trưởng Thần Tốc,Kinh tế,26,0.5192347863800827,26,0.5192347863800827,0.0,False
33492447,Sách Mục Tiêu,Kinh tế,24,0.4601694377366185,24,0.4601694377366185,0.0,False
10192047,Sách Hình Ảnh Của Bạn Đáng Giá Triệu Đô ( Tái Bản 2019),Kinh tế,29,0.5971159437519444,29,0.5971159437519444,0.0,False
2542273,Sách Những Bố Già Châu Á (Tái Bản 2018),Kinh tế,32,0.29158925329492563,5,0.4521887735394503,0.16059952024452467,True
279302781,Sách - Đỉnh Cao Kiểm Soát - Quyền Lực Mỹ Trong Kỷ Nguyên Chiến Tranh Kinh Tế,Kinh tế,25,0.45962215635764964,0,0.5230232122455603,0.06340105588791062,True
279209351,R.I.C.H Mua Bán Doanh Nghiệp Nhỏ Sinh Lời - Chiến Lược Mua Lại Và Quản Lý Nhiều Doanh Nghiệp Nhỏ - Codie Sanchez - Alpha Books,Kinh tế,30,0.001,30,0.001,0.0,False
279143614,Sách Hiểu thuật ngữ kinh tế để nắm bắt biến động thời cuộc,Kinh tế,25,0.0,25,0.0,0.0,False
278893206,Bộ Sách 8 Cuốn Kinh Điển Của Peter Drucker - Tinh Hoa Quản Lý Hiện Đại,Kinh tế,29,0.023942307692307693,29,0.023942307692307693,0.0,False
278837736,Lý Thuyết Trò Chơi Tài Chính,Kinh tế,32,0.3640777763711604,5,0.554645166379101,0.1905673900079406,True
278711643,Sách Nguyên Tắc Giao Dịch Trong Ngày - Day Trading 101,Kinh tế,27,0.2447813955338345,27,0.2447813955338345,0.0,False
278631534,Tư Duy Có Tổ Chức - Phương Pháp Hiệu Quả Trong Điều Hướng Dòng Chảy Thông Tin - Alpha Books,Kinh tế,30,0.4331197982095556,5,0.5371167980274153,0.1039969998178597,True
278311293,Sách Vén Khéo - Bí Quyết Tự Do Tài Chính Trước 30,Kinh tế,31,0.48212961589233466,0,0.5540791169851905,0.07194950109285586,True
278118321,"Sách Tại Sao Các Đế Quốc Sụp Đổ - La Mã, Hoa Kỳ Và Tương Lai Của Phương Tây",Kinh tế,28,0.16926897351120068,0,0.2524830317663351,0.0832140582551344,True
278055600,Sách 13 Bài Giảng Của Giáo Tiến Về Quản Trị Và Lãnh Đạo,Kinh tế,33,0.31252321406653355,5,0.4815963547074623,0.16907314064092877,True
277891027,Sách - Khoá Học Cấp Tốc Về Tư Bản Và Tiền Bạc - Bài Học Từ Thành Phố Đắt Đỏ Nhất Thế Giới,Kinh tế,31,0.3895288178357124,25,0.516730140175769,0.1272013223400566,True
277505034,Sách Giao Dịch Sự Bất Định,Kinh tế,22,0.446549975016127,0,0.5639043614590421,0.11735438644291513,True
276938807,Trò Chơi Tâm Lý Tiền Bạc,Kinh tế,50,0.08856870366285825,20,0.2924568887370012,0.20388818507414297,True
276849804,KEYNES - Tư Tưởng Kinh Tế Hữu Ích Cho Nền Kinh Tế Thế Giới Ngày Nay - Peter Temin & David Vines - Linh Dương dịch - Lyceum,Kinh tế,0,0.2637068111836232,0,0.2637068111836232,0.0,False
276436427,Combo Tâm Lý Học Về Tiền + Same As Ever,Kinh tế,41,0.32183874950585545,0,0.6597470979298069,0.33790834842395145,True
276344688,Sách Tham vọng vĩ đại: 6 nguyên tắc điều hướng tham vọng để có một cuộc sống tốt đẹp hơn,Kinh tế,26,0.2595481526932991,20,0.3117845002103893,0.052236347517090165,True
276233704,Sách Chú Chó Nhìn Thấy Gì,Kinh tế,35,0.07376724157196832,35,0.07376724157196832,0.0,False
276079793,Sách Sự Thật Trần Trụi Về Tiền,Kinh tế,35,0.3048320557452984,5,0.48914434210181845,0.18431228635652003,True
275407968,Chip War - Cuộc Chiến Vi Mạch - Bìa Cứng,Kinh tế,13,0.1305677491391342,0,0.2526164753542363,0.12204872621510213,True
274853710,Sách Lộ Trình Chuyển Đổi Số Doanh Nghiệp,Kinh tế,28,0.22212327652372704,30,0.30215920540427826,0.08003592888055122,True
274733053,Tham Vọng Vĩ Đại - 6 Nguyên Tắc Điều Hướng Tham Vọng Để Có Một Cuộc Sống Tốt Đẹp Hơn,Kinh tế,23,0.25510959144423073,23,0.25510959144423073,0.0,False
274630374,"Không Đọc Sách Này, Chụp Xấu Đừng Buồn",Kinh tế,30,0.5289802651432324,30,0.5289802651432324,0.0,False
274594256,Sách Để có một tương lai tài chính tươi sáng,Kinh tế,20,0.2591063484713834,20,0.2591063484713834,0.0,False
245787181,Sách Đam mê tìm kiếm khách hàng tiềm năng: Mở ra đối thoại và giành được thương vụ,Kinh tế,21,0.1660424184039394,0,0.2524830317663351,0.08644061336239567,True
207968695,Sách Chủ nghĩa Tư bản và Tự do – Capitalism and Freedom,Kinh tế,26,0.5726037868762406,26,0.5726037868762406,0.0,False
199544136,Sách Năng Lượng Của Tiền,Kinh tế,29,0.15966945486204825,0,0.27134143662923654,0.11167198176718829,True
193151000,"Sách Trend Following – Cách thức để kiếm được VẬN MAY LỚN và GIÀU CÓ trong các thị trường BÒ, GẤU và các sự kiện THIÊN NGA ĐEN - Happy Live",Kinh tế,0,0.6972977625888713,0,0.6972977625888713,0.0,False
189336449,Sách Xây Dựng Để Trường Tồn - Các Thói Quen Thành Công Của Những Tập Đoàn Vĩ Đại Và Hàng Đầu Thế Giới,Kinh tế,20,0.2729511508889605,20,0.2729511508889605,0.0,False
186329455,Sách Nhà Đầu Tư Lão Luyện Và Thị Trường Chứng Khoán Việt Nam,Kinh tế,26,0.07056706980253664,26,0.07056706980253664,0.0,False
179063975,Sách Điều Hành Nhà Hàng For Dummies,Kinh tế,35,0.32737863407604806,5,0.533368934779552,0.205990300703504,True
170708207,Sách Tài Chính Dành Cho Nhà Quản Lý,Kinh tế,31,0.48341304100775945,0,0.5461246013879906,0.06271156038023112,True
162361397,Nhật ký Giao dịch Thực chiến của Phù thủy Thị trường Tài chính,Kinh tế,0,0.6426217658495125,0,0.6426217658495125,0.0,False
77339644,Phân tích kỹ thuật trong thị trường tài chính,Kinh tế,15,0.4235956183688013,0,0.5853285963984842,0.16173297802968295,True
55119185,Sách Nghĩ Giàu và Làm Giàu (Bìa Cứng) (Tái Bản 2020),Kinh tế,34,0.520926532156586,34,0.520926532156586,0.0,False
46789754,Sách Hiểu Hết Về Kinh Doanh,Kinh tế,29,0.49732032952801547,0,0.6264680830878958,0.12914775355988034,True
46259908,Sách Fibonacci Trading,Kinh tế,0,0.6396689308931077,0,0.6396689308931077,0.0,False
42230604,Sách Cashvertising - Sáng Tạo Nội Dung Bán Bất Cứ Thứ Gì Cho Bất Kỳ Ai,Kinh tế,26,0.49432760786312435,26,0.49432760786312435,0.0,False
32543726,Sách Dạy Con Dùng Tiền (Tái Bản),Kinh tế,28,0.33544786618871464,25,0.4016622612649089,0.06621439507619425,True
22634335,Sách Kỹ Năng Quản Lý Nhân Sự Chuyên Nghiệp,Kinh tế,33,0.4994348507320809,33,0.4994348507320809,0.0,False
1826681,Sách Làm Giàu Qua Chứng Khoán,Kinh tế,20,0.1764737062172497,0,0.2505428531949065,0.07406914697765679,True
278398007,"Sách - Sống Đời Rủng Rỉnh Thong Dong - Quán Xuyến Chuyện Tiền Nong, Hướng Về An Tâm Tài Chính",Kinh tế,19,0.36631538774093636,0,0.47257033033915546,0.1062549425982191,True
278131404,Sách - Ứng Dụng AI Vào Doanh Nghiệp - Những Bài Giảng Của Giáo Tiến Về Nhân Tố Thay Đổi Cuộc Chơi Trong Kỉ Nguyên Mới,Kinh tế,15,0.16819786530510183,0,0.27143321418906685,0.10323534888396502,True
278055541,Sách AI Trong Lĩnh Vực Kinh Tế Và Tài Chính,Kinh tế,33,0.1461292085603471,0,0.37783880399427794,0.23170959543393083,True
277816006,Sách Mô Hình Kinh Doanh Chiến Thắng,Kinh tế,26,0.2585970809017634,26,0.2585970809017634,0.0,False
276509008,Sách Ra Quyết Định Dựa Trên Phân Tích Dữ Liệu,Kinh tế,34,0.42453950165424664,34,0.42453950165424664,0.0,False
276497185,Sách Chiến lược Turbo,Kinh tế,26,0.2770774262235109,20,0.33265305945488677,0.055575633231375876,True
276376962,Sách P.Kotler. Tiếp thị 6.0: Tương lai là toàn nhập,Kinh tế,22,0.3257817058249859,22,0.3257817058249859,0.0,False
276346703,Combo 4 cuốn: ChatGPT + ChatGPT thực chiến + AI 5.0 + AI Công cụ nâng cao hiệu suất,Kinh tế,36,0.3583802230113929,0,0.699923226733114,0.34154300372172114,True
276075295,Sách Mặt trăng và đồng sáu xu,Kinh tế,39,0.16381046059170692,25,0.3961625478733175,0.23235208728161058,True
275948805,Sách Quản Trị Dự Án,Kinh tế,29,0.5007781831174003,29,0.5007781831174003,0.0,False
275406591,Sách Content Storytelling – Xu Hướng Marketing Thu Hút Triệu View,Kinh tế,32,0.4069938391585924,5,0.5323908229026145,0.12539698374402214,True
274872645,Dek Biết Gì Cũng Tiến,Kinh tế,0,0.28730512185643353,0,0.28730512185643353,0.0,False
274361063,MBA Thực Chiến,Kinh tế,28,0.23023998762529846,20,0.2858142378782081,0.05557425025290963,True
273851341,Sách THỰC HÀNH ÁM THỊ VÀ TỰ KỶ ÁM THỊ - PHƯƠNG PHÁP ÁM THỊ ĐỂ THAY ĐỔI TÂM THỨC,Kinh tế,23,0.4164986383928316,23,0.4164986383928316,0.0,False
273383960,Sách NGHỀ NHÂN SỰ VIỆT - Góc nhìn từ bên trong: Hành trình phát triển cùng con người và tổ chức,Kinh tế,37,0.15065853897468673,20,0.31531835006560194,0.1646598110909152,True
272456762,Quản Trị Nguồn Nhân Lực,Kinh tế,30,0.13043988243946067,0,0.359386423041897,0.22894654060243633,True
272369171,Tư Duy Chiến Lược - Lý Thuyết Trò Chơi Thực Hành,Kinh tế,20,0.26921346615989644,20,0.26921346615989644,0.0,False
271495368,"Sách How Brands Grow - Con Đường Tăng Trưởng Thương Hiệu Phần 2 (Những Nghiên Cứu Từ Các Thị Trường Mới Nổi, Dịch Vụ, Hàng Tiêu Dùng Lâu Bền, B2B Và Nhãn Hàng Xa Xỉ)",Kinh tế,38,0.12229650439830853,20,0.2591063484713834,0.1368098440730749,True
263272708,Kinh doanh chuyên môn của chính mình - Kế hoạch cho sự nghiệp tự chủ và bền vững,Kinh tế,20,0.43581614860626217,5,0.5373465884108369,0.10153043980457477,True
262836779,Sách Kỹ thuật phân tích biểu đồ chứng khoán,Kinh tế,10,0.060855839087458376,0,0.15180003637086487,0.0909441972834065,True
252857464,Sách Đọc Vị Khách Hàng,Kinh tế,25,0.0003816793893129771,25,0.0003816793893129771,0.0,False
241899630,Sách Những Quy Tắc Trong Quản Lý,Kinh tế,30,0.26811724489048294,25,0.41946481953686027,0.15134757464637733,True
214160728,Sách 21 Nguyên Tắc Vàng Của Nghệ Thuật Lãnh Đạo,Kinh tế,32,0.1423116285053764,0,0.2522104625463394,0.10989883404096298,True
204806203,Sách Kẻ Tầm Xương,Kinh tế,30,0.23310201052820298,30,0.23310201052820298,0.0,False
203937562,Bí Quyết Đọc Sách 2.000 Từ/Phút,Kinh tế,0,0.348536359667675,0,0.348536359667675,0.0,False
191575510,Quản trị tài chính,Kinh tế,30,0.43767773529685966,0,0.6793490233807773,0.24167128808391763,True
181699596,Sách Jesse Livermore - Nhà Đầu Tư Chứng Khoán Vĩ Đại,Kinh tế,36,0.4247807418792995,5,0.5440115330997096,0.11923079122041014,True
170708223,Sách 17 Nguyên Tắc Vàng Trong Làm Việc Nhóm,Kinh tế,34,0.5223154549322847,0,0.5735774173063425,0.05126196237405778,True
168962696,Sách Ai Nói Voi Không Thể Khiêu Vũ,Kinh tế,32,0.16190949401847005,20,0.2752997947077134,0.11339030068924333,True
155463025,Sách Nghệ Thuật Bán Hàng Bậc Cao - Bí Quyết Chốt Deal Mọi Thời Đại (Khổ Lớn)(Tái Bản),Kinh tế,26,0.26832374123462666,26,0.26832374123462666,0.0,False
145288041,"Sách Thực Thi Xuất Sắc (The Execution Premium) - Robert S. Kaplan, David P. Norton - PACE Books",Kinh tế,25,0.5032395899606399,25,0.5032395899606399,0.0,False
76279862,Sách Kiếm Lời Từ Một Trật Tự Thế Giới Mới,Kinh tế,23,0.483547977522776,23,0.483547977522776,0.0,False
73854882,"Sách Titan-Gia Tộc Rockefeller - Thiên Anh Hùng Ca Về Một Gia Tộc Bí Ẩn, Một Đế Chế Lẫy Lừng Trong Ngành Dầu Mỏ (Bìa Đen)",Kinh tế,32,0.34832804144165996,0,0.7008717179556858,0.35254367651402585,True
73222800,Sách Nghĩ Giàu Và Làm Giàu (Khổ Nhỏ),Kinh tế,34,0.5311034251497296,34,0.5311034251497296,0.0,False
51244265,Sách Lược Sử Kinh Tế Học,Kinh tế,29,0.5910858123486922,29,0.5910858123486922,0.0,False
48873337,Sách Dẫn Dắt Sự Thay Đổi (Tái Bản),Kinh tế,29,0.5952165077923371,29,0.5952165077923371,0.0,False
39228816,Sách Kỹ Thuật Giao Dịch Để Kiếm Tiền Hàng Ngày Trên Thị Trường Chứng Khoán – Day Trade For A Living,Kinh tế,0,0.6785918851289583,0,0.6785918851289583,0.0,False
34935355,Sách Đầu Tư - Kế Hoạch 12 Tháng Đến Với Tự Do Tài Chính,Kinh tế,31,0.2533898190517213,0,0.4426438666858865,0.1892540476341652,True
9490657,Hệ thống giao dịch Ichimoku Charts - Ichimoku Kinko Clouds (Phiên bản sách năm 2018),Kinh tế,0,0.6764111524793595,0,0.6764111524793595,0.0,False
340631,Sách Bí Quyết Gây Dựng Cơ Nghiệp Bạc Tỷ,Kinh tế,5,0.25462248266054416,5,0.25462248266054416,0.0,False
279259599,Sách Đầu Tư Vàng Thực Chiến,Kinh tế,36,0.0023333333333333335,36,0.0023333333333333335,0.0,False
279257005,Tiền Mặt Là Vua (Cash Is King),Kinh tế,28,0.0,28,0.0,0.0,False
279018244,Hướng dẫn lập báo cáo IFRS và chuyển đổi báo cáo tài chính từ VAS sang IFRS,Kinh tế,0,0.00014242424242424243,0,0.00014242424242424243,0.0,False
278831324,"Sách - Bán Cả Thế Giới - Tiền Bạc, Quyền Lực Và Những Nhà Thương Mại Trao Tay Tài Nguyên Của Thế Giới",Kinh tế,15,0.22418879244041853,30,0.3559493279082347,0.13176053546781616,True
278724609,Sách Nước Cờ Lãnh Đạo,Kinh tế,28,0.00371501272264631,28,0.00371501272264631,0.0,False
278491445,Sách Kinh tế Việt Nam: Thăng trầm và đột phá,Kinh tế,18,0.20913879432627855,30,0.33519587584958244,0.1260570815233039,True
278310159,Sách Content AI,Kinh tế,32,0.3594446071452416,25,0.4969872565438387,0.13754264939859706,True
277992580,Sách Quản Trị Doanh Nghiệp Vừa Và Nhỏ,Kinh tế,32,0.048439987076866385,0,0.09959598694806546,0.05115599987119907,True
277348553,Sách Thao túng tâm lý khách hàng bằng tâm lý học,Kinh tế,25,0.24873134444227687,25,0.24873134444227687,0.0,False
277313227,Sách Tứ Thư Lãnh Đạo - Thuật Xử Thế,Kinh tế,26,0.4612454101227383,26,0.4612454101227383,0.0,False
277228095,Sách The AI Edge: Khai Thác Thế Mạnh AI Trong Sales & Marketing,Kinh tế,32,0.15744072028037578,20,0.26921346615989644,0.11177274587952066,True
277003404,Thiết Kế Và Bài Trí Cửa Hàng Bán Lẻ - Từ Ý Tưởng Đến Lợi Nhuận - Chỉ Một Bước Thiết Kế,Kinh tế,14,0.22744825825749054,30,0.2895742858852302,0.062126027627739666,True
275900270,Sách Cẩm Nang Tư Duy Đặt Câu Hỏi Bản Chất,Kinh tế,24,0.13307592054371253,35,0.23378365835674383,0.1007077378130313,True
275597738,"Sách Bậc Thầy Giao Dịch, Cứ Thích Là Bán",Kinh tế,30,0.17838580446225055,40,0.2693730716696559,0.09098726720740535,True
275588573,"Bộ sách Sói già phố Wall (combo 1,2,3 hoặc lẻ)",Kinh tế,35,0.13815047384141377,20,0.305146781438151,0.16699630759673723,True
274875194,Trò Chơi Quyền Lực Tại Nơi Làm Việc - Vanlangbooks,Kinh tế,35,0.22907411922930604,25,0.40369695440051956,0.17462283517121352,True
274807858,Sách Brain On! Rèn Luyện Tâm Trí Trong Công Việc,Kinh tế,56,0.12045231266844204,25,0.42726250222898166,0.3068101895605396,True
274770354,"Sách Thiết Kế Tổ Chức (Organizational Design) - Richard M. Burton, Brge Obel, Dorthe Djbak Hkonsson",Kinh tế,24,0.4380173685664157,24,0.4380173685664157,0.0,False
274173569,Sách CEO Xuất Chúng,Kinh tế,0,0.6426217658495125,0,0.6426217658495125,0.0,False
273135679,Sách Tài chính doanh nghiệp,Kinh tế,29,0.2486793745138552,30,0.30215920540427826,0.053479830890423075,True
273046888,Sách Lãnh đạo là ngôn ngữ - Leadership is language - Happy Live,Kinh tế,0,0.2877935989841511,0,0.2877935989841511,0.0,False
270442404,Sách Kỹ năng lập kế hoạch và quản lý tài chính cá nhân trong 30 ngày,Kinh tế,32,0.08618382361326934,0,0.1500936034546434,0.06390977984137405,True
253293502,Lãnh Đạo Tỉnh Thức - The Mindful Leader (Tái Bản 2023),Kinh tế,17,0.2742314473723614,20,0.3532096738516789,0.07897822647931751,True
241791153,Sách Bộ Công Cụ Tư Duy Thiết Kế,Kinh tế,35,0.20049157353674146,30,0.3034570196119285,0.10296544607518704,True
222607393,Bản Đồ Chiến Lược - Strategy Maps,Kinh tế,15,0.20569884589087828,30,0.311325872070945,0.1056270261800667,True
216226708,Sách Điều Gì Khiến Khách Hàng Chi Tiền,Kinh tế,34,0.19387580925470338,20,0.3532096738516789,0.15933386459697552,True
208917296,The goal - Mục tiêu - Quá trình liên tục hoàn thiện - Bản Quyền,Kinh tế,15,0.20569884589087828,30,0.3034570196119285,0.09775817372105022,True
201383195,"Peter Drucker - Tư Duy Đúng, Quản Lý Đúng",Kinh tế,50,0.13437355808968746,25,0.4341143540808335,0.299740795991146,True
195801682,Sách Bí Quyết Đầu Tư Thông Minh - 7 Sai Lầm Phổ Biến Của Các Nhà Đầu Tư (Và Cách Phòng Tránh),Kinh tế,27,0.5667747478884013,27,0.5667747478884013,0.0,False
181808979,Combo Sách Sức Mạnh Tiềm Thức + Bí Mật Tư Duy Triệu Phú + Người Giàu Có Nhất Thành Babylon (Bộ 3 Cuốn),Kinh tế,15,0.1953375446470399,30,0.3306666205618252,0.13532907591478532,True
176824195,"Sách Cách Quản Trị Của Amazon (Working Backwards: Insights, Stories, And Secrets From Inside Amazon)",Kinh tế,32,0.16309611433263696,20,0.27075797071206753,0.10766185637943057,True
167034122,"Sách Spotify Và Những Chuyện Chưa Kể - Hành Trình Đánh Bại Apple, Google Và Amazon Trong Cuộc Đua Âm Thanh Số Của Nhà Sáng Lập Daniel Ek",Kinh tế,30,0.4812443444643131,30,0.4812443444643131,0.0,False
131138719,Sách Những Ông Trùm Tư Bản Cuối Cùng Ở Thượng Hải - Hai Đế Chế Kinh Tế Do Thái Cạnh Tranh Giúp Tạo Nên Trung Quốc Hiện Tại,Kinh tế,47,0.1414353079950808,25,0.41946481953686027,0.27802951154177946,True
84870181,Sách Từ Tốt Đến Vĩ Đại (Tái Bản),Kinh tế,0,0.0006021943573667712,0,0.0006021943573667712,0.0,False
58499439,Sách Gam7 No.16 (Special 2020) - Marketing Thời Bình Thường Mới - Sẵn Sàng Chuyển Dịch Để Vươn Lên,Kinh tế,30,0.44065294955776824,5,0.5346817964157311,0.09402884685796287,True
44984248,Sách Triết Lý Lãnh Đạo Park Hang Seo,Kinh tế,40,0.4661032719320745,40,0.4661032719320745,0.0,False
37975723,Sách Cách Để Đạt 1 Triệu Follow Chỉ Trong 30 Ngày,Kinh tế,23,0.4961694902692673,23,0.4961694902692673,0.0,False
3083805,Sách Kinh Tế Thành Viên,Kinh tế,52,0.06075210997797553,0,0.12902208426598968,0.06826997428801415,True
1999163,Sách Tối Đa Hóa Năng Lực Bản Thân (Tái Bản),Kinh tế,35,0.37072927484741286,35,0.37072927484741286,0.0,False
1228399,"Lập, Đọc, Phân Tích Và Kiểm Tra Báo Cáo Tài Chính",Kinh tế,19,0.419527227662362,0,0.5042110984005147,0.0846838707381527,True
279399054,Combo 4 Sách Capcut - Facebook - Youtube - Video Giúp Đột Phá Doanh Số & Thương Hiệu Cá Nhân Bằng AI,Kinh tế,4,0.004066666666666666,4,0.004066666666666666,0.0,False
279258165,Sách Marketing Mỹ Phẩm,Kinh tế,31,0.275654751160459,31,0.275654751160459,0.0,False
279196722,Sách - R.I.C.H - Làm Giàu Từ Doanh Nghiệp Nhỏ,Kinh tế,17,0.0,17,0.0,0.0,False
279148227,THƯƠNG CHIẾN: KHỞI ĐẦU MỘT CỤC DIỆN BẤT ĐỊNH - Mỹ và Trung Quốc sẽ in hình trật tự thế giới mới? - TS. Phạm Sỹ Thành - TIMES,Kinh tế,4,0.004066666666666666,4,0.004066666666666666,0.0,False
279112554,Sách - Right to Win For Vietnamese Agriculture - AgriS And Betrimex’s Path To Success In The Global Supply Chain,Kinh tế,0,0.008603962703962704,0,0.008603962703962704,0.0,False
278192012,Những sự thật và ngụy biện trong Kinh tế học - Economic Facts and Fallacies - Thomas Sowell,Kinh tế,0,0.002642424242424242,0,0.002642424242424242,0.0,False
278025565,Sách Mối quan hệ 101 - Relationships 101,Kinh tế,24,0.004032473040106628,24,0.004032473040106628,0.0,False
277313364,Sách Tứ Thư Lãnh Đạo - Thuật Quản Trị,Kinh tế,23,0.42079655177922426,5,0.48964434210181834,0.06884779032259408,True
276852808,Công Cụ Của Những Người Khổng Lồ,Kinh tế,10,0.010066666666666666,10,0.010066666666666666,0.0,False
276642074,Sách Nhà Quản Lý Trao Quyền,Kinh tế,29,0.3496249873964438,25,0.40573142897018566,0.05610644157374184,True
276509013,Sách Những Điều Đáng Làm Tạo Ra Sản Phẩm Đáng Giá,Kinh tế,32,0.08480262741648537,0,0.21793330068576747,0.1331306732692821,True
275319759,Sách Nghệ Thuật Tâm Thức,Kinh tế,32,0.20268573776224363,25,0.38437703085953473,0.1816912930972911,True
274362892,Sách Biến Ý Tưởng Điên Rồ Thành Doanh Nghiệp Thành Công,Kinh tế,31,0.004032473040106628,31,0.004032473040106628,0.0,False
274049786,Sách Thần Thoại Celt,Kinh tế,30,0.23712489676223572,20,0.3112308858858122,0.0741059891235765,True
273609468,Toyota Thay Đổi Để Phát Triển,Kinh tế,50,0.14713886828582975,25,0.43414345868362736,0.2870045903977976,True
273273816,Sách Những Quy Tắc Trong Công Việc,Kinh tế,29,0.1722533760175304,0,0.277581882754886,0.10532850673735558,True
272447079,Sách Bẻ Khóa Bí Mật Triệu Phú (Tái Bản),Kinh tế,26,0.3967325750298902,26,0.3967325750298902,0.0,False
272362278,Sách Những Chân Lý Đơn Giản Về Lãnh Đạo,Kinh tế,27,0.3447154465924039,25,0.40573142897018566,0.061015982377781774,True
272000446,"Sách Dọn Dẹp Công Việc, Gọn Gàng Tâm Trí",Kinh tế,33,0.1441857738711884,33,0.1441857738711884,0.0,False
271972241,Sách Định Vị Phong Cách Bán Hàng: Bất Bại Trong Mọi Cuộc DEAL,Kinh tế,28,0.2947896820269298,25,0.40765074890881936,0.11286106688188957,True
271429056,Ngân Hàng Tốt Nhất Thế Giới - Robin Speculand,Kinh tế,0,0.29578393261957253,0,0.29578393261957253,0.0,False
271141512,Người Giàu Có Nhất Thành Babylon,Kinh tế,15,0.29600904180774035,25,0.4133153352198071,0.11730629341206678,True
270715754,Nuốt Cá Lớn,Kinh tế,0,0.008603962703962704,0,0.008603962703962704,0.0,False
270661946,Sách Trump 101: Con Đường Dẫn Đến Thành Công,Kinh tế,26,0.5143460839851591,26,0.5143460839851591,0.0,False
249178401,Nhân Chuỗi Cửa Hàng - 9 Bước Đóng Gói Và Xây Dựng Hệ Thống Chuỗi Tinh Gọn Theo Công Thức Cộng Trừ Nhân Chia,Kinh tế,19,0.222138975410857,19,0.222138975410857,0.0,False
248587347,Gã Nghiện Giày - Tự Truyện Của Nhà Sáng Lập Ni.ke (Tái Bản 2023),Kinh tế,10,0.0005264367816091954,10,0.0005264367816091954,0.0,False
241758808,Sách Lãnh Đạo Dung Hợp,Kinh tế,36,0.19359985771336072,20,0.3991286186652583,0.20552876095189757,True
201424625,Sách Dạy Con Làm Giàu - Tập 7 - Ai Đã Lấy Tiền Của Tôi (Tái Bản 2022),Kinh tế,26,0.2784065228570012,35,0.4028500663256591,0.12444354346865794,True
185889844,Sách Tại Sao Chúng Tôi Muốn Bạn Giàu,Kinh tế,25,0.4150416219246923,25,0.4150416219246923,0.0,False
171580984,33 Chiến Lược Của Chiến Tranh (Tái Bản 2021),Kinh tế,10,0.2562617709163748,10,0.2562617709163748,0.0,False
162399330,Netflix: Phá Bỏ Nguyên Tắc Để Bứt Phá - No Rules Rules: Netflix And The Culture Of Reinvention,Kinh tế,10,0.2526261633703564,10,0.2526261633703564,0.0,False
106208721,Sách 22 Quy Luật Bất Biến Trong Xây Dựng Thương Hiệu Và 11 Quy Luật Bất Biến Trong Xây Dựng Hiệu Trên Internet (Tái Bản),Kinh tế,29,0.2437104566081411,29,0.2437104566081411,0.0,False
77673512,Combo Cuộc Dịch Chuyển Đại Dương Xanh + Chiến Lược Đại Dương Xanh ( Bìa Cứng ) ( tái bản 2021 ),Kinh tế,15,0.19491121955307325,30,0.32152209339584703,0.12661087384277378,True
75601401,Sách Nghệ Thuật Bán Hàng Bằng Câu Chuyện,Kinh tế,27,0.26820466005217036,27,0.26820466005217036,0.0,False
74684484,Sách Marketing Vô Thức - Cơ Chế Khoa Học Đằng Sau Quyết Định Mua Hàng (Gồm 2 Phần),Kinh tế,26,0.31041233375031657,26,0.31041233375031657,0.0,False
60833223,Sách Forex 101,Kinh tế,32,0.1516768949937122,0,0.2687513040793154,0.11707440908560321,True
46723657,Sách Cẩm Nang Mở Nhà Hàng,Kinh tế,29,0.6086991684016347,29,0.6086991684016347,0.0,False
36085772,Sách Richard Branson : Người Đi Tìm Bão,Kinh tế,48,0.12375309931354316,0,0.21548598746450687,0.09173288815096371,True
32314551,"Không Đọc Sách Này, Chụp Xấu Đừng Buồn !",Kinh tế,15,0.0025893738445462583,15,0.0025893738445462583,0.0,False
23014769,Bộ 2 cuốn sách về Phù Thủy Chứng Khoán: Phù Thủy Sàn Chứng Khoán - Phù Thủy Sàn Chứng Khoán Thế Hệ Mới,Kinh tế,15,0.19491121955307325,30,0.32152209339584703,0.12661087384277378,True
279337177,Sách - Toán Học Của Thịnh Vượng - Phép Tính Đơn Giản Để Đạt Được An Toàn Tài Chính,Kinh tế,25,0.0,25,0.0,0.0,False
279262311,Thu Nhập Thụ Động,Kinh tế,5,0.27033446601545896,5,0.27033446601545896,0.0,False
279211996,Sách - Understanding Business - Quản Trị Kinh Doanh Hiện Đại - Textbook,Kinh tế,25,0.0,25,0.0,0.0,False
278919701,Sách - Tiền Lương Chưa Bao Giờ Là Tất Cả - Fred Kofman,Kinh tế,15,0.0025893738445462583,15,0.0025893738445462583,0.0,False
278906762,Sách - Thương Lượng Không Nhân Nhượng - Bí Quyết Giành Lợi Thế Trong Mọi Cuộc Đàm Phán - Getting To Yes (Tái Bản 2025),Kinh tế,17,0.0,17,0.0,0.0,False
279366196,Sách Plants Vs Zombies Trái Cây Đại Chiến Zombie – Hỏi Đáp Khoa Học,Truyện thiếu nhi,32,0.014402981753449045,35,0.07230867736502701,0.05790569561157796,True
279313607,Bộ Sách Tô Màu 6 Cuốn Họa Sĩ Nhí Vẽ Thế Giới,Truyện thiếu nhi,25,0.00028953637529778267,25,0.00028953637529778267,0.0,False
279269138,Sách - Quy Tắc Mehrabian,Truyện thiếu nhi,17,0.4179727167722642,25,0.5041924110419256,0.08621969426966136,True
279237463,Sách - Sách Lớp Học Mật Ngữ - Phiên Bản Mới - Tập 1-9 (Tái Bản 2025) - Tặng Kèm Quà Tặng Ngẫu Nhiên,Truyện thiếu nhi,0,0.0027909060175794454,0,0.0027909060175794454,0.0,False
278997061,Sách Tô Màu Phát Triển Trí Não Bộ Cho Bé 1-5 Tuổi - [Từ Tập 11 - Tập 20] - Chọn Tập Lẻ,Truyện thiếu nhi,34,0.24340923274427045,25,0.5101097234394861,0.2667004906952157,True
278963850,Kính Vạn Hoa Bộ Kỉ Niệm 30 Năm - Tặng Kèm 01 Sổ Tay Kính Vạn Hoa,Truyện thiếu nhi,25,0.34493416969321955,25,0.34493416969321955,0.0,False
278777861,Bộ Sách Quiz! Khoa Học Kì Thú [Chọn Tập Lẻ,Truyện thiếu nhi,26,0.4519223531768398,26,0.4519223531768398,0.0,False
278495084,Sách Kỹ Năng Phòng Tránh Bắt Nạt Và Bạo Lực Học Đường,Truyện thiếu nhi,27,0.3426501116725183,27,0.3426501116725183,0.0,False
278492655,Sách Kính Vạn Hoa - Bộ 9 Tập,Truyện thiếu nhi,28,0.4046958422821531,28,0.4046958422821531,0.0,False
278492587,Sách Kính Vạn Hoa - Bộ 18 Tập [ Phiên Bản Mới,Truyện thiếu nhi,28,0.4401846033710736,28,0.4401846033710736,0.0,False
278280386,Sách Chuyển Động Thông Minh Đa Ngữ Việt - Anh - Pháp (Giúp Trẻ Nhận Biết Thế Giới Xung Quanh Thật Trực Quan Và Sinh Động),Truyện thiếu nhi,27,0.4919013388974394,20,0.5522594278793389,0.06035808898189948,True
278242178,Tủ sách vui để học - Sách tô màu - Dòng sách cầm tay,Truyện thiếu nhi,30,0.007492725343192632,35,0.059773771094826615,0.05228104575163398,True
278159678,Truyện tranh tâm lý học đường - Bí quyết học tập bứt phá (Sách bản quyền),Truyện thiếu nhi,33,0.02435614520506451,33,0.02435614520506451,0.0,False
278159185,Sách Em học cách quản lí cảm xúc của mình,Truyện thiếu nhi,34,0.012102568716193902,34,0.012102568716193902,0.0,False
278159167,"Vui Đọc Truyện, Khéo Tay Tô - Truyện Cổ Tích Về Các Nàng Công Chúa",Truyện thiếu nhi,35,0.0019585373090045986,35,0.0019585373090045986,0.0,False
278138889,Sách Khoa Học Diệu Kì - Những Cây Cầu Và Đường Hầm - Nghệ Thuật Xây Dựng,Truyện thiếu nhi,23,0.00047135455711596447,23,0.00047135455711596447,0.0,False
278110636,Sách Kẻ Trộm Cà Chua,Truyện thiếu nhi,23,0.5157973340424004,23,0.5157973340424004,0.0,False
278070702,Sách Anh Em Bình Thường - Trận Chiến Đi Trước Một Bước,Truyện thiếu nhi,33,0.03768947853839784,33,0.03768947853839784,0.0,False
277923352,Sách Hỏi đáp nhanh trí,Truyện thiếu nhi,36,0.018198676255025893,36,0.018198676255025893,0.0,False
276833162,Sách Chuyện Con Mèo Dạy Hải Âu Bay,Truyện thiếu nhi,29,0.4942583065669015,29,0.4942583065669015,0.0,False
270837098,Quốc Kì Các Nước Trên Thế Giới - Sách Dán Hình Thông Minh Kèm Bản Đồ Thế Giới- Với Hơn 400 Lá Cờ Bóc Dán,Truyện thiếu nhi,30,0.4064826679342024,20,0.5353071707471843,0.12882450281298186,True
270234757,Sách Xứ Sở Miên Man,Truyện thiếu nhi,20,0.37760209587341914,20,0.37760209587341914,0.0,False
267208813,Sách Tuổi Thơ Dữ Dội - Tập 2,Truyện thiếu nhi,34,0.2966083499333912,20,0.4612526174545459,0.16464426752115469,True
263035841,Sách Vòng Quanh Thế Giới,Truyện thiếu nhi,24,0.6685644026120329,24,0.6685644026120329,0.0,False
262800037,Tác Giả Kinh Điển Nhật Bản_Truyện Hay Cho Tuổi Học Đường,Truyện thiếu nhi,5,0.07405655988309373,0,0.12772230244558572,0.053665742562491986,True
262590428,Sách Búp Sen Xanh,Truyện thiếu nhi,27,0.43524281672419995,27,0.43524281672419995,0.0,False
262590359,Sách Hoàng Tử Bé,Truyện thiếu nhi,23,0.39755812170045884,23,0.39755812170045884,0.0,False
249866918,Sách WHO? Chuyện kể về danh nhân thế giới: Lionel Messi (Tái Bản),Truyện thiếu nhi,25,0.46598491808342274,25,0.46598491808342274,0.0,False
197633149,Sách Chuyện Phiêu Lưu Của Mít Đặc Và Các Bạn (Tái Bản),Truyện thiếu nhi,25,0.3867616618607173,25,0.3867616618607173,0.0,False
190335975,Combo 2 cuốn Truyện Dành Cho Thiếu Nhi : Tuổi Thơ Dữ Dội - Tập 1 + 2 (Tái Bản),Truyện thiếu nhi,25,0.425033162164863,25,0.425033162164863,0.0,False
173481363,Sách Bách Khoa Tri Thức Cho Trẻ Em,Truyện thiếu nhi,28,0.382725176587693,28,0.382725176587693,0.0,False
168662171,Sách Vừa Nhắm Mắt Vừa Mở Cửa Số,Truyện thiếu nhi,21,0.48774397191238195,21,0.48774397191238195,0.0,False
92492870,Combo 6 Cuốn Ehon Nhật Bản : Ai Ở Sau Lưng Bạn Thế (Tái Bản),Truyện thiếu nhi,29,0.5180437145119622,29,0.5180437145119622,0.0,False
72667834,Sách Ehon - Combo 3 Cuốn Âm Thanh Quanh Bé - Dành Cho Trẻ Từ 0 - 6 Tuổi,Truyện thiếu nhi,29,0.5218202709316005,29,0.5218202709316005,0.0,False
16284286,Sách Tuổi Thơ Dữ Dội - Tập 1 (Tái Bản),Truyện thiếu nhi,29,0.5018303341752667,29,0.5018303341752667,0.0,False
15267827,Sách Hoàng Tử Bé (Tái Bản),Truyện thiếu nhi,28,0.4401846033710736,28,0.4401846033710736,0.0,False
10738198,Combo Danh Nhân Thế Giới (10 cuốn) - Tái Bản,Truyện thiếu nhi,25,0.5679686088354743,25,0.5679686088354743,0.0,False
10678954,"Sách Full bộ Ehon Nhật Bản cho bé 0-6 tuổi thông minh, sáng tạo",Truyện thiếu nhi,29,0.57190642438389,29,0.57190642438389,0.0,False
10581200,Sách Dế Mèn Phiêu Lưu Ký (Tái Bản),Truyện thiếu nhi,22,0.406962597662877,22,0.406962597662877,0.0,False
1215677,Sách Từ Những Hạt Mầm: Hột Điều Của Sóc,Truyện thiếu nhi,23,0.5138704097813942,23,0.5138704097813942,0.0,False
278698558,"Combo 3 Cuốn Pomath Toán Tư Duy Cho Trẻ Em 4 - 6 tuổi (Tập 4,5,6)",Truyện thiếu nhi,26,0.042126424976892264,26,0.042126424976892264,0.0,False
278679862,Sách Lift-The-Flap - Lật Mở Khám Phá - Những Kiến Thức Đầu Đời,Truyện thiếu nhi,21,0.010399426485187893,21,0.010399426485187893,0.0,False
278472224,Comic Kĩ Năng Sống - Dành Cho Trẻ Tiểu Học,Truyện thiếu nhi,24,0.003380445466206874,24,0.003380445466206874,0.0,False
278128750,Sách Tô màu khám phá,Truyện thiếu nhi,21,0.3829206408644313,21,0.3829206408644313,0.0,False
278089751,Sách Thần Dược Của Kay - Một Lịch Sử Bổ Ích Khủng Khiếp Về Cơ Thể Người,Truyện thiếu nhi,22,0.44841969147490235,22,0.44841969147490235,0.0,False
277809377,Sách Góc sân và khoảng trời- Trăng sáng sân nhà em,Truyện thiếu nhi,30,0.36523613012369877,20,0.4557480302985826,0.09051190017488381,True
277554493,Sách Học nhanh 600++ Từ Vựng Tiếng Anh Bằng Sơ Đồ Tư Duy,Truyện thiếu nhi,21,0.007304188389949797,21,0.007304188389949797,0.0,False
277505044,Sách Chuyện Của Ếch Xanh,Truyện thiếu nhi,35,0.008198676255025898,35,0.008198676255025898,0.0,False
275429511,Truyện tranh lớp học xả stress - Cánh cổng xuyên không gian,Truyện thiếu nhi,24,0.46009733300385236,24,0.46009733300385236,0.0,False
275300223,Sách Danh Nhân Khoa Học Việt Nam,Truyện thiếu nhi,23,0.00047135455711596447,23,0.00047135455711596447,0.0,False
275300116,Sách WHO? Chuyện Kể Về Danh Nhân Thế Giới,Truyện thiếu nhi,25,0.48336971866027867,25,0.48336971866027867,0.0,False
275243836,Bộ sách Thám tử Sherlock Nhí,Truyện thiếu nhi,18,0.29860389061505566,25,0.3499098439273438,0.051305953312288155,True
274952050,Chúc mừng năm mới - Sách tranh ehon Gấu con Kuma - Những chuyện nhỏ hàng ngày,Truyện thiếu nhi,30,0.26194240166454175,25,0.40604169489530506,0.14409929323076331,True
273745122,Sách Những Cuộc Phiêu Lưu Kì Thú,Truyện thiếu nhi,25,0.34196866745675564,25,0.34196866745675564,0.0,False
273464136,Sách Dạy Trẻ Quản Lý Và Tiêu Tiền Đúng Cách,Truyện thiếu nhi,27,0.0020739186596800668,27,0.0020739186596800668,0.0,False
273464121,Sách Lũ Trẻ Đường Tàu,Truyện thiếu nhi,29,0.5601983489522887,29,0.5601983489522887,0.0,False
271626236,Sách Từ Điển Hình Ảnh Cho Bé: Động Vật,Truyện thiếu nhi,27,0.39494984910686276,20,0.4971446744556291,0.10219482534876634,True
270660251,Sách Who? Chuyện Kể Về Danh Nhân Thế Giới - J. K. Rowling,Truyện thiếu nhi,21,0.4624717458692222,21,0.4624717458692222,0.0,False
270466779,Sách Chị Sáu Ở Côn Đảo,Truyện thiếu nhi,20,0.48293985310953125,20,0.48293985310953125,0.0,False
263697797,Sách Siêu Nhí Khám Phá Toán Tư Duy (Dành Cho Bé Từ 4-5 Tuổi),Truyện thiếu nhi,32,0.3888940353234305,20,0.44226566561168357,0.05337163028825309,True
253391262,Kính Vạn Hoa - Tập 4 (Tái Bản 2023),Truyện thiếu nhi,13,0.3112367761318411,25,0.42016446340891,0.10892768727706892,True
252575130,Sách Kế Thừa Cảm Xúc (Emtional Inheritance),Truyện thiếu nhi,32,0.25394583035228707,25,0.40940925552249074,0.15546342517020367,True
207755516,Sách Miền Hoang Dã - Bước Chân Hoang Dã,Truyện thiếu nhi,25,0.40604169489530506,25,0.40604169489530506,0.0,False
195623864,Truyện tranh tuổi thần tiên - Chú thỏ tinh khôn,Truyện thiếu nhi,23,0.5138704097813942,23,0.5138704097813942,0.0,False
184419756,Kay's Anatomy - Giải Phẫu Cơ Thể Người (Một Cuốn Sách Cực Ngầu Về Giải Phẫu Cơ Thể),Truyện thiếu nhi,14,0.3315495588336191,20,0.38845183278686846,0.05690227395324937,True
184095576,Sách 65 Bài Thơ Hay Dành Cho Thiếu Nhi,Truyện thiếu nhi,20,0.3597138430877805,20,0.3597138430877805,0.0,False
184080406,Sách Thế Giới MIYAZAKI - Một Cuộc Đời Nghệ Thuật,Truyện thiếu nhi,26,0.3790935204814776,26,0.3790935204814776,0.0,False
152464652,Sách 100 Bí Ẩn Đáng Kinh Ngạc Về Giải Cứu Trái Đất - 100 Things To Know About Saving The Planet,Truyện thiếu nhi,24,0.4561623400764146,24,0.4561623400764146,0.0,False
147920907,Combo Bộ 6 Cuốn: Thư Viện Song Ngữ Đầu Tiên Cho Bé (0-3 Tuổi),Truyện thiếu nhi,29,0.512545349863921,29,0.512545349863921,0.0,False
116835635,Sách Tớ Học Lập Trình - Làm Quen Với Python,Truyện thiếu nhi,27,0.42202053356622804,27,0.42202053356622804,0.0,False
87120315,Sách Yêu Thương Và Bảo Vệ Hành Tinh Xanh - Biến Đổi Khí Hậu,Truyện thiếu nhi,13,0.4573190130097074,25,0.5365731189857925,0.07925410597608512,True
31326664,Cơ Thể Của Tôi Hoạt Động Như Thế Nào - Da,Truyện thiếu nhi,29,0.44868445715141425,25,0.5184220405908704,0.06973758343945613,True
10920495,Sách Dế Mèn Phiêu Lưu Ký,Truyện thiếu nhi,24,0.44984250988338487,24,0.44984250988338487,0.0,False
10737029,Combo Thế Giới Xe Công Trình (6 Cuốn),Truyện thiếu nhi,25,0.5515681452754049,25,0.5515681452754049,0.0,False
8021467,"Combo 4 cuốn: Chuyện con mèo dạy hải âu bay, Chuyện con mèo con chuột và bạn thân của nó, Chuyện con ốc sên, Chuyện chú chó tên là trung thành",Truyện thiếu nhi,29,0.5180437145119622,29,0.5180437145119622,0.0,False
1215673,Sách Từ Những Hạt Mầm: Kiến Đen Tìm Mè,Truyện thiếu nhi,25,0.5253548214787019,25,0.5253548214787019,0.0,False
573018,Sách Bé Tập Kể Chuyện - Ba Cô Gái,Truyện thiếu nhi,20,0.5184407532920097,20,0.5184407532920097,0.0,False
572946,Sách Bé Tập Kể Chuyện - Bác Gấu Đen Và Hai Chú Thỏ,Truyện thiếu nhi,13,0.4573190130097074,25,0.5365731189857925,0.07925410597608512,True
542765,Sách Bé Học Lễ Giáo - Bubu Tập 4: Bubu Xả Rác (Tái Bản),Truyện thiếu nhi,13,0.4573190130097074,25,0.5365731189857925,0.07925410597608512,True
475377,Sách Bé Tập Kể Chuyện - Chú Thỏ Nhút Nhát,Truyện thiếu nhi,20,0.6983714214509011,20,0.6983714214509011,0.0,False
279251030,Sách - Truyện Tranh Dành Cho Trẻ Em - Định Luật Murphy,Truyện thiếu nhi,17,0.31343191184636654,20,0.4070073614377282,0.09357544959136166,True
279236278,"Sách - Búp Sen Xanh, Bông Sen Vàng",Truyện thiếu nhi,12,0.3015600925036765,20,0.4498088907631698,0.14824879825949333,True
278894171,Sách Truyện Tranh Lớp Học Xả Stress,Truyện thiếu nhi,26,0.0016252007109621186,26,0.0016252007109621186,0.0,False
278231055,Sách Lại chuyện xóm gà - Pitikok và,Truyện thiếu nhi,29,0.06960935335992423,29,0.06960935335992423,0.0,False
278229577,Bộ Sách Rèn Trí Thông Minh,Truyện thiếu nhi,33,0.017631157774194724,33,0.017631157774194724,0.0,False
278159616,Kỹ năng quản lý bản thân -(sách bản quyền),Truyện thiếu nhi,33,0.02768947853839784,33,0.02768947853839784,0.0,False
278159575,Sách Màu Xanh Nước Biển - Bé Tập Tô Màu,Truyện thiếu nhi,33,0.017631157774194724,33,0.017631157774194724,0.0,False
278159233,Sách Du Hành Vào Lịch Sử Thế Giới,Truyện thiếu nhi,26,0.004149676235437643,26,0.004149676235437643,0.0,False
278159097,Sách Totto-Chan Bên Cửa Sổ - Những Chuyện Tiếp Theo,Truyện thiếu nhi,29,0.5576868144320956,29,0.5576868144320956,0.0,False
278138839,Sách Trang điểm Công chúa Hàn Quốc Myra,Truyện thiếu nhi,24,0.003380445466206874,24,0.003380445466206874,0.0,False
278138561,Truyện Kể Bốn Mùa - Kỳ Nghỉ Hè Đáng Nhớ - Niềm Vui Quanh Ta,Truyện thiếu nhi,25,0.00047135455711596447,25,0.00047135455711596447,0.0,False
278025896,Sách Một Ngày Của Người Nguyên Thủy,Truyện thiếu nhi,25,0.4124493957571556,25,0.4124493957571556,0.0,False
277875592,Sách - Búp Sen Xanh - Bìa Cứng - Tặng Kèm Obi + Postcard Hành Trình Cứu Nước - Độc Quyền Fahasa,Truyện thiếu nhi,20,0.4635773954181485,20,0.4635773954181485,0.0,False
277483574,Sách Lá Cờ Thêu Sáu Chữ Vàng (Ngàn Năm Sử Việt - Nhà Trần),Truyện thiếu nhi,26,0.3518124909765736,26,0.3518124909765736,0.0,False
276376944,Bộ sách Khơi gợi trí tưởng tượng và sáng tạo - Cú mèo Ollie ngủ xuyên đêm - Khám phá góc nhìn mới về thiên nhiên,Truyện thiếu nhi,31,0.0011086094590767486,31,0.0011086094590767486,0.0,False
274682537,Bộ Sách Thưởng Thức Triết Học,Truyện thiếu nhi,24,0.4628066736795571,24,0.4628066736795571,0.0,False
273464127,Sách Khám Phá Toán Học Thú Vị Quanh Ta,Truyện thiếu nhi,22,0.008554188389949797,22,0.008554188389949797,0.0,False
272227226,Sách Mỗi Ngày 10 Phút Thì Thầm Với Con- Những Câu Chuyện Thai Giáo Hay Nhất Thế GiớI,Truyện thiếu nhi,29,0.13136014591719003,0,0.24302993653311294,0.11166979061592291,True
262662804,Văn học thiếu nhi - Tự truyện một con Heo,Truyện thiếu nhi,27,0.43152710126461985,27,0.43152710126461985,0.0,False
243006523,Sách Harry Potter Và Hội Phượng Hoàng - Tập 5,Truyện thiếu nhi,21,0.5962320322570949,21,0.5962320322570949,0.0,False
235728504,Sách Đến Thăm Thành Phố Của Em. Lý Sơn Kỳ Vĩ,Truyện thiếu nhi,12,0.2619682080439891,25,0.40515238113740976,0.14318417309342063,True
206248646,Truyện Cổ Tích Việt Nam - Tập 1 (Tái Bản 2022),Truyện thiếu nhi,8,0.31669256753438935,20,0.4646466179926359,0.14795405045824656,True
195623885,Truyện tranh tuổi thần tiên - Nhổ củ cải,Truyện thiếu nhi,23,0.5138704097813942,23,0.5138704097813942,0.0,False
176132394,Truyện Thiếu Nhi Hạt Giống Tâm Hồn - Công Chúa Cũng Biết Buồn,Truyện thiếu nhi,26,0.40027151412327805,26,0.40027151412327805,0.0,False
173748417,Sách Ehon Kỹ Năng Sống - Bé Trai Đi Toilet,Truyện thiếu nhi,29,0.47218394160605676,29,0.47218394160605676,0.0,False
170098838,Sách Hoá Học Hữu Cơ Cho Trẻ Em,Truyện thiếu nhi,20,0.41287671019373706,20,0.41287671019373706,0.0,False
102807948,Combo 8 cuốn: Bé học IQ (5-6 tuổi),Truyện thiếu nhi,0,0.32507840176699504,20,0.4636229483048113,0.13854454653781628,True
73513623,Sách Phương Tiện Di Chuyển - Máy Bay,Truyện thiếu nhi,22,0.4416624857681253,22,0.4416624857681253,0.0,False
73438249,Sách Phương Tiện Di Chuyển. Xe Nông Nghiệp,Truyện thiếu nhi,13,0.3468002340503814,25,0.4400040335962943,0.0932037995459129,True
73108416,Combo Trọn Bộ 2 Cuốn: Bộ Sách Tự Xóa Thông Minh - Bé Học Toán Mỗi Ngày + Bé Làm Quen Với Toán Học ( 5 -7 tuổi ) - Tặng Bút Xóa,Truyện thiếu nhi,31,0.2781223047175607,25,0.40940925552249074,0.13128695080493002,True
72152617,Sách Bé Tập Kể Chuyện - Nhạc Sĩ Dế Mèn,Truyện thiếu nhi,27,0.6029086977739097,20,0.6819105623412645,0.07900186456735481,True
58342212,Sách Set 3 cuốn Moi Moi và những người bạn - Dành cho trẻ từ 0-2 tuổi,Truyện thiếu nhi,29,0.5218202709316005,29,0.5218202709316005,0.0,False
17594986,"Sách Vua Bóng Đá Pele, Huyền Thoại Trên Sân Cỏ",Truyện thiếu nhi,39,0.25428351378939085,20,0.4581555914951384,0.20387207770574756,True
15350515,Sách Kỹ Năng Sống Dành Cho Học Sinh Tiểu Học - 50 Điều Cần Thiết Cho Học Sinh Tiểu Học ( Tập 4 ),Truyện thiếu nhi,21,0.3829206408644313,21,0.3829206408644313,0.0,False
13359663,Combo Những Chiếc Xe Hiệp Sĩ ( 8 Cuốn ),Truyện thiếu nhi,25,0.545239160345091,25,0.545239160345091,0.0,False
11814138,Sách Võ Thị Sáu,Truyện thiếu nhi,22,0.406962597662877,22,0.406962597662877,0.0,False
10673037,Sách 3+ Cùng Bé Lớn Khôn - Ông Nội Là Gấu Bông Của Tớ,Truyện thiếu nhi,28,0.12840892906743726,28,0.12840892906743726,0.0,False
7959222,Sách Tương Tác - Sách Chuyển Động - Busy - Zoo - Sở Thú,Truyện thiếu nhi,23,0.5685100027585568,23,0.5685100027585568,0.0,False
3671671,Sách Bách Khoa Tri Thức Về Khám Phá Thế Giới Cho Trẻ Em - Thiên Văn Học (Tái Bản 2018),Truyện thiếu nhi,20,0.4652323858485431,20,0.4652323858485431,0.0,False
475974,Sách Harry Potter Và Hòn Đá Phù Thủy - Tập 1 (Bản Đặc Biệt Có Tranh Minh Họa Màu),Truyện thiếu nhi,20,0.5417785139408051,20,0.5417785139408051,0.0,False
279342629,Sách David Walliams - Mật Hiệu Quả Chuối,Truyện thiếu nhi,28,0.3746190272579825,28,0.3746190272579825,0.0,False
279250813,Sách - Sách Con Trai/Con Gái À! - Tự Bảo Vệ Mình Là Quan Trọng Nhất,Truyện thiếu nhi,23,0.5027623104222704,23,0.5027623104222704,0.0,False
278894201,Combo 8 Cuốn Truyện Tranh Lớp Học Xả Stress,Truyện thiếu nhi,21,0.31628590872824114,21,0.31628590872824114,0.0,False
278707611,Sách Tô Màu - Tớ Là Họa Sĩ,Truyện thiếu nhi,13,0.2774022010713187,13,0.2774022010713187,0.0,False
278638878,Sách Cả Nhà Thương Nhau,Truyện thiếu nhi,22,0.00047135455711596447,22,0.00047135455711596447,0.0,False
278519215,Sách Kĩ Năng An Toàn Cho Học Sinh,Truyện thiếu nhi,33,0.02435614520506451,33,0.02435614520506451,0.0,False
278241138,Tranh Truyện Dân Gian Việt Nam: Người Cha Và Ba Con Trai [Tái Bản 2023],Truyện thiếu nhi,24,0.00028953637529778267,24,0.00028953637529778267,0.0,False
278236402,Sách Trò Chơi Mê Cung ( 2 - 8 tuổi),Truyện thiếu nhi,36,0.0021403554908227805,36,0.0021403554908227805,0.0,False
278159115,Bộ sách English Zoo -Song Ngữ Anh -Việt,Truyện thiếu nhi,33,0.35143958938628184,20,0.4498088907631698,0.09836930137688799,True
278158596,Sách 101 Từ Đầu Tiên,Truyện thiếu nhi,33,0.02768947853839784,33,0.02768947853839784,0.0,False
278158397,Sách Thế Giới Diệu Kì Của Peppa Pig (18 quyển),Truyện thiếu nhi,33,0.17585634781204507,25,0.44454285969910146,0.2686865118870564,True
278024748,Sách Ehon Song ngữ Anh - Việt: Kĩ Năng Sống - Miu Bé Nhỏ - Phần 2 - Lẻ Tùy Chọn (1-6 tuổi),Truyện thiếu nhi,0,0.004127524171938694,0,0.004127524171938694,0.0,False
277591266,Sách Bé Thông Minh - Những Tiếng Đầu Đời: Bé Biết Cảm Ơn,Truyện thiếu nhi,23,0.00047135455711596447,23,0.00047135455711596447,0.0,False
277019980,Sách “Thám Tử” Kĩ Năng Mềm: Định Hướng Nghề Nghiệp/ Làm Việc Nhóm/ Thái Độ/ Tư Duy Phản Biện,Truyện thiếu nhi,30,0.22074812717883915,25,0.3499098439273438,0.12916171674850466,True
276922440,Bộ Sách Những Đứa Trẻ Tự Tin,Truyện thiếu nhi,5,0.0028306938159879335,5,0.0028306938159879335,0.0,False
276653138,Sách Gia Đình Song Ngữ - 365 ngày cả nhà cùng nói tiếng Anh như người bản ngữ,Truyện thiếu nhi,28,0.47001423591369706,28,0.47001423591369706,0.0,False
276524232,Bộ sách thiếu nhi: Làm chủ cảm xúc,Truyện thiếu nhi,26,0.35995412480131933,26,0.35995412480131933,0.0,False
275898065,Bộ Sách Astérix,Truyện thiếu nhi,23,0.4502965228634796,23,0.4502965228634796,0.0,False
275757287,Sách Kỹ năng sống dành cho học sinh - Mẹo cực hay,Truyện thiếu nhi,26,0.0008559699417313491,26,0.0008559699417313491,0.0,False
274566783,Sách Siêu Nhí Hỏi Nhà Khoa Học Trả Lời - 100 Bí Ẩn Mọi Đứa Trẻ Đều Muốn Hỏi Một Nhà Khoa Học,Truyện thiếu nhi,38,0.471799756825193,20,0.5594307795540651,0.08763102272887208,True
273524657,Sách Charlotte và Wilbur,Truyện thiếu nhi,29,0.1693988026061929,0,0.27361898562344394,0.10422018301725106,True
272214667,"Sách Chuyển Thể Từ ""Dế Mèn Phiêu Lưu Ký"" Của Nhà Văn Tô Hoài_Cuộc Phiêu Lưu Của Dế Út",Truyện thiếu nhi,25,0.5064211556406868,25,0.5064211556406868,0.0,False
262875319,Sách Bé học - bé chơi - Tô màu vương quốc khủng long,Truyện thiếu nhi,20,0.00047135455711596447,20,0.00047135455711596447,0.0,False
212213137,Bồi Dưỡng Tính Cách Cho Bé EQ IQ (2-8 Tuổi) - Dạy Trẻ Không Cáu Giận (Song Ngữ ANH - VIỆT) (Sách Bản Quyền),Truyện thiếu nhi,29,0.3173971681532499,25,0.38528352804999677,0.06788635989674685,True
205004676,Sách Tri thức trong lòng bàn tay - Bách khoa thiếu nhi Vũ trụ (bìa cứng) - tái bản,Truyện thiếu nhi,29,0.007304188389949797,35,0.06638010593645557,0.05907591754650578,True
195662912,Sách Lênh Đênh Theo Dòng Xanh,Truyện thiếu nhi,26,0.44578519209231027,26,0.44578519209231027,0.0,False
184779711,Sách Bách Khoa Cho Trẻ Em – Bách Khoa Vũ Trụ,Truyện thiếu nhi,22,0.5177924015842762,22,0.5177924015842762,0.0,False
184415421,Combo Tớ Là CEO Nhí 2 (10 Cuốn),Truyện thiếu nhi,25,0.3623491035131722,25,0.3623491035131722,0.0,False
138934617,Sách Tô Màu Phát Triển Trí Não Bộ Cho Bé 1-5 Tuổi - Tập 3,Truyện thiếu nhi,24,0.5603121196153479,24,0.5603121196153479,0.0,False
137561103,Sách Những Ngày Thứ Ba Với Thầy Morrie,Truyện thiếu nhi,25,0.4540209251652742,25,0.4540209251652742,0.0,False
104732038,Sách Tớ Học Lập Trình - Làm Quen Với Lập Trình Scratch,Truyện thiếu nhi,29,0.5341508167660268,29,0.5341508167660268,0.0,False
21853808,"Sách 100 Bí Ẩn Đáng Kinh Ngạc Về Số, Máy Tính Và Mã Hóa - 100 Things To Know About Numbers, Computers & Coding",Truyện thiếu nhi,16,0.39547426576744493,20,0.464400255182099,0.06892598941465405,True
16284288,Combo Tuổi Thơ Dữ Dội (2 cuốn) (Tái Bản 2019),Truyện thiếu nhi,23,0.42939873693653946,23,0.42939873693653946,0.0,False
16129414,Sách Who? Chuyện Kể Về Danh Nhân Thế Giới: Stephen Hawking (Tái Bản),Truyện thiếu nhi,25,0.4733533391360543,25,0.4733533391360543,0.0,False
13407561,Sách Hachiko - Chú Chó Đợi Chờ (Bìa Mềm) (Tái Bản 2019),Truyện thiếu nhi,23,0.5387893366498648,23,0.5387893366498648,0.0,False
9994488,Sách Thơ Cho Bé Tập Nói,Truyện thiếu nhi,0,0.4657159974599861,20,0.5521255510550034,0.08640955359501729,True
8818431,Sách Set 3 cuốn Ehon Chơi cùng cáo Ken - Ehon Nhật Bản cho bé 0-6 tuổi phát triển ngôn ngữ,Truyện thiếu nhi,29,0.5218202709316005,29,0.5218202709316005,0.0,False
1215671,Sách Từ Những Hạt Mầm: Vườn Đậu Của Giun,Truyện thiếu nhi,18,0.7137721774299959,18,0.7137721774299959,0.0,False
1215669,Sách Từ Những Hạt Mầm: Chuột Đồng Mê Lúa,Truyện thiếu nhi,25,0.5253548214787019,25,0.5253548214787019,0.0,False
648672,Sách Đất Rừng Phương Nam (Tái Bản),Truyện thiếu nhi,25,0.5410573938487994,25,0.5410573938487994,0.0,False
278819547,Mini fashion show (Lẻ/Combo),Truyện thiếu nhi,33,0.017631157774194724,33,0.017631157774194724,0.0,False
278786951,"Sách STEM Dành Cho Học Sinh - Phát Triển Tư Duy Logic, Khám Phá Khoa Học (Combo 4 Cuốn)",Truyện thiếu nhi,24,0.01165023450070179,24,0.01165023450070179,0.0,False
278475152,Sách Thiên Văn Học Trực Quan,Truyện thiếu nhi,20,0.26428888801718536,20,0.26428888801718536,0.0,False
278457727,"Sách Ronia, Con Gái Của Tướng Cướp",Truyện thiếu nhi,21,0.4274049878601908,21,0.4274049878601908,0.0,False
278431797,"Sách Cẩm Nang Về Tiên, Sinh Vật Huyền Bí Và Phép Thuật",Truyện thiếu nhi,20,0.3666369200108574,20,0.3666369200108574,0.0,False
278275212,Bộ Sách Phiêu Lưu Cùng STEM - Điều Tra Hiện Trường - Những Khám Phá Ly Kỳ,Truyện thiếu nhi,42,0.013888607239074528,42,0.013888607239074528,0.0,False
278242169,Sách 200 từ vựng mẹ cùng con học nói,Truyện thiếu nhi,24,0.006599060184821592,35,0.07230867736502701,0.06570961718020542,True
278159346,Sách Gấu Con Tinh Nghịch - Lòng Tự Trọng - Suỵt! Bí Mật Nhé!,Truyện thiếu nhi,33,0.02435614520506451,33,0.02435614520506451,0.0,False
278158928,Đừng Chạm Vào Lợn Con Lem Nhem - Sách Tương Tác Thông Minh,Truyện thiếu nhi,32,0.28419292338472757,25,0.41068182361203603,0.12648890022730847,True
278158915,Sách Tô Màu Rau -Củ - Quả (Song Ngữ Anh-Việt),Truyện thiếu nhi,36,0.0019585373090045986,36,0.0019585373090045986,0.0,False
278138274,Sách Bách Khoa Tri Thức Nhân Loại,Truyện thiếu nhi,30,0.3014287293708381,20,0.383308292117012,0.08187956274617392,True
278129045,Sách Elmer và….( Song Ngữ Anh - Việt),Truyện thiếu nhi,27,0.002458534044295452,27,0.002458534044295452,0.0,False
278128833,Sách Học Toán Montessori 4 ( Phát triển trí tuệ 4+),Truyện thiếu nhi,23,0.00047135455711596447,23,0.00047135455711596447,0.0,False
278124790,Sách Hoàng Tử Bé (Phiên Bản Mới),Truyện thiếu nhi,20,0.4589323322783502,20,0.4589323322783502,0.0,False
278117095,Sách - Bách Khoa Toàn Thư Vui Nhộn - Học Lễ Nghĩa - Tiên Phong Books,Truyện thiếu nhi,50,0.18524135557746033,20,0.4288995887882713,0.24365823321081095,True
277742607,Sách Bách Khoa Toàn Thư – Siêu Nhí Khám Phá Khoa Học Tương Lai,Truyện thiếu nhi,38,0.05782699238334202,38,0.05782699238334202,0.0,False
277379443,Sách Rèn trí thông minh,Truyện thiếu nhi,30,0.0011086094590767486,30,0.0011086094590767486,0.0,False
276525602,Sách Bà nội găngxtơ tái xuất!,Truyện thiếu nhi,27,0.42276029307960605,27,0.42276029307960605,0.0,False
275966177,Sách Illustrated Special Edition - Heidi,Truyện thiếu nhi,21,0.3638386418683616,21,0.3638386418683616,0.0,False
275815270,Sách Bách Khoa Thư Kỳ Thú Về Vũ Trụ,Truyện thiếu nhi,17,0.2539290847312762,25,0.3063167386737717,0.052387653942495505,True
275676838,"Sách Em lớn lên cùng ca dao, tục ngữ, thành ngữ",Truyện thiếu nhi,32,0.29263759347984236,25,0.4490043854021456,0.15636679192230324,True
275243125,Sách 100 Kỹ Năng Sinh Tồn,Truyện thiếu nhi,21,0.5612662753572173,21,0.5612662753572173,0.0,False
274458348,Bộ sách Em yêu Biển đảo-Biên cương,Truyện thiếu nhi,24,0.40771164966332,24,0.40771164966332,0.0,False
274458343,Bộ sách tương tác Chạy nhảy và Vui đùa,Truyện thiếu nhi,35,0.0021403554908227805,35,0.0021403554908227805,0.0,False
272301561,Tủ Sách Thiếu Nhi Kinh Điển Heidi - Cuốn Sách Dành Cho Trẻ Em Và Những Ai Yêu Trẻ Em,Truyện thiếu nhi,23,0.45753464670789645,23,0.45753464670789645,0.0,False
263697851,Sách Who? Chuyện Kể Về Danh Nhân Thế Giới: Jane Goodall,Truyện thiếu nhi,25,0.42375720672524986,25,0.42375720672524986,0.0,False
262733303,Sách Bộ Trò Chơi Tư Duy Cho Trẻ: Tư Duy Logic,Truyện thiếu nhi,35,0.1484010251887313,0,0.34560893322214936,0.19720790803341806,True
253471974,Sách 10 vạn câu hỏi vì sao (dành cho thiếu nhi) - bìa mềm,Truyện thiếu nhi,27,0.5032235961963442,20,0.5608774551446458,0.05765385894830166,True
209605860,Sách Gieo mầm nhân cách - ĐOÀN KẾT,Truyện thiếu nhi,28,0.33220629257871537,25,0.38614897767812395,0.05394268509940858,True
203093937,Sách Tri Thức Trong Lòng Bàn Tay - Bách Khoa Thiếu Nhi Cơ Thể Con Người,Truyện thiếu nhi,28,0.426204915177548,28,0.426204915177548,0.0,False
198572099,Sách Ông Già Và Biển Cả [Tác Phẩm Chọn Lọc - Văn Học Mỹ],Truyện thiếu nhi,29,0.3211006984828114,29,0.3211006984828114,0.0,False
191926693,Sách Trái cây đại chiến Zombie - Thế giới khủng long: Tập 9 - Trên đảo khủng long,Truyện thiếu nhi,30,0.41508196946953807,30,0.41508196946953807,0.0,False
129767972,Một Cậu Thỏ Nghịch Ngợm Kinh Khủng: Tuyển Tập Những Truyện Hay Nhất Của Beatrix Potter (Tái Bản 2021),Truyện thiếu nhi,25,0.3563667014617446,25,0.3563667014617446,0.0,False
127654495,Sách Trái Cây Đại Chiến Zombie-Thế Giới Khủng Long - Tập 4: Bay Về Kỷ Jura (Tái Bản),Truyện thiếu nhi,31,0.40893667686864044,31,0.40893667686864044,0.0,False
75996795,Sách Cô Bé Matilda (Tái Bản 2021),Truyện thiếu nhi,24,0.5433470081365449,24,0.5433470081365449,0.0,False
74277389,Combo 4 Cuốn: Bộ Tuyển Tập Truyện Hay Dành Cho Thiếu Nhi (Tái Bản),Truyện thiếu nhi,26,0.5664442881544675,26,0.5664442881544675,0.0,False
74217673,"Sách Gi Gỉ Gì Gi, Cái Gì Cũng Biết - Dành Cho Lớp 3",Truyện thiếu nhi,23,0.45453843937540594,23,0.45453843937540594,0.0,False
52423040,Sách Trái Cây Đại Chiến Zombie - Thế Giới Robot - Tập 1: Truyền Thuyết Anh Hùng,Truyện thiếu nhi,31,0.41560334353530703,31,0.41560334353530703,0.0,False
51491977,Sách Who? Chuyện Kể Về Danh Nhân Thế Giới: Leonardo Da Vinci (Tái Bản 2020),Truyện thiếu nhi,26,0.40966789144417476,26,0.40966789144417476,0.0,False
542977,Sách Bé Học Lễ Giáo - Bubu Tập 33: Bubu Đi Ngủ (Tái Bản),Truyện thiếu nhi,13,0.6851209373587366,13,0.6851209373587366,0.0,False
279269818,Sách - Kỷ Luật Tự Giác - Thay Đổi Cuộc Đời,Truyện thiếu nhi,13,0.2693497869799161,0,0.3283128024572121,0.058963015477296044,True
279093687,Sách Kỹ Năng Sống Toàn Diện,Truyện thiếu nhi,27,0.0020739186596800668,27,0.0020739186596800668,0.0,False
278679636,Sách Atlas Thế Giới Cho Trẻ Em: Tập Bản Đồ Từ Việt Nam Đến Khắp Các Châu Lục,Truyện thiếu nhi,25,0.43434702938686703,25,0.43434702938686703,0.0,False
278616300,Sách - SOS Cho Trẻ Em - Truyện Tranh Kỹ Năng An Toàn Thoát Hiểm Tức Thì - Nhận Diện Rủi Ro Và Thoát Hiểm An Toàn,Truyện thiếu nhi,12,0.013483675569436977,35,0.09568474574109537,0.0822010701716584,True
278444844,Bộ Sách Bạn Có Thích,Truyện thiếu nhi,29,0.0013046878904492978,29,0.0013046878904492978,0.0,False
278241628,Hình Vẽ Tròn Xoe - Tủ sách vui để học - Sách tô màu - Dòng sách cầm tay,Truyện thiếu nhi,30,0.011365019715487005,30,0.011365019715487005,0.0,False
278138713,Không chơi với cậu nữa - Sách tranh ehon Gấu con Kuma - Những chuyện nhỏ hàng ngày,Truyện thiếu nhi,50,0.12818041287263393,25,0.3544548334646608,0.22627442059202685,True
278138340,1000 câu hỏi rèn luyện IQ - CQ - Phát huy trí tưởng tượng tập 2 (6-12 tuổi) (Sách bản quyền),Truyện thiếu nhi,33,0.27550693885585814,33,0.27550693885585814,0.0,False
278128905,Công chúa Cherry - Bữa tiệc ngọt ngào - Sách bóc dán sticker cho bé gái,Truyện thiếu nhi,21,0.3705328678894542,21,0.3705328678894542,0.0,False
278093596,Sách Kỹ Năng Sống Đầu Đời Cho Bé,Truyện thiếu nhi,29,0.35180853557606473,25,0.4497095263657681,0.09790099078970338,True
277969736,Sách Lễ Phục Sinh - Mê Cung Diệu Kì,Truyện thiếu nhi,31,0.007492725343192632,35,0.059773771094826615,0.05228104575163398,True
277019438,Sách Trắng Mây Tóc Mẹ,Truyện thiếu nhi,22,0.09451097776185957,22,0.09451097776185957,0.0,False
276559173,Sách 80 Ngày Vòng Quanh Thế Giới,Truyện thiếu nhi,31,0.006402981753449044,35,0.07230867736502701,0.06590569561157797,True
275122175,Sách Mẹ Sống Cùng Tôi - Bae Kyung Hee,Truyện thiếu nhi,33,0.26264639111216465,25,0.4220694892688108,0.15942309815664618,True
274863817,"Combo Những câu chuyện bồi dưỡng chỉ số IQ, EQ, MQ, LQ, AQ (5 cuốn)",Truyện thiếu nhi,22,0.3227036591958342,22,0.3227036591958342,0.0,False
274423657,Lớp Học Mật Ngữ - Tuyển Tập Đặc Biệt Vol. 4 (Tái bản năm 2024),Truyện thiếu nhi,0,0.2858600171885408,20,0.4487135998864996,0.1628535826979588,True
271626215,"Sách Ca Dao, Tục Ngữ Bằng Tranh",Truyện thiếu nhi,26,0.5234745292832038,26,0.5234745292832038,0.0,False
262646237,Tuyển Tập Truyện Cổ Tích Việt Nam Dành Cho Thiếu Nhi,Truyện thiếu nhi,34,0.3272762052571865,20,0.4678285912576074,0.14055238600042091,True
251872606,Combo Wolfoo Khám Phá,Truyện thiếu nhi,38,0.26843307451216614,25,0.36401555620483245,0.09558248169266631,True
212213141,Bách Khoa Thiếu Nhi - 365 Câu Chuyện Trí Tuệ - Hỏi Đáp Kiến Thức Thiên Nhiên Kỳ Diệu (Sách Bản Quyền) - Tái Bản,Truyện thiếu nhi,29,0.5010096285332564,29,0.5010096285332564,0.0,False
207830892,"Combo 6 Cuốn (Phát Triển Trí Tuệ Cảm Xúc): Cảm Xúc Của Con Màu Gì? + Chúng Mình Tôn Trọng Cơ Thể Và Cảm Xúc Của Nhau + Con Được Là Chính Mình + Sự Tử Tế Đẹp Như Bông Hoa + Con Kiên Trì, Con Không Bỏ Cuộc + Gấu ơi, Con Lo Lắng Đến Chừng Nào",Truyện thiếu nhi,24,0.3495324011308818,24,0.3495324011308818,0.0,False
199179228,Sách Tý Quậy - Tập 12,Truyện thiếu nhi,24,0.3563549304168031,24,0.3563549304168031,0.0,False
197964597,Sách 10 Vạn Câu Hỏi Vì Sao? - Bách Khoa Tri Thức Phổ Thông (Tranh màu - Bìa mềm) - Tái bản,Truyện thiếu nhi,33,0.3126599956648151,25,0.5119751186558785,0.1993151229910634,True
184080397,Sách Thế Nào Và Tại Sao - Vũ Trụ - Những Bí Ẩn Của Không Gian,Truyện thiếu nhi,30,0.47649615661686207,20,0.5491336581885696,0.07263750157170756,True
171821041,Sách Lược Sử Toán Học - Từ Ý Tưởng Đến Thực Hành,Truyện thiếu nhi,25,0.40831465682142093,25,0.40831465682142093,0.0,False
170098850,Sách Thuyết Tương Đối Tổng Quát Cho Trẻ Em,Truyện thiếu nhi,25,0.38316044035337965,25,0.38316044035337965,0.0,False
170094970,Sách Bách Khoa Lịch Sử Thế Giới - Tái Bản,Truyện thiếu nhi,22,0.2867821433306871,22,0.2867821433306871,0.0,False
83038164,Truyện Ngắn Lỗ Tấn - Văn Học Trong Nhà Trường,Truyện thiếu nhi,24,0.5433470081365449,24,0.5433470081365449,0.0,False
68330624,Sách Dế Mèn Phiêu Lưu Ký – Đậu Đũa Minh Họa - Ấn Bản Kỉ Niệm 100 Năm Tô Hoài,Truyện thiếu nhi,26,0.3957944984196318,26,0.3957944984196318,0.0,False
67712887,Combo 10 Quyển Bộ Sách: Bé Học Lễ Giáo - Song Ngữ Anh Việt (Tái Bản),Truyện thiếu nhi,26,0.5481189293027928,26,0.5481189293027928,0.0,False
16284260,Bác Hồ Sống Mãi: Những Truyện Hay Về Bác Tập 1,Truyện thiếu nhi,24,0.5262226338330952,24,0.5262226338330952,0.0,False
16284249,Bác Hồ Sống Mãi: Những Truyện Hay Về Bác Tập 5,Truyện thiếu nhi,21,0.5500545483593868,21,0.5500545483593868,0.0,False
15634588,Sách Who? Chuyện Kể Về Danh Nhân Thế Giới: Ludwig Van Beethoven (Tái Bản 2019),Truyện thiếu nhi,21,0.4709174273392485,21,0.4709174273392485,0.0,False
5907393,Truyện Cổ Andersen,Truyện thiếu nhi,22,0.5645073913309302,22,0.5645073913309302,0.0,False
4257173,Sách Tương Tác - Big Book - Cuốn Sách Khổng Lồ Về Các Loài Động Vật Biển (Tái Bản 2018),Truyện thiếu nhi,21,0.5100164381848136,21,0.5100164381848136,0.0,False
4050663,Sách Illustrated Classics - Nghìn Lẻ Một Đêm,Truyện thiếu nhi,19,0.5441566762663965,19,0.5441566762663965,0.0,False
3671663,Sách Bách Khoa Tri Thức Về Khám Phá Thế Giới Cho Trẻ Em - Cá Mập (Tái Bản 2018),Truyện thiếu nhi,27,0.40140732371239013,27,0.40140732371239013,0.0,False
3601381,Sách Bách Khoa Tri Thức Về Khám Phá Thế Giới Cho Trẻ Em - Vũ Trụ (Bìa Mềm - Tái Bản 2018),Truyện thiếu nhi,17,0.435641049024841,17,0.435641049024841,0.0,False
542950,Sách Bé Học Lễ Giáo - Bubu Tập 28: Bubu Đi Sở Thú (Tái Bản),Truyện thiếu nhi,13,0.4573190130097074,25,0.5365731189857925,0.07925410597608512,True
480059,Sách Lược Sử Nước Việt Bằng Tranh,Truyện thiếu nhi,20,0.4149247761784545,20,0.4149247761784545,0.0,False
279245969,Sách - Sách Bách Khoa Toàn Thư Vui Nhộn - Khơi Dậy Khả Năng Giao Tiếp/Thí Nghiệm Khoa Học/Quản Lý Thời Gian/... (Trọn Bộ),Truyện thiếu nhi,13,0.0023041883899497973,35,0.059773771094826615,0.057469582704876815,True
279237767,Sách - Sách - Song Ngữ Việt Anh - Diary Of A Wimpy Kid - Nhật Ký Chú Bé Nhút Nhát - Trọn Bộ 18 Tập,Truyện thiếu nhi,23,0.008137521723283131,35,0.07230867736502701,0.06417115564174387,True
278945109,Sách WOLFOO Rèn Kỹ Năng (Chọn tập/Combo),Truyện thiếu nhi,29,0.0016893032750646825,29,0.0016893032750646825,0.0,False
278714820,Sách - Winnie-The-Pooh - Gấu Pooh Xinh Xắn - Cherished Friends Of Pooh - Những Người Bạn Đáng Yêu Của Gấu Pooh,Truyện thiếu nhi,23,0.008137521723283131,35,0.07230867736502701,0.06417115564174387,True
278670643,Sách - Winnie-The-Pooh - Gấu Pooh Xinh Xắn - Adventures In The Hundred Acre Wood - Những Cuộc Phiêu Lưu Trong Rừng Trăm Mẫu,Truyện thiếu nhi,23,0.44941996437866005,23,0.44941996437866005,0.0,False
278668626,Bộ Sách Bé Có Phép Màu - Cơ Thể Của Bé Là Điều Kỳ Diệu,Truyện thiếu nhi,17,0.00028953637529778267,17,0.00028953637529778267,0.0,False
278573828,Sách Sân chơi trí tuệ cho trẻ - Não trái + Não phải 4 - 5 tuổi,Truyện thiếu nhi,33,0.17383355228791497,20,0.3611191092721003,0.1872855569841853,True
278280506,Sách Thời trang Công chúa Cổ tích (4 trang stickers),Truyện thiếu nhi,22,0.010681144766906174,22,0.010681144766906174,0.0,False
278231176,Sách Bật mí bí mật về,Truyện thiếu nhi,23,0.01659906018482159,35,0.08530013035648,0.06870107017165841,True
278159103,Sách Phát Triển Trí Não Cho Trẻ Qua Tô -Dán Và Nối Hình,Truyện thiếu nhi,33,0.02435614520506451,33,0.02435614520506451,0.0,False
278138751,Sách trò chơi bóc dán,Truyện thiếu nhi,22,0.00047135455711596447,22,0.00047135455711596447,0.0,False
278138468,Sách Viết Xóa Thông Minh - Nhận Biết Thời Gian Và Từ Vựng,Truyện thiếu nhi,22,0.0008559699417313491,22,0.0008559699417313491,0.0,False
278128748,Sách Gieo mầm yêu thương,Truyện thiếu nhi,21,0.008137521723283131,35,0.07230867736502701,0.06417115564174387,True
277588793,Montessori: Thế Giới Của Các Thành Tựu - Cuốn sách đầu tiên về Thời gian dành cho trẻ (3+),Truyện thiếu nhi,27,0.007304188389949797,35,0.06138010593645557,0.05407591754650577,True
277504523,Sách Cùng WOLFOO Rèn Kỹ Năng An Toàn,Truyện thiếu nhi,36,0.008198676255025898,36,0.008198676255025898,0.0,False
277029142,"Sách SUỴT, ĐỪNG KỂ CHO BA CON BIẾT",Truyện thiếu nhi,30,0.006402981753449044,35,0.07230867736502701,0.06590569561157797,True
275254033,Sách Ngàn Mùa Hoa – Nét Đẹp Thiên Nhiên,Truyện thiếu nhi,24,0.43159522290032853,24,0.43159522290032853,0.0,False
274863821,Sách Những câu chuyện bồi dưỡng chỉ số MQ - Chỉ số Đạo đức,Truyện thiếu nhi,27,0.43524281672419995,27,0.43524281672419995,0.0,False
273464131,Sách Kỹ Năng Quản Lý Cảm Xúc Dành Cho Bé Gái,Truyện thiếu nhi,25,0.3579733519831793,25,0.3579733519831793,0.0,False
270688156,Sách Bạn Cá Sấu Thân Thiện,Truyện thiếu nhi,25,0.06198367556943698,35,0.14151807907442868,0.07953440350499169,True
209605868,Sách Gieo mầm nhân cách - TÀI TRÍ,Truyện thiếu nhi,32,0.2069957468837393,25,0.40876349224852093,0.20176774536478162,True
201592099,Sách A Wonderful Life Đi Tìm Ý Nghĩa Cuộc Sống,Truyện thiếu nhi,35,0.3620837157994299,25,0.5291862911375217,0.1671025753380918,True
197588261,Sách Tô Màu Phát Triển Não Bộ Cho Bé 1-5 Tuổi Tập 8,Truyện thiếu nhi,23,0.5316404314264158,23,0.5316404314264158,0.0,False
178502501,"Sách Boxset ""Thời Thơ Ấu Dài Lâu",Truyện thiếu nhi,21,0.36886804711206006,21,0.36886804711206006,0.0,False
170098832,Sách Vật Lý Lượng Tử Cho Trẻ Em,Truyện thiếu nhi,20,0.09011152233530229,20,0.09011152233530229,0.0,False
162100222,Sách Hoàng Tử Bé (NS Minh Thắng),Truyện thiếu nhi,30,0.3713075586951273,20,0.4431422240965032,0.0718346654013759,True
155114517,Combo Kĩ Năng Xã Hội Cho Học Sinh Tiểu Học (6 Cuốn),Truyện thiếu nhi,24,0.27141991050611003,24,0.27141991050611003,0.0,False
127654497,Sách Trái Cây Đại Chiến Zombie-Thế Giới Khủng Long - Tập 5: Khủng Long Và Tòa Thành Vàng (Tái Bản),Truyện thiếu nhi,31,0.40893667686864044,31,0.40893667686864044,0.0,False
127654483,Sách Trái Cây Đại Chiến Zombie-Thế Giới Khủng Long - Tập 12: Quả Khủng Long Thần Kỳ (Tái Bản),Truyện thiếu nhi,31,0.40893667686864044,31,0.40893667686864044,0.0,False
75615221,Combo 3 Cuốn Sách Ehon: Ai Giấu Cái Gì Đó (Dành Cho Trẻ Từ 0 - 4 Tuổi),Truyện thiếu nhi,29,0.5218202709316005,29,0.5218202709316005,0.0,False
70847904,Sách BTKC - Chiếc Đũa Thần,Truyện thiếu nhi,13,0.4573190130097074,25,0.5365731189857925,0.07925410597608512,True
67477617,Sách Phát Triển Trí Tuệ Cảm Xúc- Sự Tử Tế Đẹp Như Bông Hoa,Truyện thiếu nhi,24,0.5400861385713275,24,0.5400861385713275,0.0,False
57318077,Sách Trái Cây Đại Chiến Zombie - Câu Đố Bí Ẩn Về Các Nền Văn Minh Cổ,Truyện thiếu nhi,32,0.40461907865673497,32,0.40461907865673497,0.0,False
57300939,Sách Trái Cây Đại Chiến Zombie - Câu Đố Bí Ẩn Về Động Thực Vật,Truyện thiếu nhi,34,0.3659592815585163,20,0.4498088907631698,0.08384960920465351,True
55505747,Combo Sách Ehon Nhật Bản: Chúng Mình Lớn Rồi (Set 4 Cuốn Nuôi Dưỡng Tâm Hồn Trẻ Từ 3-6 Tuổi / Ehon Cùng Con Lớn Khôn),Truyện thiếu nhi,29,0.5576868144320956,29,0.5576868144320956,0.0,False
19346651,Tủ Sách Tư Duy Toán Học HQ - Bé Làm Quen Phép Cộng Có Nhớ,Truyện thiếu nhi,24,0.3912216237089762,24,0.3912216237089762,0.0,False
16422520,Truyện Cổ Tích Thế Giới Hay Nhất - Cô Bé Bán Diêm (Tái Bản),Truyện thiếu nhi,13,0.6899740589108813,13,0.6899740589108813,0.0,False
2449681,Sách Tương Tác - Big Book - Cuốn Sách Khổng Lồ Về Các Ngôi Sao Và Các Hành Tinh (Tái Bản),Truyện thiếu nhi,24,0.353499004325946,24,0.353499004325946,0.0,False
897016,Combo Sân Chơi Trí Tuệ Của Chim Đa Đa (Bộ 6 Cuốn),Truyện thiếu nhi,0,0.0034283028279805073,35,0.05782699238334202,0.054398689555361514,True
454907,Tranh Truyện Dân Gian Việt Nam - Nàng Tiên Hổ,Truyện thiếu nhi,26,0.5169577125246414,26,0.5169577125246414,0.0,False
279376159,Combo Những Câu Chuyện Khoa Học Vui Nhộn 01,Truyện thiếu nhi,21,0.010399426485187893,21,0.010399426485187893,0.0,False
279371774,Sách - Truyện Tranh Giúp Bé Phát Triển Tâm Lý (6-12 Tuổi),Truyện thiếu nhi,12,0.2783375199310333,20,0.4132047440918476,0.13486722416081431,True
279283626,Sách - Lớp Học Mật Ngữ - Phiên Bản Mới - Tập 17 - Tặng Kèm Quà Tặng Ngẫu Nhiên,Truyện thiếu nhi,0,0.22547769621072472,25,0.3888335172764566,0.16335582106573188,True
278812523,Sách - Diary Of A Wimpy Kid - Nhật Ký Chú Bé Nhút Nhát - Tập 20 - Chúa Tể Tiệc Tùng - Partypooper (Song Ngữ Việt-Anh),Truyện thiếu nhi,20,0.0023041883899497973,35,0.06138010593645557,0.05907591754650577,True
278242201,Truyện tranh khoa học về các loài côn trùng,Truyện thiếu nhi,34,0.22642153581636426,25,0.39823770114020746,0.1718161653238432,True
278230910,Sách Bách Khoa Toàn Thư Tìm Hiểu Về Trái Đất,Truyện thiếu nhi,33,0.10524534260896778,33,0.10524534260896778,0.0,False
278138768,Sách Tớ Đến Với Lập Trình,Truyện thiếu nhi,32,0.006578694929162219,32,0.006578694929162219,0.0,False
278138310,Sách EQ-IQ Giúp Trẻ Làm Chủ Cảm Xúc,Truyện thiếu nhi,23,0.00047135455711596447,23,0.00047135455711596447,0.0,False
278128990,Sách Play Smart Brain,Truyện thiếu nhi,55,0.06683248688883653,55,0.06683248688883653,0.0,False
278117650,Sách Mẹ Hỏi Bé Trả Lời 2-3 Tuổi (Tái Bản) - 2-3 tuổi,Truyện thiếu nhi,24,0.4932311614199487,24,0.4932311614199487,0.0,False
278093094,Truyện Tranh Song Ngữ Việt Anh Cho Bé 3 - 8 Tuổi - Bộ Và Lẻ Cuốn,Truyện thiếu nhi,0,0.007880252100840335,0,0.007880252100840335,0.0,False
278070713,Sách Atlas Cho Trẻ Em - Hơn 100 Sticker Và Bản Đồ Địa Hình Siêu Lớn,Truyện thiếu nhi,30,0.35120220108976974,20,0.4557480302985826,0.10454582920881283,True
278066256,Sách - Định Luật Murphy - Những Nguyên Tắc Cốt Lõi Theo Trẻ Suốt Cả Cuộc Đời - Tiên Phong Books,Truyện thiếu nhi,0,0.14019373734518015,0,0.14019373734518015,0.0,False
278061078,Sách - Định Luật Murphy - Những Nguyên Tắc Cốt Lõi Theo Trẻ Suốt Cả Cuộc Đời,Truyện thiếu nhi,28,0.5137274701521662,28,0.5137274701521662,0.0,False
278029343,Sách JADOO Khám Phá Kỹ Năng Sống,Truyện thiếu nhi,37,0.008198676255025898,37,0.008198676255025898,0.0,False
277990341,"Sách Ehon Kĩ Năng Sống Song Ngữ - Bộ 54 tập Miu Bé Nhỏ, Miu Miu Tự Lập Cho bé từ 1-6 tuổi",Truyện thiếu nhi,6,0.0028306938159879335,6,0.0028306938159879335,0.0,False
277486791,Cuốn sách hoang dã,Truyện thiếu nhi,29,0.5078185613880632,29,0.5078185613880632,0.0,False
275966176,Sách 100 Bí Ẩn Đáng Kinh Ngạc Về Những Điều Chưa Biết - 100 Things To Know About The Unknown,Truyện thiếu nhi,22,0.426532791990297,22,0.426532791990297,0.0,False
275899500,Miền Xanh Thẳm (Tủ Sách Vàng - Tác Phẩm Chọn Lọc Dành Cho Thiếu Nhi) [Tái Bản 2024],Truyện thiếu nhi,26,0.448999477806596,26,0.448999477806596,0.0,False
275815272,Sách Bách Khoa Thư Kỳ Thú Về Động Vật,Truyện thiếu nhi,25,0.3604995760553449,25,0.3604995760553449,0.0,False
274099736,Classic - Truyện loài vật,Truyện thiếu nhi,33,0.3917385520251191,20,0.5557260935504826,0.16398754152536354,True
274064587,Alice Ở Xứ Sở Diệu Kì Và Alice Ở Xứ Sở Trong Gương,Truyện thiếu nhi,0,0.005595238095238095,0,0.005595238095238095,0.0,False
272362025,Sách Dế Mèn Phiêu Lưu Ký - Diary Of A Cricket (Song Ngữ Việt - Anh),Truyện thiếu nhi,24,0.5501339834493376,24,0.5501339834493376,0.0,False
260810314,Sách Ông Thối Hoắc - Bestseller hài hước SỐ MỘT nước Anh của David Walliams,Truyện thiếu nhi,27,0.4397781187738852,27,0.4397781187738852,0.0,False
219134823,Sách 100 bí ẩn đáng kinh ngạc về âm nhạc - 100 things to know about music,Truyện thiếu nhi,21,0.43919095368805955,21,0.43919095368805955,0.0,False
199614166,Sách Trái Cây Đại Chiến Zombie - Thế Giới Khủng Long: Tập 3: Trận Chiến Xuyên Thời Gian,Truyện thiếu nhi,31,0.48330285796209643,20,0.5491336581885696,0.0658308002264732,True
192339427,Sách Bà Bác Khủng Khiếp,Truyện thiếu nhi,29,0.5294943472213633,29,0.5294943472213633,0.0,False
180609837,"Bộ Chuyện Bốn Mùa ""Miền Dâu Dại""",Truyện thiếu nhi,16,0.24288633125634757,20,0.2971160907558678,0.05422975949952025,True
152464638,Sách 100 Bí Ẩn Đáng Kinh Ngạc Về Các Đại Dương - 100 Things To Know About The Oceans,Truyện thiếu nhi,23,0.44868755629917084,23,0.44868755629917084,0.0,False
127654501,Sách Trái Cây Đại Chiến Zombie-Thế Giới Khủng Long - Tập 8: Cứu Tinh Vượt Thời Gian (Tái Bản),Truyện thiếu nhi,30,0.41508196946953807,30,0.41508196946953807,0.0,False
75947774,Sách Phù Thủy Xứ Oz,Truyện thiếu nhi,26,0.4397370313248359,26,0.4397370313248359,0.0,False
75615273,Combo 3 Cuốn Sách Ehon: Buồn Ngủ Ơi Là Buồn Ngủ (Dành Cho Trẻ Từ 0 - 4 Tuổi),Truyện thiếu nhi,29,0.5218202709316005,29,0.5218202709316005,0.0,False
75332414,Sách Thành Công Kí Sự Của Kira - Tiền Đẻ Ra Tiền (Tái Bản 2020),Truyện thiếu nhi,23,0.39827109507943903,23,0.39827109507943903,0.0,False
72944074,Sách Mùa Tiểu Học Cuối Cùng,Truyện thiếu nhi,25,0.48336971866027867,25,0.48336971866027867,0.0,False
71907868,Sách Sinh Vật Thần Thoại Khắp Thế Gian,Truyện thiếu nhi,25,0.4510980497950304,25,0.4510980497950304,0.0,False
16284284,Sách Bác Hồ Sống Mãi: Những Mẩu Chuyện Hay Về Bác Tập 4,Truyện thiếu nhi,20,0.5562882448281026,20,0.5562882448281026,0.0,False
14683301,Sách 420 Câu Đố Vui Thông Minh (Tái Bản),Truyện thiếu nhi,26,0.5186175235860232,26,0.5186175235860232,0.0,False
11306515,Sách Tý Quậy - Tập 10 (Tái Bản 2019),Truyện thiếu nhi,26,0.3518124909765736,26,0.3518124909765736,0.0,False
10566743,Sách Tương Tác - Big book - Cuốn sách khổng lồ về các loài động vật khổng lồ,Truyện thiếu nhi,23,0.4908460664484852,23,0.4908460664484852,0.0,False
1337735,Sách 100 Bí Ẩn Đáng Kinh Ngạc Về Thức Ăn (USBORNE - 100 Things To Know About Food),Truyện thiếu nhi,17,0.41287001165639337,20,0.4718159354361927,0.05894592377979935,True
278723565,Combo Pippi Tất Dài (4 Cuốn),Truyện thiếu nhi,20,0.3890998152953161,20,0.3890998152953161,0.0,False
278703788,Sách Boxset Thế Giới Của Thỏ Peter (23 Cuốn),Truyện thiếu nhi,25,0.258520935048576,25,0.258520935048576,0.0,False
278380028,Sách Zookiz Và Trường Khoa Học Bí Ẩn,Truyện thiếu nhi,26,0.009189303275064682,26,0.009189303275064682,0.0,False
278241666,Xưa Ơi Là Xưa - Truyện Cổ Tích Việt Nam Chọn Lọc Song Ngữ Việt - Anh,Truyện thiếu nhi,29,0.06302663435319336,29,0.06302663435319336,0.0,False
278194293,Sách Văn Học Thiếu Nhi Việt Nam - Trên Con Đường Các Em Đặt Chân,Truyện thiếu nhi,25,0.009189303275064682,25,0.009189303275064682,0.0,False
278138647,Chuyến phiêu lưu của lớp Hươu Cao Cổ - Tủ sách nuôi dưỡng tâm hồn,Truyện thiếu nhi,55,0.0032026265530938425,55,0.0032026265530938425,0.0,False
278138437,Sách Tuyển Tập Những Câu Chuyện Về Các Danh Nhân Nổi Tiếng Trên Thế Giới - Những,Truyện thiếu nhi,21,0.008137521723283131,35,0.07230867736502701,0.06417115564174387,True
278125049,Sách Văn Học Thiếu Nhi Việt Nam Đầu Thế Kỷ 21 - Những Điều Đọng Lại Trong Con Mắt Nhắm,Truyện thiếu nhi,23,0.0069836755694369776,35,0.07568474574109539,0.06870107017165841,True
277931191,Vòng Quanh Thế Giới - Combo 37 Tập,Truyện thiếu nhi,24,0.27460371198202527,24,0.27460371198202527,0.0,False
277920200,Sách Những Anh Hùng Trẻ Tuổi - Kim Đồng,Truyện thiếu nhi,26,0.0012405853263467337,26,0.0012405853263467337,0.0,False
277526072,Sách 24 Gương Hiếu Thảo - Nhị Thập Tứ Hiếu Toàn Tập -Tái Bản,Truyện thiếu nhi,31,0.09391876724668259,0,0.1721590375274412,0.0782402702807586,True
276853602,Bộ Truyện Chuột và Chũi,Truyện thiếu nhi,22,0.00047135455711596447,22,0.00047135455711596447,0.0,False
276602416,Combo 5 Cuốn Công chúa Cherry - Sách bóc dán sticker cho bé gái,Truyện thiếu nhi,21,0.3714775307572505,21,0.3714775307572505,0.0,False
276076023,Bộ sách thiếu nhi Những bài học nhỏ,Truyện thiếu nhi,31,0.3015526226321484,25,0.4938069067021976,0.19225428407004924,True
275279542,Sách cho bé từ 3 tuổi - Bộ 5 cuốn Nuôi dạy em bé tốt bụng,Truyện thiếu nhi,0,0.003232224396607958,0,0.003232224396607958,0.0,False
274952091,Sách Play Smart Cutting and Pasting 2+,Truyện thiếu nhi,50,0.05429758061863614,50,0.05429758061863614,0.0,False
274952048,Sách Play Smart School Skills 4+,Truyện thiếu nhi,50,0.05429758061863614,50,0.05429758061863614,0.0,False
273114213,Sách Những Thám Tử Biển Bắc,Truyện thiếu nhi,23,0.11929860304948484,23,0.11929860304948484,0.0,False
271950415,Sách Lịch Sử Thế Giới Theo Dòng Sự Kiện - Từ Thời Đồ Đá Tới Thời Hiện Đại,Truyện thiếu nhi,27,0.5027704754703833,20,0.5610291731283623,0.058258697657978975,True
271312155,Sách âm thanh - Bé học nói,Truyện thiếu nhi,30,0.28506631794136805,30,0.28506631794136805,0.0,False
247764031,Sách Thám Tử Lừng Danh Conan Tập 5 [Tái Bản 2023],Truyện thiếu nhi,5,0.25053456113532657,25,0.38528352804999677,0.1347489669146702,True
247763822,Sách WHO? Chuyện Kể Về Danh Nhân Thế Giới: Pele (Tái Bản 2023),Truyện thiếu nhi,21,0.5500545483593868,21,0.5500545483593868,0.0,False
197633144,Văn Học Trong Nhà Trường: Truyện Ngắn Nguyễn Minh Châu,Truyện thiếu nhi,29,0.25567601694435876,0,0.32550567344148995,0.06982965649713119,True
173553266,Sách BuBu 21: Thương Em,Truyện thiếu nhi,20,0.5184407532920097,20,0.5184407532920097,0.0,False
168293381,Sách Oliver Twist (Tái Bản),Truyện thiếu nhi,30,0.3306199563245411,20,0.41145486678849685,0.08083491046395574,True
146077322,Sách 50 Bài Học Thú Vị Về Phép Lịch Sự Dành Cho Các Bạn Nhỏ,Truyện thiếu nhi,37,0.3021749954608236,20,0.4557480302985826,0.15357303483775897,True
135754583,Sách Những Câu Chuyện Truyền Cảm Hứng - I Will Be Better: Con Sẽ Không Dựa Dẫm,Truyện thiếu nhi,24,0.5262226338330952,24,0.5262226338330952,0.0,False
127564524,Sách Nghìn Lẻ Một Đêm (Tái Bản),Truyện thiếu nhi,36,0.4064920237666194,20,0.5638942411716247,0.15740221740500526,True
113526137,Sách - Tủ sách nhà văn Roald Dahl: Charlie và nhà máy sô cô la,Truyện thiếu nhi,0,0.25771538164368923,20,0.4431422240965032,0.185426842452814,True
112329415,Sách Horrible Science - Vi Sinh Vật Vi Tính (Tái Bản),Truyện thiếu nhi,20,0.46266070338023807,20,0.46266070338023807,0.0,False
84932889,Sách Princess Sticker - Dán Hình Công Chúa - Công Chúa Quyến Rũ,Truyện thiếu nhi,33,0.26903581151734246,20,0.4453634920124412,0.17632768049509873,True
75313090,Combo Trọn Bộ 8 Cuốn: STEM,Truyện thiếu nhi,5,0.47826687316550237,20,0.5456611030677183,0.06739422990221594,True
57037220,Sách Nhóc Nicolas: Những Chuyện Chưa Kể - Tập 1 (Tái Bản),Truyện thiếu nhi,29,0.5535436939312683,29,0.5535436939312683,0.0,False
17048319,Sách Ngôi Nhà Nhỏ Trên Thảo Nguyên Tập 9: Thuở Ban Đầu (Tái Bản 2019),Truyện thiếu nhi,25,0.40515238113740976,25,0.40515238113740976,0.0,False
17048311,Sách Ngôi Nhà Nhỏ Trên Thảo Nguyên Tập 2: Cậu Bé Nhà Nông (Tái Bản 2019),Truyện thiếu nhi,20,0.5051745674783561,20,0.5051745674783561,0.0,False
16422526,Sách 365 Chuyện Kể Trước Giờ Đi Ngủ - Những Câu Chuyện Phát Triển Chỉ Số Tình Cảm EQ (Tái Bản),Truyện thiếu nhi,27,0.512224263366416,27,0.512224263366416,0.0,False
8470210,Sách Tương Tác - Sách Chuyển Động - First Explorers - In The Jungle - Trong Khu Rừng,Truyện thiếu nhi,23,0.5030897453609582,23,0.5030897453609582,0.0,False
4097787,Những Truyện Hay Viết Cho Thiếu Nhi - Trần Hoài Dương (Tái Bản 2018),Truyện thiếu nhi,26,0.40151060081736245,26,0.40151060081736245,0.0,False
1020669,Sách Bách Khoa Khủng Long Toàn Tập,Truyện thiếu nhi,23,0.3836989988581713,23,0.3836989988581713,0.0,False
542996,Sách Bé Học Lễ Giáo - Bubu Tập 42: Bubu Đi Bơi,Truyện thiếu nhi,33,0.23246096914346448,25,0.5101097234394861,0.27764875429602165,True
279580626,Combo Sách Aya Ở Phố Yop,Truyện thiếu nhi,27,0.01165023450070179,27,0.01165023450070179,0.0,False
278759319,Sách Tuyệt Chủng Hay Sống Sót? Nhập Vai Tiến Hoá Của Muôn Loài,Truyện thiếu nhi,20,0.0023041883899497973,35,0.05477377109482662,0.05246958270487682,True
278153152,Sách - Thầy Giáo Nguyễn Tất Thành Ở Trường Dục Thanh (Tái Bản 2025),Truyện thiếu nhi,3,0.18658276845198116,25,0.3579733519831793,0.17139058353119815,True
278138307,"Sách Mẹ Kể Con Nghe - Nuôi Dưỡng Tính Cách, Bộ 10 Tập - Tái Bản 2022",Truyện thiếu nhi,21,0.008137521723283131,35,0.07230867736502701,0.06417115564174387,True
278129128,Sách Play Smart Animal Picture,Truyện thiếu nhi,50,0.05429758061863614,50,0.05429758061863614,0.0,False
278093647,Sách Chuyện Cũ Hà Nội,Truyện thiếu nhi,26,0.008137521723283131,35,0.07230867736502701,0.06417115564174387,True
277809348,Sách Góc sân và khoảng trời- Khi mẹ vắng nhà,Truyện thiếu nhi,30,0.36523613012369877,20,0.4557480302985826,0.09051190017488381,True
277622003,Sách Đại Gia Đình Cá Voi Đêm Bão,Truyện thiếu nhi,22,0.004189303275064682,22,0.004189303275064682,0.0,False
277582066,Sách Ehon 10 Chú Ếch Combo + Lẻ Cuốn,Truyện thiếu nhi,6,0.0028306938159879335,6,0.0028306938159879335,0.0,False
275254036,Sách Ngàn Mùa Hoa – Nét Đẹp Quê Hương,Truyện thiếu nhi,25,0.4184448307582458,25,0.4184448307582458,0.0,False
275104697,Bộ sách Thắc mắc khoa học. STEM - Bạn có nghe được âm thanh trong không gian không? và nhiều thắc mắc khác về âm thanh,Truyện thiếu nhi,40,0.0021403554908227805,40,0.0021403554908227805,0.0,False
274969752,Sách Lịch Sử Thế Giới Qua 100 Hiện Vật,Truyện thiếu nhi,23,0.3227384781848843,23,0.3227384781848843,0.0,False
274327405,Sách Hành Trình Khám Phá,Truyện thiếu nhi,30,0.0026470709975382873,30,0.0026470709975382873,0.0,False
274315607,Sách 500 câu hỏi Tại sao - Thế nào,Truyện thiếu nhi,20,0.1783314872080922,0,0.2758009569681773,0.09746946976008511,True
273952775,Sách Bên Cửa Ngắm Xuân,Truyện thiếu nhi,24,0.03216549375125516,35,0.10601613657248621,0.07385064282123105,True
272938260,Sách Amazing Transformations,Truyện thiếu nhi,24,0.40771164966332,24,0.40771164966332,0.0,False
247289986,Sách Từ Điển Bằng Tranh - Cờ Các Quốc Gia Trên Thế Giới (Bìa Cứng),Truyện thiếu nhi,33,0.2672016173714453,25,0.44505571936396904,0.17785410199252372,True
212213123,Bồi Dưỡng Tính Cách Cho Bé EQ IQ (2-8 Tuổi) - Dạy Trẻ Biết Tự Lập (Song Ngữ ANH - VIỆT) (Sách Bản Quyền),Truyện thiếu nhi,26,0.36619226411298805,26,0.36619226411298805,0.0,False
202879282,Sách Timmy Failure: Lỗi Lầm La Liệt,Truyện thiếu nhi,27,0.3143927805822946,27,0.3143927805822946,0.0,False
195444056,Combo 6 cuốn Truyện chữ to cho bé : Tập đánh vần tập đọc,Truyện thiếu nhi,0,0.2743657031623384,25,0.4085491831956447,0.13418348003330632,True
194104234,Combo Gieo Mầm Tính Cách Cho Bé Yêu (9 Cuốn),Truyện thiếu nhi,19,0.30653714408143035,25,0.36401555620483245,0.0574784121234021,True
192774645,Thần Đồng Đất Việt - Tập 153 - Thầy Đồ Dần Dốt,Truyện thiếu nhi,1,0.2901515930622165,25,0.5101097234394861,0.21995813037726963,True
192474348,Sách kỹ năng song ngữ - Kiên trì không bỏ cuộc,Truyện thiếu nhi,32,0.2471267773397698,25,0.40444595021445395,0.15731917287468417,True
191801175,Sách Nhịn Khô,Truyện thiếu nhi,29,0.5824643520324233,29,0.5824643520324233,0.0,False
173553274,Sách BuBu 02: Tìm Thấy Quả Banh Đỏ,Truyện thiếu nhi,20,0.015845091930853338,20,0.015845091930853338,0.0,False
152517444,Sách Lift-The-Flap-Lật Mở Khám Phá - First 100 Words - 100 Từ Đầu Tiên Về Thế Giới Quanh Em,Truyện thiếu nhi,21,0.4046300754309982,21,0.4046300754309982,0.0,False
112329421,Sách Horrible Science - Thú Dữ (Tái Bản),Truyện thiếu nhi,20,0.3680712316841687,20,0.3680712316841687,0.0,False
106996381,Sách Ehon - Thực Phẩm Tâm Hồn Cho Bé - Xe Bus Píng Poong Đi Biển (Tái Bản 2020),Truyện thiếu nhi,26,0.0016252007109621186,26,0.0016252007109621186,0.0,False
98187419,Hồn Trương Ba Da Hàng Thịt - Tôi Và Chúng Ta (Tủ Sách Văn Học Trong Nhà Trường),Truyện thiếu nhi,26,0.48882383132978896,26,0.48882383132978896,0.0,False
77665388,Bách Khoa Thư Trẻ Em - Cuốn Sách Lí Giải Vạn Vật,Truyện thiếu nhi,24,0.32258044657812573,24,0.32258044657812573,0.0,False
75996789,Sách Những Ngày Xưa Yêu Dấu (Tái Bản 2021),Truyện thiếu nhi,24,0.5433470081365449,24,0.5433470081365449,0.0,False
55514210,Học Tiếng Anh Cùng Truyện Ngụ Ngôn Aesop - Cậu Bé Chăn Cừu Và Con Sói - The Shepherd Boy And The Wolf,Truyện thiếu nhi,25,0.4138625671860639,25,0.4138625671860639,0.0,False
40357429,Sách Văn Học Trong Nhà Trường: Thơ Xuân Quỳnh,Truyện thiếu nhi,22,0.39128647667881383,22,0.39128647667881383,0.0,False
16284258,Bác Hồ Sống Mãi: Những Những Truyện Hay Về Bác Tập 3,Truyện thiếu nhi,24,0.5262226338330952,24,0.5262226338330952,0.0,False
11255084,Who? Chuyện Kể Về Danh Nhân Thế Giới: Oprah Winfrey (Tái Bản 2019),Truyện thiếu nhi,0,0.004960857505272026,35,0.07568474574109539,0.07072388823582336,True
1669693,Sách 11 Chú Mèo Và Chú Heo Con,Truyện thiếu nhi,14,0.2655078119902024,0,0.35930085195015715,0.09379303995995475,True
1659965,Sách 11 Chú Mèo Và Khủng Long Con,Truyện thiếu nhi,14,0.30351255052195136,25,0.3836543678068741,0.08014181728492276,True
1343693,Sách Những Chiếc Xe Hiệp Sĩ: Cảm Ơn Xe Cấp Cứu,Truyện thiếu nhi,24,0.5663121196153479,24,0.5663121196153479,0.0,False
1343689,Sách Những Chiếc Xe Hiệp Sĩ: Xe Cứu Hoả Vất Vả,Truyện thiếu nhi,24,0.5663121196153479,24,0.5663121196153479,0.0,False
461598,Sách Barbie - Tuyển Tập Các Nàng Công Chúa (Tập 4),Truyện thiếu nhi,35,0.21719625025754724,20,0.41639522871225565,0.1991989784547084,True
279105464,Sách Nhật Kí Siêu Hài Của Bạn Cấp Hai,Truyện thiếu nhi,25,0.43255131877285036,25,0.43255131877285036,0.0,False
278863239,Combo 5 tập Nhật Ký Chú Bé Nhút Nhát - Diary Of A Wimpy Kid BẢN SONG NGỮ kèm file nghe Audio,Truyện thiếu nhi,15,0.2121129189718457,20,0.26428888801718536,0.052175969045339665,True
278692573,Sách - Lớp Học Mật Ngữ - Phiên Bản Mới - Tập 14 - Tặng Kèm Túi Bí Mật Móc Khóa Cung Hoàng Đạo Kiwi Kiwi,Truyện thiếu nhi,0,0.0027909060175794454,0,0.0027909060175794454,0.0,False
278110637,Sách Biết Để Làm Gì,Truyện thiếu nhi,25,0.4063298740366018,25,0.4063298740366018,0.0,False
277281579,Sách Thân gửi sở thú - Tái Bản 2025,Truyện thiếu nhi,23,0.44941996437866005,23,0.44941996437866005,0.0,False
276649446,Combo 3 cuốn Lũ trẻ hư nhất quả đất,Truyện thiếu nhi,29,0.01165023450070179,29,0.01165023450070179,0.0,False
274744702,Sách Lá Cờ Chuẩn Đỏ Thắm (Kỉ Niệm 70 Năm Chiến Thắng Điện Biên Phủ),Truyện thiếu nhi,25,0.1251782786985703,25,0.1251782786985703,0.0,False
272267674,Sách Quái vật băng – Bestseller hài hước SỐ MỘT nước Anh của David Walliams,Truyện thiếu nhi,29,0.5428068362795272,29,0.5428068362795272,0.0,False
271414262,Sách Chuyến phiêu lưu kỳ diệu của Edward Tulane,Truyện thiếu nhi,24,0.45397763586534007,24,0.45397763586534007,0.0,False
270789192,Sách Who? Chuyện Kể Về Danh Nhân Thế Giới: Louis Braille,Truyện thiếu nhi,25,0.46598491808342274,25,0.46598491808342274,0.0,False
270703325,Tranh Truyện Dân Gian Việt Nam: Sự Tích Con Khỉ,Truyện thiếu nhi,7,0.005975490196078431,7,0.005975490196078431,0.0,False
216113774,Sách THUYẾT MINH TRỰC QUAN NHẤT VỀ BẢNG TUẦN HOÀN CÁC NGUYÊN TỐ HÓA HỌC,Truyện thiếu nhi,23,0.27136109980776446,23,0.27136109980776446,0.0,False
210765544,Sách Chú heo Giáng Sinh,Truyện thiếu nhi,24,0.4253552760807512,24,0.4253552760807512,0.0,False
195662920,"Sách Về Nhà Thôi, Hải Li!",Truyện thiếu nhi,24,0.4605684800644454,24,0.4605684800644454,0.0,False
195624212,365 Truyện Kể Hằng Đêm - Mùa Đông B95,Truyện thiếu nhi,27,0.42744768313911125,27,0.42744768313911125,0.0,False
193979584,Sách Bách khoa thư về phát triển kỹ năng - Tuổi dậy thì,Truyện thiếu nhi,28,0.382725176587693,28,0.382725176587693,0.0,False
160814483,Nhật Ký Chú Bé Nhút Nhát - Tập 4: Mùa Hè Tuyệt Vời (Tái Bản),Truyện thiếu nhi,23,0.4060750888345365,23,0.4060750888345365,0.0,False
157195759,Sách Các Vị Thần Linh Khắp Thế Gian,Truyện thiếu nhi,25,0.5447987459618939,25,0.5447987459618939,0.0,False
135754575,Sách Những Câu Chuyện Truyền Cảm Hứng - I Will Be Better: Dũng Cảm Thử Lại Lần Nữa,Truyện thiếu nhi,24,0.5117582060404566,24,0.5117582060404566,0.0,False
129767987,Sách Những Câu Đố Toán Học Kiểu Nhật - Lập Luận,Truyện thiếu nhi,27,0.41812958374830345,27,0.41812958374830345,0.0,False
125400249,CHUYỆN PHIÊU LƯU CỦA MÍT ĐẶC VÀ CÁC BẠN (Bìa cứng),Truyện thiếu nhi,4,0.2290075470790011,20,0.3549154202642083,0.12590787318520721,True
109982972,Sách Marie Curie - Nhà Nữ Khoa Học Kiệt Xuất,Truyện thiếu nhi,30,0.4505717284674146,20,0.5555675667574761,0.10499583829006148,True
105933090,Sách Chester Dũng Cảm (Tái Bản),Truyện thiếu nhi,24,0.46111179884208964,24,0.46111179884208964,0.0,False
105794986,Sách The Lemonade War: Thương Vụ Nước Chanh,Truyện thiếu nhi,23,0.5077428711736958,23,0.5077428711736958,0.0,False
91272084,Sách Cuộc Thám Hiểm Vào Lòng Đất (Tái Bản),Truyện thiếu nhi,32,0.48231901152761436,20,0.5491336581885696,0.06681464666095527,True
87120332,Sách Yêu Thương Và Bảo Vệ Hành Tinh Xanh - Hệ Sinh Thái Mạng Lưới Của Sự Sống,Truyện thiếu nhi,13,0.4573190130097074,25,0.5365731189857925,0.07925410597608512,True
75510971,Truyện Ngụ Ngôn La Fontaine Hay Nhất - Tủ Sách Vàng Cho Con,Truyện thiếu nhi,26,0.5154990012446017,26,0.5154990012446017,0.0,False
74225721,Sách Stem - Tớ Là Nhà Sinh Thái Học,Truyện thiếu nhi,29,0.08888134264425358,0,0.14580202827531155,0.05692068563105797,True
44976179,Sách Nhà Của Ai Cao Hơn?,Truyện thiếu nhi,36,0.28591942854805175,20,0.48263773191663345,0.1967183033685817,True
34554018,Sách Câu Chuyện Vật Lý,Truyện thiếu nhi,21,0.5761804671291693,21,0.5761804671291693,0.0,False
31322900,Cơ Thể Của Tôi Hoạt Động Như Thế Nào - Tinh Thần,Truyện thiếu nhi,29,0.4710797659468748,29,0.4710797659468748,0.0,False
19276024,Sách Set Ehon Hình Khối,Truyện thiếu nhi,29,0.4603969114094661,25,0.5258328784728087,0.06543596706334259,True
14273548,Tủ Sách Vàng: Những Ngày Thơ Ấu,Truyện thiếu nhi,28,0.5883187543388556,28,0.5883187543388556,0.0,False
13329848,Hachiko - Chú Chó Đợi Chờ (Tái Bản 2019),Truyện thiếu nhi,0,0.26356045855259597,20,0.44226566561168357,0.1787052070590876,True
10271795,"Combo 3 Cuốn Pomath Toán Tư Duy Cho Trẻ Em 4 - 6 tuổi (Tập 1,2,3)",Truyện thiếu nhi,26,0.3991147085539848,26,0.3991147085539848,0.0,False
8470218,Sách Tương Tác - Sách Chuyển Động - First Explorers - Sea Creatures - Sinh Vật Biển,Truyện thiếu nhi,23,0.300722290591336,23,0.300722290591336,0.0,False
7440755,Sách Gấu Kaola - Làn Hơi Ấm (Tái Bản),Truyện thiếu nhi,28,0.5331782961379521,28,0.5331782961379521,0.0,False
596463,Sách Thế Giới Xe Công Trình - Xe Trộn Bê Tông Vất Vả,Truyện thiếu nhi,24,0.6834341168949173,24,0.6834341168949173,0.0,False
565645,Big Book Of Sea Creatures – Cuốn Sách Khổng Lồ Về Các Loài Động Vật Biển,Truyện thiếu nhi,5,0.26256134178066914,20,0.35644727062156856,0.09388592884089941,True
454960,"Tranh Truyện Dân Gian Việt Nam - Có Công Mài Sắt, Có Ngày Nên Kim",Truyện thiếu nhi,24,0.5624232307264591,24,0.5624232307264591,0.0,False
279416917,Sách - Tô Màu Thông Minh - RAU CỦ QUẢ - SKIDS,Truyện thiếu nhi,28,0.0013046878904492978,28,0.0013046878904492978,0.0,False
279269032,Sách - Truyện Tranh Thiếu Nhi - Khai Sáng Tư Duy Trẻ Em,Truyện thiếu nhi,13,0.0023041883899497973,35,0.059773771094826615,0.057469582704876815,True
279226072,Sách Làng Ta Có Một Anh Hùng - Bìa Cứng - Giải Thường Văn Học Kim Đồng,Truyện thiếu nhi,25,0.009227265313026721,35,0.059773771094826615,0.050546505781799894,True
278966479,Sách - Lớp Học Mật Ngữ - Phiên Bản Mới - Tập 4 (Tái Bản 2025) - Tặng Kèm Quà Tặng Ngẫu Nhiên,Truyện thiếu nhi,0,0.0027909060175794454,0,0.0027909060175794454,0.0,False
278957417,Sách Ông Già Noel Bất Đắc Dĩ,Truyện thiếu nhi,21,0.5500545483593868,21,0.5500545483593868,0.0,False
279414086,Sách Viết Cũng Là Học - Writing to learn,Kỹ năng sống,26,0.27153694735609984,26,0.27153694735609984,0.0,False
278966679,Sách - Phương Pháp Đặt Câu Hỏi Của Socrates - Khai Mở Tư Duy Phản Biện Và Hiểu Biết Sâu Sắc,Kỹ năng sống,15,0.3129988509101311,25,0.41318036338502073,0.10018151247488966,True
278842696,Dị Văn Lục,Kỹ năng sống,32,0.13055425633110354,25,0.21612872160569271,0.08557446527458917,True
278838097,Sách Tính Bản Ác (M. Scott Peck) - Tuệ Tri,Kỹ năng sống,30,0.3849974700955884,25,0.5035340693102238,0.11853659921463544,True
278668649,Sách Sống Đời Giản Dị,Kỹ năng sống,21,0.38454652394613015,21,0.38454652394613015,0.0,False
278489414,Sách Tư Duy Hệ Thống,Kỹ năng sống,33,0.21193918733080605,25,0.31779628611318034,0.10585709878237429,True
278445062,Sách Thuyết Mặc Kệ Họ,Kỹ năng sống,26,0.22867082416650078,26,0.22867082416650078,0.0,False
277728224,"Sách Nói Chuyện Là Bản Năng, Giữ Miệng Là Tu Dưỡng, Im Lặng Là Trí Tuệ",Kỹ năng sống,37,0.45328992160819387,25,0.5393650806638776,0.08607515905568369,True
276960030,Sách Khi Mọi Điều Không Như Ý,Kỹ năng sống,29,0.4414983236795545,29,0.4414983236795545,0.0,False
276883579,Sống Sáng - Phan Việt - Sáng Books,Kỹ năng sống,0,0.15105356548860874,25,0.2630012533653547,0.11194768787674594,True
276471716,Sách Cách Sống,Kỹ năng sống,23,0.5265953467481644,23,0.5265953467481644,0.0,False
274363543,Sách Con Đường Chẳng Mấy Ai Đi,Kỹ năng sống,30,0.2884561421413615,30,0.2884561421413615,0.0,False
271518926,Sách Dám bị ghét,Kỹ năng sống,30,0.23319245165546845,25,0.36349241255407494,0.1302999608986065,True
271380890,Sách Đúng Việc,Kỹ năng sống,28,0.3907707445658098,28,0.3907707445658098,0.0,False
263070154,Sách Giải mã Hoóc-môn Dopamine,Kỹ năng sống,29,0.5049041031054767,29,0.5049041031054767,0.0,False
220665663,Sách 30 Tuổi - Mọi Thứ Chỉ Mới Bắt Đầu,Kỹ năng sống,29,0.5443633926898918,29,0.5443633926898918,0.0,False
195545304,Sách Khéo Ăn Nói Sẽ Có Được Thiên Hạ,Kỹ năng sống,33,0.5135850796676842,33,0.5135850796676842,0.0,False
195291930,Sách Bốn Thỏa Ước,Kỹ năng sống,29,0.34813713775383975,29,0.34813713775383975,0.0,False
189940673,Sách Học Cách Học (Tái bản),Kỹ năng sống,33,0.5017621125540221,25,0.5626824130985263,0.06092030054450415,True
179063564,Sách Tôi Tự Học,Kỹ năng sống,20,0.3225780218013357,25,0.379404888485838,0.056826866684502264,True
177637709,Sách Làm Chủ Bình Minh - Sống Đời Xuất Chúng - CLB 5 Giờ Sáng (Robin Sharma),Kỹ năng sống,20,0.1971729031516132,20,0.1971729031516132,0.0,False
170708233,Sách Thay Đổi Tí Hon - Hiệu Quả Bất Ngờ Atomic Habits (Tái Bản Lần 4),Kỹ năng sống,28,0.5048355200218113,28,0.5048355200218113,0.0,False
140416370,Sách Flow - Dòng Chảy,Kỹ năng sống,35,0.20017695140570468,35,0.20017695140570468,0.0,False
139303869,Sách Nghệ Thuật Tinh Tế Của Việc Đếch Quan Tâm (Tái Bản),Kỹ năng sống,30,0.2934723484047894,25,0.39955196724925357,0.10607961884446415,True
127649070,Sách Thay Đổi Câu Hỏi Thay Đổi Cuộc Đời,Kỹ năng sống,38,0.23389698578334964,25,0.39492241606027156,0.16102543027692193,True
115078652,Sách Huấn Luyện Cảm Xúc Để Con Trẻ Phát Triển Toàn Diện,Kỹ năng sống,30,0.16348633242084984,30,0.16348633242084984,0.0,False
107802183,Sách Sức Mạnh Tiềm Thức (Tái Bản) (Bìa Mềm),Kỹ năng sống,26,0.3989983538640505,26,0.3989983538640505,0.0,False
106362865,Sách - Lão tử đạo đức kinh,Kỹ năng sống,32,0.4972972989014024,25,0.5595653399720646,0.062268041070662195,True
104314401,Sách Bí Mật Của May Mắn (Khổ Lớn) (Tái Bản),Kỹ năng sống,26,0.524973140328806,20,0.5881942770124732,0.06322113668366713,True
101782486,"Sách Deep Work - Làm Ra Làm, Chơi Ra Chơi (Tái Bản)",Kỹ năng sống,31,0.49731805850488797,25,0.5685224814901377,0.07120442298524976,True
91947689,Sách 7 Thói Quen Hiệu Quả (The 7 Habits Of Highly Effective People) - Stephen R. Covey - PACE Books,Kỹ năng sống,28,0.29993693073979677,28,0.29993693073979677,0.0,False
77982982,Sách Trí Tuệ Xúc Cảm,Kỹ năng sống,34,0.4120689080045834,25,0.5303968555169903,0.11832794751240694,True
73207098,Sách Làm Chủ - Mastery,Kỹ năng sống,22,0.542724536253394,22,0.542724536253394,0.0,False
50322710,Sách 48 Nguyên Tắc Chủ Chốt Của Quyền Lực (Tái Bản 2020),Kỹ năng sống,22,0.30213291078178206,22,0.30213291078178206,0.0,False
45663008,Sách Ngày Xưa Có Một Con Bò…(Tái Bản),Kỹ năng sống,21,0.5863955145007794,21,0.5863955145007794,0.0,False
32490132,Sách Một Đời Như Kẻ Tìm Đường,Kỹ năng sống,21,0.5552160520265188,21,0.5552160520265188,0.0,False
14643411,Sách Điều Kỳ Diệu (Tái Bản),Kỹ năng sống,21,0.5646396356892328,21,0.5646396356892328,0.0,False
13419678,Sách Đi Tìm Lẽ Sống (Tái Bản ),Kỹ năng sống,26,0.5470636293618244,26,0.5470636293618244,0.0,False
10866305,Sách Tư Duy Pháp Lý Của Luật Sư (Tái Bản),Kỹ năng sống,23,0.3139883075668827,23,0.3139883075668827,0.0,False
2619499,Sách ​Liễu Phàm Tứ Huấn (Tái Bản),Kỹ năng sống,26,0.527315973719818,26,0.527315973719818,0.0,False
279391329,Sách Trị Liệu Cảm Xúc Bằng Hương Thơm,Kỹ năng sống,32,0.0014059579439252338,32,0.0014059579439252338,0.0,False
279342169,Sách Tâm Lý Học Đọc Vị,Kỹ năng sống,31,0.0008200665785212296,31,0.0008200665785212296,0.0,False
279321796,Sách Thế Hệ Burnout – Vì Sao Chúng Ta Kiệt Sức?,Kỹ năng sống,25,0.001673370937024553,25,0.001673370937024553,0.0,False
279259349,Sách Trí Tuệ Quỷ Cốc Tử (Nghệ Thuật Đối Nhân Xử Thế),Kỹ năng sống,30,0.4562132382541796,25,0.5334081270869105,0.07719488883273096,True
279259095,Sách Dạ Khúc Hồi Tưởng,Kỹ năng sống,25,0.5433650806638775,25,0.5433650806638775,0.0,False
278692091,Sách Giải Mã Kiểu Gắn Bó Của Bạn,Kỹ năng sống,23,0.28724368224584396,23,0.28724368224584396,0.0,False
277963698,"Sách Huyễn Tưởng Về Bình Thường - Sang Chấn Tâm Lý, Bệnh Tật Và Chữa Lành Trong Một Nền Văn Hóa Độc Hại",Kỹ năng sống,24,0.2708957199518352,24,0.2708957199518352,0.0,False
277499663,Sách NVIDIA Cỗ Máy Tư Duy Vĩ Đại,Kỹ năng sống,33,0.1493684322384551,25,0.25822620701500937,0.10885777477655426,True
276652110,Sách Thôi miên bằng ngôn từ -  Sách Nghệ Thuật Bán Hàng Và Thuyết Phục Đỉnh Cao TB,Kỹ năng sống,25,0.22473388853956827,25,0.22473388853956827,0.0,False
276649996,Sách Sức Mạnh Của Niềm Tin,Kỹ năng sống,33,0.15245668767416817,25,0.2610998977224904,0.10864321004832225,True
276477770,Sách Storytelling - Lay Động Lòng Người Bằng Chuyện Kể,Kỹ năng sống,29,0.3890735872391382,25,0.4772781997393767,0.08820461250023848,True
276388548,Sách Tư Duy Nhanh Và Chậm (Tái Bản),Kỹ năng sống,30,0.5054569105452383,30,0.5054569105452383,0.0,False
276289473,Sách Triết lý của Inamori Kazuo Chúng ta sống vì điều gì?,Kỹ năng sống,20,0.34811726557997974,25,0.421150684020482,0.07303341844050226,True
274844704,Sách Trong Đầu Có Giấu Con Voi,Kỹ năng sống,30,0.4288084816162745,25,0.5310218918102428,0.10221341019396835,True
274807853,Sách Building A Second Brain - Thiết Lập Bộ Não Thứ 2,Kỹ năng sống,38,0.16651506577217962,25,0.2703256540475526,0.10381058827537298,True
273844978,Sách Thao Túng Tâm Lý,Kỹ năng sống,32,0.49441855218252273,25,0.5652557188176809,0.07083716663515816,True
272449818,Sách MANIFEST – 7 Bước Để Thay Đổi Cuộc Đời Bạn Mãi Mãi,Kỹ năng sống,23,0.4218042612373479,23,0.4218042612373479,0.0,False
271379451,Sách Lý Thuyết Trò Chơi,Kỹ năng sống,35,0.4778332851000029,25,0.5504933523012016,0.07266006720119866,True
270546273,Combo Tư Duy Ngược + Tư Duy Mở (Nguyễn Anh Dũng) SBOOKS ,Kỹ năng sống,20,0.43827275497507917,25,0.5024335441218368,0.06416078914675766,True
248541389,"Sách Sư Phạm Khai Phóng - Thế Giới, Việt Nam & Tôi",Kỹ năng sống,26,0.27404157516388616,26,0.27404157516388616,0.0,False
205581885,Sách Ba người thầy vĩ đại (Tái bản),Kỹ năng sống,26,0.44981321347434217,26,0.44981321347434217,0.0,False
195801321,Sách The One Thing - Điều Ý Nghĩa Nhất (Tái Bản 2022),Kỹ năng sống,34,0.4749523775660116,25,0.5436918426240386,0.06873946505802697,True
191782162,Sách Trên Đường Băng (Tony Buổi Sáng),Kỹ năng sống,21,0.40144732993044663,21,0.40144732993044663,0.0,False
190238356,Sách Kỷ Luật Bản Thân,Kỹ năng sống,32,0.3402480311507405,25,0.48061153307271,0.1403635019219695,True
189643105,Sách Không Phải Sói Nhưng Cũng Đừng Là Cừu -Tặng kèm bookmark 2 mặt,Kỹ năng sống,28,0.5257309664134274,28,0.5257309664134274,0.0,False
147058065,Sách Phi Lý Trí - Khám Phá Những Động Lực Vô Hình Ẩn Sau Những Quyết Định Của Con Người ( Tái Bản),Kỹ năng sống,32,0.5298992042607109,32,0.5298992042607109,0.0,False
124767704,Sách Bạn Đắt Giá Bao Nhiêu? (Tái Bản),Kỹ năng sống,23,0.34107960459651065,23,0.34107960459651065,0.0,False
113530805,Sách Tuổi Trẻ Đáng Giá Bao Nhiêu (Tái Bản),Kỹ năng sống,43,0.3916662292837454,25,0.5790864189256254,0.18742018964188,True
111285062,Sách Đắc Nhân Tâm (Bìa Mềm)(Tái Bản),Kỹ năng sống,34,0.5188099591329243,20,0.5711649094160668,0.05235495028314252,True
82936273,Sách Óc Sáng Suốt (Tái Bản 2021),Kỹ năng sống,20,0.5835956936963326,20,0.5835956936963326,0.0,False
79672197,Sách Bí Mật Của May Mắn (Khổ Nhỏ)(Tái Bản),Kỹ năng sống,26,0.5106952414002022,26,0.5106952414002022,0.0,False
75307228,Sách OSHO Yêu - Being In Love - Yêu Trong Tỉnh Thức,Kỹ năng sống,26,0.3549062776950529,26,0.3549062776950529,0.0,False
72459686,Sách How Psychology Works - Hiểu Hết Về Tâm Lý Học,Kỹ năng sống,25,0.6047579102779036,25,0.6047579102779036,0.0,False
71072209,Sách Nhân Gian Đáng Giá,Kỹ năng sống,30,0.2934723484047894,25,0.39955196724925357,0.10607961884446415,True
68059466,Sách Tư Duy Đặt Cược: Quyết Định Sáng Suốt Hơn Khi Không Có Đủ Thông Tin,Kỹ năng sống,22,0.544881915007822,22,0.544881915007822,0.0,False
55319105,Sách Những Quy Luật Của Bản Chất Con Người,Kỹ năng sống,21,0.6162262146025778,21,0.6162262146025778,0.0,False
30757177,Sách Bản Chất Của Người,Kỹ năng sống,27,0.5066575754834566,27,0.5066575754834566,0.0,False
10005245,Sách Đàn Ông Sao Hỏa Đàn Bà Sao Kim,Kỹ năng sống,25,0.55716009207152,25,0.55716009207152,0.0,False
7718737,Sách Nghệ Thuật Tư Duy Rành Mạch (Tái Bản),Kỹ năng sống,26,0.5229445403653016,26,0.5229445403653016,0.0,False
3640421,Sách Đắc Nhân Tâm - Bản Dịch Gốc Từ Nguyễn Hiến Lê (Tặng Kèm Audio Book),Kỹ năng sống,24,0.5492743346681386,24,0.5492743346681386,0.0,False
279298882,Sách Toán Học Của Thịnh Vượng - Phép Tính Đơn Giản Để Đạt Được An Toàn Tài Chính,Kỹ năng sống,29,0.22842352604697233,29,0.22842352604697233,0.0,False
279267466,Sách Tự Chống Lưng,Kỹ năng sống,31,0.0008200665785212296,31,0.0008200665785212296,0.0,False
278917019,Sách Tâm Trí Chúng Ta Thay Đổi Như Thế Nào,Kỹ năng sống,23,0.27699153563835066,23,0.27699153563835066,0.0,False
278860986,Sách Trước Khi Bỏ Cuộc Hãy Nhớ Lại Lý Do Khiến Bạn Bắt Đầu,Kỹ năng sống,23,0.3789954109999972,23,0.3789954109999972,0.0,False
278632651,Sách Quản Trị Cuộc Đời,Kỹ năng sống,33,0.009721757340606983,33,0.009721757340606983,0.0,False
278090753,"Sách Rich habits, poor habits: Sự khác biệt giữa người giàu và người nghèo",Kỹ năng sống,25,0.5324028495871619,25,0.5324028495871619,0.0,False
277585868,"Sách Thế Mạnh Tuổi Trung Niên- Tìm kiếm thành công, hạnh phúc và mục đích cao đẹp ở nửa phần đời còn lại",Kỹ năng sống,29,0.20475207234727133,29,0.20475207234727133,0.0,False
276912755,Sách Tiến hóa nội tâm cùng Carl Jung,Kỹ năng sống,25,0.5547358496472775,25,0.5547358496472775,0.0,False
276313958,Sách Vẻ Đẹp Của Cảnh Sắc Tầm Thường,Kỹ năng sống,29,0.23906400223744853,29,0.23906400223744853,0.0,False
275948804,Sách Quản Trị Sự Thay Đổi,Kỹ năng sống,34,0.13572541995073145,25,0.22291657435962514,0.08719115440889369,True
275905148,Sách Nâng Cao Tần Số Năng Lượng Cá Nhân,Kỹ năng sống,34,0.17385624483009,25,0.2703256540475526,0.09646940921746261,True
275903864,"Sách Nên Nói Gì, Làm Gì Với Người Trầm Cảm",Kỹ năng sống,25,0.4167282912285695,25,0.4167282912285695,0.0,False
275243138,Sách Rèn Luyện Tư Duy Phản Biện,Kỹ năng sống,37,0.43669451995205755,25,0.5545034121304909,0.11780889217843338,True
275178313,Sách Lười - Một lần Lười bằng Mười than thuốc bổ,Kỹ năng sống,29,0.4540715100198351,25,0.5175088668294029,0.0634373568095678,True
274467449,Làm Điều Quan Trọng,Kỹ năng sống,0,0.1677958232308665,25,0.24758573082453306,0.07978990759366655,True
273717706,Sách Hiểu Về Bản Chất Con Người - Lý Luận Của Bậc Thầy Tâm Thần Học,Kỹ năng sống,23,0.5395043952582683,23,0.5395043952582683,0.0,False
273691882,Sách Bốn nghìn tuần - Quản lý thời gian khi cuộc đời là hữu hạn,Kỹ năng sống,49,0.13121097401943527,25,0.41380027067729713,0.28258929665786187,True
273596551,Sách Trắc ẩn với chính mình,Kỹ năng sống,42,0.16621462169677226,25,0.3823012731469285,0.21608665145015626,True
272349567,Sách Kẻ thua cuộc giỏi nhất sẽ giành chiến thắng,Kỹ năng sống,25,0.24758573082453306,25,0.24758573082453306,0.0,False
262517040,Combo Many Lives Many Times - Muôn Kiếp Nhân Sinh - Tập 1 + 2 + 3 (3 Cuốn - Bìa Mềm) - FN,Kỹ năng sống,15,0.006835006570064652,15,0.006835006570064652,0.0,False
208560326,Sách Ước Mơ Của Bạn Nhất Định Thành Hiện Thực,Kỹ năng sống,24,0.3948711425208575,24,0.3948711425208575,0.0,False
196411135,Sách Nghệ Thuật Phòng The – Để Cuộc Yêu Thăng Hoa,Kỹ năng sống,26,0.25340109897340996,26,0.25340109897340996,0.0,False
195545278,Sách Nghệ Thuật Xử Thế - Cùng Dale Carnegie Tiến Tới Thành Công,Kỹ năng sống,23,0.404857993540941,23,0.404857993540941,0.0,False
187827003,Sách Không Diệt Không Sinh Đừng Sợ Hãi (TB5),Kỹ năng sống,29,0.444074081255312,29,0.444074081255312,0.0,False
107802188,Sách Bí Mật Tư Duy Triệu Phú (Tái Bản),Kỹ năng sống,26,0.4422158308116073,26,0.4422158308116073,0.0,False
106863963,Sách Tâm Lý Học - Phác Họa Chân Dung Kẻ Phạm Tội,Kỹ năng sống,25,0.5689558858090539,25,0.5689558858090539,0.0,False
85923342,Sách Minh Triết Trong Ăn Uống Của Phương Đông (Tái Bản),Kỹ năng sống,26,0.3549062776950529,26,0.3549062776950529,0.0,False
76776245,Sách Nghệ Thuật Tư Duy Phản Biện,Kỹ năng sống,34,0.526710709955864,34,0.526710709955864,0.0,False
73795265,Sách Hợp Nhất Với Vũ Trụ (Bìa Mềm) (Tái Bản 2020),Kỹ năng sống,26,0.4259556279108573,26,0.4259556279108573,0.0,False
68585576,"Sách Càng Kỷ Luật, Càng Tự Do",Kỹ năng sống,13,0.44658623729272107,25,0.564331603163893,0.1177453658711719,True
55093435,Sách Hạnh Phúc Hay Không Do Ta Quyết Định (Tái Bản 2020),Kỹ năng sống,23,0.4880242567643208,23,0.4880242567643208,0.0,False
48481763,Sách Thiên Nga Đen (Tái Bản 2020),Kỹ năng sống,33,0.5167924647787882,25,0.6016720623791075,0.08487959760031938,True
48266434,Sách Hạt Giống Tâm Hồn 1 (Tái Bản),Kỹ năng sống,26,0.3532575975195023,26,0.3532575975195023,0.0,False
42230121,Sách Hiểu Về Trái Tim (Tái Bản 2019) - Minh Niệm,Kỹ năng sống,14,0.22832312362476007,14,0.22832312362476007,0.0,False
40933971,Sách Một Đời Thương Thuyết (Tái Bản),Kỹ năng sống,22,0.3761903675244308,22,0.3761903675244308,0.0,False
36363381,Sách Sao Chúng Ta Lại Ngủ,Kỹ năng sống,29,0.5172285812740468,29,0.5172285812740468,0.0,False
10379317,Sách Nghệ Thuật Giao Tiếp Để Thành Công (Tái Bản 2019),Kỹ năng sống,33,0.5278422889078034,33,0.5278422889078034,0.0,False
7982626,Sách Thế Giới Phẳng (Tái Bản),Kỹ năng sống,26,0.5236867324489333,26,0.5236867324489333,0.0,False
7435679,Sách Tư Duy Tích Cực (Tái Bản),Kỹ năng sống,30,0.44594159080023055,20,0.56784956941201,0.12190797861177949,True
552393,Sách Hiểu Về Trái Tim,Kỹ năng sống,0,0.16391826468386012,25,0.24724908136843582,0.0833308166845757,True
279280074,Sách Sức Hút Tuyệt Đối,Kỹ năng sống,35,0.006914577665398729,35,0.006914577665398729,0.0,False
279226630,Sách Minh Triết Từ Nỗi Bất An,Kỹ năng sống,35,0.28511929069553305,25,0.41242027645675594,0.1273009857612229,True
278880965,Sách Sống Đời Hạnh Phúc,Kỹ năng sống,23,0.012229191547711576,23,0.012229191547711576,0.0,False
277995357,Sách Kỹ Năng Giao Tiếp Đỉnh Cao,Kỹ năng sống,26,0.5219938284908262,26,0.5219938284908262,0.0,False
277993499,Sách Bách Trí Minh Đạo - Tề gia dưỡng người: Nền tảng của hạnh phúc,Kỹ năng sống,28,0.2630344684416114,28,0.2630344684416114,0.0,False
277587064,Sách 55 Thần Chú Của Sự Bình An,Kỹ năng sống,23,0.0015495501823075718,23,0.0015495501823075718,0.0,False
277585864,Sách Co - Intellgence - Trí Tuệ Đồng Hành - Kỷ nguyên sống và làm việc cùng AI,Kỹ năng sống,29,0.4568985396292924,25,0.5286311212512561,0.07173258162196372,True
277505035,Sách Phiên Bản Tôi Tốt Nhất,Kỹ năng sống,32,0.0009438873332382107,32,0.0009438873332382107,0.0,False
277164134,Sách Chú Rối Nhỏ,Kỹ năng sống,26,0.001673370937024553,26,0.001673370937024553,0.0,False
276952779,Sách Năng lượng tái sinh Hành trình tìm lại sức mạnh từ bên trong,Kỹ năng sống,27,0.2563131793240221,27,0.2563131793240221,0.0,False
276344684,Sách Nghệ thuật nói trước công chúng,Kỹ năng sống,27,0.3435431972681662,27,0.3435431972681662,0.0,False
276076848,Sách Trò Chơi Của Những Kẻ Hiểu Luật,Kỹ năng sống,32,0.28588540405444157,25,0.4212305602142129,0.13534515615977133,True
275948240,Sách Same As Ever: Quy Luật Bất Biến Về Bản Chất Con Người Và Tâm Lý Làm Giàu,Kỹ năng sống,36,0.31510346946021617,25,0.5015683128618686,0.18646484340165248,True
275264325,Sách Thuật toán cuộc đời: Khi tư duy quyết định số phận,Kỹ năng sống,27,0.0006020363752977827,27,0.0006020363752977827,0.0,False
275264315,Sách Hướng dẫn xây kênh Podcast từ A-Z,Kỹ năng sống,27,0.0006020363752977827,27,0.0006020363752977827,0.0,False
275218105,Sách Hạnh Phúc Mỗi Ngày,Kỹ năng sống,26,0.5223157408734499,26,0.5223157408734499,0.0,False
274160589,"Sách Nguyên lý Thường nhật: 366 Suy ngẫm về Quyền lực, Quyến rũ, Làm chủ, Chiến lược, và Bản chất con người",Kỹ năng sống,21,0.24375302056487208,21,0.24375302056487208,0.0,False
272446715,Sách Thuật Dụng Ngôn (Tái Bản),Kỹ năng sống,30,0.2843963956148119,25,0.4029342911994962,0.1185378955846843,True
271278936,Sách Người thành công có lối đi riêng,Kỹ năng sống,29,0.20475207234727133,29,0.20475207234727133,0.0,False
270504803,Sách 4 Nguyên Tắc Thực Thi (The 4 Disciplines Of Execution),Kỹ năng sống,28,0.2466019961831946,28,0.2466019961831946,0.0,False
267340224,Sách Hồ sơ tội phạm - Giám định pháp y bằng mã gen,Kỹ năng sống,56,0.1796975593279396,0,0.32334759928743795,0.14365003995949835,True
253227806,"Sách: Ngừng nói, bắt đầu tạo ảnh hưởng",Kỹ năng sống,35,0.005038398420115711,35,0.005038398420115711,0.0,False
214598584,Sách Óc Sáng - Suốt (Ấn Bản Hoài Cổ),Kỹ năng sống,24,0.001673370937024553,24,0.001673370937024553,0.0,False
207427386,Sách Meta Human - Siêu Nhân Loại - Mở khóa tiềm năng vô hạn trong bạn,Kỹ năng sống,31,0.3375629654024093,25,0.48061153307271,0.14304856767030066,True
200877611,Sách Đôi Điều Cần Suy Ngẫm,Kỹ năng sống,26,0.22867082416650078,26,0.22867082416650078,0.0,False
200852591,Sách Một Nghệ Thuật Sống,Kỹ năng sống,21,0.39608284588107595,21,0.39608284588107595,0.0,False
196411153,Sách Master Your Life - Làm Chủ Niềm Tin,Kỹ năng sống,25,0.001673370937024553,25,0.001673370937024553,0.0,False
196411142,Sách Master Your Life - Làm Chủ Động Lực,Kỹ năng sống,18,0.00028953637529778267,18,0.00028953637529778267,0.0,False
168662558,Sách CCMR. Phải Trái Đúng Sai,Kỹ năng sống,26,0.36117386465193535,26,0.36117386465193535,0.0,False
161310107,Sách Làm Chủ Sự Thay Đổi - Vực Dậy Sau Biến Cố,Kỹ năng sống,29,0.4568985396292924,25,0.5286311212512561,0.07173258162196372,True
138107485,Sách Mặt Dày Tâm Đen (Tái Bản),Kỹ năng sống,29,0.4718086762352621,25,0.5435079378067347,0.07169926157147255,True
121635152,Sách Không Ai Có Thể Làm Bạn Tổn Thương Trừ Khi Bạn Cho Phép (Tặng Kèm 1 Bộ Bookmark Gồm 4 Cái),Kỹ năng sống,32,0.2597947261933238,25,0.41380027067729713,0.15400554448397336,True
81884465,Sách Tất Cả Chúng Ta Đều Hành Xử Cảm Tính (Tái Bản),Kỹ năng sống,20,0.2042390150381145,20,0.2042390150381145,0.0,False
76105910,Sách 5 Ngôn Ngữ Yêu Thương - The Five Love Languages (Tái Bản),Kỹ năng sống,35,0.2918694427354677,25,0.43152545037181644,0.13965600763634872,True
66712456,Sách Trở Về Không - Trải Nghiệm Ho'oponopono - Thực Hiện Hóa Những Phép Màu Trong Cuộc Sống,Kỹ năng sống,30,0.2729007776677301,30,0.2729007776677301,0.0,False
66619715,Sách Vị Tu Sĩ Bán Chiếc Ferrari (Tái Bản),Kỹ năng sống,26,0.5005559891262431,26,0.5005559891262431,0.0,False
49747007,Sách Hai Mặt Của Gia Đình,Kỹ năng sống,31,0.5113516179169493,31,0.5113516179169493,0.0,False
3102767,Sách Học Khôn Ngoan Mà Không Gian Nan (Tái Bản),Kỹ năng sống,28,0.34078738437971395,28,0.34078738437971395,0.0,False
1639671,Sách Ngay Bây Giờ Hoặc Không Bao Giờ (Tái Bản),Kỹ năng sống,25,0.5601417184389884,25,0.5601417184389884,0.0,False
828645,Sách Trước Bình Minh Luôn Là Đêm Tối,Kỹ năng sống,39,0.2593652221514207,39,0.2593652221514207,0.0,False
279395388,Trị Liệu Cảm Xúc Bằng Hương Thơm,Kỹ năng sống,28,0.0006020363752977827,28,0.0006020363752977827,0.0,False
279342296,Sách +82 Hàn Quốc – Giải Mã 82 Bí Mật Văn Hóa Và Tâm Lý Người Hàn (Song Ngữ Việt – Hàn),Kỹ năng sống,25,0.0006020363752977827,25,0.0006020363752977827,0.0,False
279226628,Sách Làm Chủ AI,Kỹ năng sống,26,0.5088982079441449,26,0.5088982079441449,0.0,False
279215281,Sách The Zen Leader - Nhà Lãnh Đạo Thiền,Kỹ năng sống,22,0.24503904010807928,22,0.24503904010807928,0.0,False
279134324,Khi Ai Cũng Biết Rằng Ai Cũng Biết,Kỹ năng sống,32,0.14558237073427746,25,0.25340759003018276,0.1078252192959053,True
278972913,Sách Thước đo nào cho cuộc đời bạn?,Kỹ năng sống,22,0.0013608709370245531,22,0.0013608709370245531,0.0,False
278906604,Sách - Con Mèo Của Schrödinger,Kỹ năng sống,12,0.00028953637529778267,12,0.00028953637529778267,0.0,False
278893504,Sách Tính Nữ Tự Do - Nhìn Thấu Những Ham Muốn Và Nỗi Sợ Hãi Bên Trong,Kỹ năng sống,31,0.0009438873332382107,31,0.0009438873332382107,0.0,False
278865564,Sách Unibooks - Bộ Lược sử kinh tế học lầy lội - Khủng hoảng dạy cho ta những gì,Kỹ năng sống,25,0.0006020363752977827,25,0.0006020363752977827,0.0,False
278591040,Sách Hiểu Về ADHD - Vượt Qua Thách Thức Và Phát Triển Cùng Rối Loạn Tăng Động Giảm Chú Ý,Kỹ năng sống,29,0.2274095297157016,29,0.2274095297157016,0.0,False
278321464,Sách Đồng Tiền Hạnh Phúc,Kỹ năng sống,31,0.2713022387164878,25,0.41380027067729713,0.14249803196080935,True
278064377,Sách Tĩnh Lặng Là Dáng Vẻ Đẹp Nhất Của Bạn,Kỹ năng sống,23,0.3970689371400631,23,0.3970689371400631,0.0,False
277857892,Sách Come As You Are – Tâm Lý Học Tình Dục,Kỹ năng sống,36,0.1638983247068471,0,0.2567337180169871,0.09283539331013999,True
276938718,Sách Cơ Hội Luôn Thiên Vị Người Kiên Trì - Bizbooks,Kỹ năng sống,25,0.21612872160569271,25,0.21612872160569271,0.0,False
276333506,"Sách Học Cách Yêu Lại Chính Mình - Bắt Đầu Từ Việc Đi Qua Cảm Giác Dằn Vặt, Tội Lỗi",Kỹ năng sống,25,0.39111353979786295,25,0.39111353979786295,0.0,False
275698431,Sách Công Lý Tuyệt Đối,Kỹ năng sống,30,0.28938010430072914,25,0.40750575489122504,0.1181256505904959,True
274845339,Sách Đắc Nhân Tâm,Kỹ năng sống,30,0.4767148996045252,25,0.5730268784336031,0.09631197882907794,True
274557870,Sách Tần Số Năng Lượng,Kỹ năng sống,33,0.1296737718439273,33,0.1296737718439273,0.0,False
273280353,Sách Không Giới Hạn - Khám Phá HO'OPONOPONO,Kỹ năng sống,28,0.26352996393710687,28,0.26352996393710687,0.0,False
273219043,Sách Tuổi 20 - Những Năm Tháng Quyết Định Cuộc Đời Bạn,Kỹ năng sống,34,0.452682129561502,25,0.521198515072572,0.06851638551106998,True
273114488,Sách Tư Duy Ngược,Kỹ năng sống,35,0.37325585683046403,25,0.4290871720071584,0.055831315176694374,True
272421623,Sách Nghệ Thuật Hiện Diện,Kỹ năng sống,40,0.1819193161630886,25,0.3930785293150087,0.2111592131519201,True
270660514,Sách Nghệ Thuật Quyến Rũ,Kỹ năng sống,23,0.6137318105438636,23,0.6137318105438636,0.0,False
253057679,Sách Bản đồ tâm hồn con người của Jung,Kỹ năng sống,20,0.21943691783531935,20,0.21943691783531935,0.0,False
206678865,Sách Dám Nghĩ Lại,Kỹ năng sống,26,0.3549062776950529,26,0.3549062776950529,0.0,False
199216988,Sách Càng Bình Tĩnh Càng Hạnh Phúc,Kỹ năng sống,31,0.24567411519607038,25,0.379404888485838,0.1337307732897676,True
189336445,Sách Tư Duy Để Thắng - Dám Thất Bại,Kỹ năng sống,21,0.5218127895751351,21,0.5218127895751351,0.0,False
179063952,Sách Khi Mọi Điểm Tựa Đều Mất,Kỹ năng sống,26,0.4422158308116073,26,0.4422158308116073,0.0,False
170706996,Sách Điểm Bùng Phát ( Tái Bản),Kỹ năng sống,34,0.2854559304529454,25,0.4199741052147804,0.13451817476183503,True
157255752,Sách Sức Mạnh Của Hiện Tại (Tái Bản),Kỹ năng sống,26,0.5088982079441449,26,0.5088982079441449,0.0,False
143186001,Sách Chiến Thắng Con Quỷ Trong Bạn - Bí Quyết Tự Do Và Thành Công (Tái Bản),Kỹ năng sống,26,0.5194152537012857,26,0.5194152537012857,0.0,False
116406726,Sách Chữa Lành Đứa Trẻ Bên Trong Bạn (Tái Bản),Kỹ năng sống,23,0.39496680862632094,23,0.39496680862632094,0.0,False
77149352,Sách Siêu Trí Tuệ,Kỹ năng sống,31,0.33422963206907597,25,0.4772781997393767,0.14304856767030072,True
66698344,Sách Bài Học Diệu Kỳ Từ Chiếc Xe Rác (Khổ Nhỏ) (Tái Bản 2020),Kỹ năng sống,26,0.5470636293618244,26,0.5470636293618244,0.0,False
50723822,Sách Con Đường Đi Đến Thành Công Bằng Sự Tử Tế (Tái Bản 2020),Kỹ năng sống,21,0.5863955145007794,21,0.5863955145007794,0.0,False
35191892,Sách 21 Bài Học Cho Thế Kỷ 21,Kỹ năng sống,24,0.47507292900997683,24,0.47507292900997683,0.0,False
10767515,Sách Phân Tâm Học Nhập Môn,Kỹ năng sống,25,0.5502232567452373,25,0.5502232567452373,0.0,False
10397241,Sách Chữa Lành Nỗi Đau,Kỹ năng sống,26,0.5552601030960431,26,0.5552601030960431,0.0,False
10118600,Sách Thương Lượng Không Nhân Nhượng,Kỹ năng sống,33,0.30641530125358846,25,0.42004863330153464,0.11363333204794618,True
8835159,Sách Đời Ngắn Đừng Ngủ Dài (Tái Bản),Kỹ năng sống,21,0.6004734051539028,21,0.6004734051539028,0.0,False
279349845,Kế Toán Bằng Hình Ảnh,Kỹ năng sống,39,0.0028345293724966625,39,0.0028345293724966625,0.0,False
279235507,"Sách Mukbang"" Nỗi Buồn",Kỹ năng sống,25,0.2703256540475526,25,0.2703256540475526,0.0,False
279235503,"Sách Bí Mật Của Tâm Trí - Cách Não Bộ Suy Nghĩ, Cảm Nhận Và Ra Quyết Định",Kỹ năng sống,31,0.0009438873332382107,31,0.0009438873332382107,0.0,False
279226624,Sách AI - Lợi Và Hại,Kỹ năng sống,26,0.26294394604881516,26,0.26294394604881516,0.0,False
279081834,"Sách GO GLOBAL - Cẩm Nang Sống, Làm Việc & Tỏa Sáng Toàn Cầu – Nguyễn Phi Vân",Kỹ năng sống,29,0.2910844131303721,29,0.2910844131303721,0.0,False
278972917,"Sách Nghĩ như một tu sĩ: Xua tan tiêu cực, chữa lành lo âu",Kỹ năng sống,20,0.2126523655820171,20,0.2126523655820171,0.0,False
278930231,Sách Jim Rohn – Đánh Thức Năng Lực Làm Việc & Học Tập | Tư Duy – Kỷ Luật – Thành Công | Bizbooks,Kỹ năng sống,23,0.24697942089821306,23,0.24697942089821306,0.0,False
277969346,Sách Cẩm Nang Sinh Tồn (Hơn 100 kỹ năng sống còn cho các cuộc phiêu lưu nơi hoang dã),Kỹ năng sống,25,0.23123105562906748,30,0.28899638824594176,0.057765332616874276,True
277857894,Sách Kỷ Vật Vô Giá,Kỹ năng sống,32,0.2465917413531858,25,0.4064057709465193,0.15981402959333352,True
277717637,Sách Ứng Dụng AI Trong Giáo Dục,Kỹ năng sống,35,0.28507569678905575,25,0.4307465383737041,0.14567084158464833,True
276922095,Sách Thế Hệ Lo Âu,Kỹ năng sống,36,0.3154009351524187,25,0.49729867898697155,0.18189774383455287,True
276430699,Sách Bức Xúc Không Làm Ta Vô Can,Kỹ năng sống,26,0.37845008165109106,26,0.37845008165109106,0.0,False
275316345,"Sách AI 5.0 – Nhanh Hơn, Dễ Hơn, Rẻ Hơn, Chính Xác Hơn",Kỹ năng sống,34,0.1283012617612777,0,0.22567255725785107,0.09737129549657336,True
274170471,Con Đường Chẳng Mấy Ai Đi,Kỹ năng sống,30,0.22318858546675824,30,0.22318858546675824,0.0,False
273397161,Sách Tâm Lý Học Giải Mã Hành Vi,Kỹ năng sống,39,0.37485804460860445,25,0.5262184617714324,0.15136041716282794,True
273169911,Sách Chữa Lành Bằng Tâm Thức,Kỹ năng sống,31,0.2595351949925064,25,0.3930785293150087,0.13354333432250232,True
271278938,Sách AI 2041 - 10 Viễn cảnh cho tương lai,Kỹ năng sống,29,0.28108441313037213,29,0.28108441313037213,0.0,False
271199023,Sách Tâm lý học,Kỹ năng sống,29,0.3592684479940337,25,0.44300891539951615,0.08374046740548247,True
254078276,Sách Từ Tâm trí đến Vật chất - Mind to Matter - Happy Live,Kỹ năng sống,0,0.12701841349696547,30,0.2819795917850747,0.15496117828810924,True
253360429,38 Lá Thư Tỷ Phú John Davison Rockefeller Gửi Cho Con Trai,Kỹ năng sống,23,0.2520978288226029,23,0.2520978288226029,0.0,False
248798962,"Sách Phá bỏ thói quen, đánh thức chính mình - Breaking the Habit of Being Yourself - Happy Live",Kỹ năng sống,0,0.12701841349696547,30,0.2819795917850747,0.15496117828810924,True
242734893,Sách Bạn là Nhà Giả Dược: Khám phá sức mạnh của tiềm thức - You Are the Placebo: Making Your Mind Matter - Happy Live,Kỹ năng sống,0,0.12897330071501056,30,0.2823805584444614,0.15340725772945085,True
229714486,Sách Giải Trí Đến Chết,Kỹ năng sống,32,0.41528323455396077,25,0.5314707808279376,0.11618754627397687,True
214186194,Sách Trí Tuệ Do Thái (Tái Bản),Kỹ năng sống,32,0.43259099930521727,25,0.5262184617714324,0.09362746246621512,True
184070227,Sách Nick Vujicic - Cuộc Sống Không Giới Hạn (Bìa Mềm) (Tái Bản 2022),Kỹ năng sống,26,0.3339708516449815,26,0.3339708516449815,0.0,False
184070223,Sách OSHO - Cảm Xúc,Kỹ năng sống,26,0.22867082416650078,26,0.22867082416650078,0.0,False
173882437,Sách 8 Vụ Án Hoàn Hảo - Vạch Trần Tâm Lý Kẻ Phạm Tội,Kỹ năng sống,22,0.566315005673544,22,0.566315005673544,0.0,False
139567621,Sách Thức Tỉnh Mục Đích Sống (Tái Bản),Kỹ năng sống,26,0.3339708516449815,26,0.3339708516449815,0.0,False
131843987,Sách Truyền Sao Cho Thông (Tặng Kèm Bookmark),Kỹ năng sống,25,0.5340756046285753,25,0.5340756046285753,0.0,False
109505434,Sách Bạn Không Thông Minh Lắm Đâu (Tái Bản)(Tặng kèm Bookmark),Kỹ năng sống,23,0.5512150395754463,23,0.5512150395754463,0.0,False
104074530,"Sách Tôi, Tương Lai Và Thế Giới (Tái Bản)",Kỹ năng sống,29,0.4568765738161864,25,0.5652557188176809,0.10837914500149448,True
57767468,Sách Cứ Làm Đi!,Kỹ năng sống,28,0.4190961429133428,28,0.4190961429133428,0.0,False
50475521,Sách Đánh Thức Con Người Phi Thường Trong Bạn,Kỹ năng sống,26,0.3549062776950529,26,0.3549062776950529,0.0,False
44335819,Sách Suy tưởng - Blaise Pascal - IRED Books,Kỹ năng sống,29,0.2230347903808517,29,0.2230347903808517,0.0,False
41299108,Sách Trở Về Từ Cõi Sáng (Tái Bản),Kỹ năng sống,26,0.5005559891262431,26,0.5005559891262431,0.0,False
13624088,Sách Nghĩ Thiện Để Cuộc Đời Và Công Việc Viên Mãn,Kỹ năng sống,25,0.41011149634797567,25,0.41011149634797567,0.0,False
11508322,Sách Nội Tình Của Ngoại Tình,Kỹ năng sống,29,0.4877914144025399,29,0.4877914144025399,0.0,False
8121633,Sách Văn Minh Vật Chất Của Người Việt,Kỹ năng sống,29,0.3428350268798436,29,0.3428350268798436,0.0,False
512557,Sách Nghệ Thuật Theo Đuổi Sự Tối Giản (Tái Bản),Kỹ năng sống,35,0.3526890797307721,25,0.5035340693102238,0.1508449895794517,True
504612,Sách Trí Thông Minh Tích Cực,Kỹ năng sống,34,0.14376817449285306,0,0.2059554817323857,0.06218730723953264,True
279410432,Sách Hãy Chăm Lười Lên,Kỹ năng sống,24,0.001291691547711576,24,0.001291691547711576,0.0,False
279235512,Sách Hiệp Hội Các Nạn Nhân Cùng Tên,Kỹ năng sống,25,0.09687345970989578,0,0.1539529601164285,0.05707950040653273,True
279002384,50 Cuốn Sách Kinh Điển Về Thành Công - Những Chỉ Dẫn Thực Tế Giúp Bạn Làm Việc Thực Và Sống Ý Nghĩa - Alpha Books,Kỹ năng sống,25,0.2568948116661721,25,0.2568948116661721,0.0,False
278952179,Kẻ Tử Tế Độc Hại,Kỹ năng sống,35,0.16950175113109334,25,0.22821036593390456,0.058708614802811226,True
278783653,"Sách Đi Làm Hạnh Phúc - Để ""Work-Life Balance"" Trong Thế Giới Biến Động",Kỹ năng sống,25,0.001673370937024553,25,0.001673370937024553,0.0,False
278539940,Sách - Ba Tầng Của Hạnh Phúc - Giải mã dưới góc nhìn khoa học - Unibooks,Kỹ năng sống,35,0.20194932524552273,25,0.25411906415786645,0.05216973891234372,True
278196123,Sách - Sắc Lời Đắc Thế - Lĩnh Hội Nghệ Thuật Đối Thoại Bậc Thầy,Kỹ năng sống,27,0.08870696235740828,0,0.15093797702740347,0.062231014669995185,True
277933562,Sách OSHO – Giác Ngộ,Kỹ năng sống,32,0.1284559243032836,25,0.2338924104929316,0.10543648618964802,True
277587065,Sách 365 Ngày Ký Họa 5 Giây Vẽ Tất Tần Tật Mọi Thứ Trên Đời,Kỹ năng sống,26,0.4873054513098955,25,0.5613061822323592,0.07400073092246368,True
277357548,Sách Ikigai – Đi Tìm Lý Do Thức Dậy Mỗi Sáng,Kỹ năng sống,28,0.49584663158442105,28,0.49584663158442105,0.0,False
276933077,Sách Trò Chơi Của Những Kẻ Thực Dụng,Kỹ năng sống,35,0.2020003246503444,25,0.26299232071421924,0.06099199606387484,True
275868849,Sách Liễu Phàm Tứ Huấn,Kỹ năng sống,21,0.3912578458810759,21,0.3912578458810759,0.0,False
275354843,"Phương Pháp Học Tập Feynman - 5 Bước Giúp Bạn Học Nhanh, Nhớ Lâu, Tiến Bộ Vượt Bậc",Kỹ năng sống,15,0.3634781513393833,25,0.5336136494374455,0.17013549809806217,True
275140709,Sách SỨC MẠNH CỦA EQ- Đánh thức trí tuệ cảm xúc - Làm chủ ngôn ngữ - Thu phục lòng người,Kỹ năng sống,25,0.5188128726691071,25,0.5188128726691071,0.0,False
275044457,Sách 38 lá thư Rockefeller gửi cho con trai,Kỹ năng sống,25,0.2246823086253594,25,0.2246823086253594,0.0,False
274970385,Sách Chiến Lược Tốt Và Chiến Lược Tồi,Kỹ năng sống,32,0.2465917413531858,25,0.4064057709465193,0.15981402959333352,True
272888010,Sách Sống Khai Vấn - Sống Tỉnh Thức,Kỹ năng sống,32,0.35065588145629145,25,0.5024335441218368,0.15177766266554538,True
263070152,Sách Tính Trước 5 Bước,Kỹ năng sống,29,0.4877914144025399,29,0.4877914144025399,0.0,False
263067664,Sách Chat GPT,Kỹ năng sống,38,0.4044676515117909,25,0.5657127831412803,0.16124513162948934,True
247843970,Sách Trở nên phi thường - Becoming Supernatural - Happy Live,Kỹ năng sống,0,0.12897330071501056,30,0.2823805584444614,0.15340725772945085,True
205815553,"Sách Sự Thông Minh Trong Hài Hước: Nói Tinh Tế, Dễ Vào Tim",Kỹ năng sống,25,0.0006020363752977827,25,0.0006020363752977827,0.0,False
189326212,Sách 1% mỗi ngày - Không ngừng chinh phục bản thân,Kỹ năng sống,24,0.3924495447184188,24,0.3924495447184188,0.0,False
174842858,Sách Sức Mạnh Của Ngôn Từ (Tái Bản 2022),Kỹ năng sống,26,0.4422158308116073,26,0.4422158308116073,0.0,False
167301575,Sách Khí Chất Bao Nhiêu Hạnh Phúc Bấy Nhiêu (Tái Bản 2022),Kỹ năng sống,20,0.4795919321739614,25,0.5613543632357831,0.08176243106182174,True
165150439,Sách TalMud - Tinh Hoa Trí Tuệ Do Thái (Tái Bản),Kỹ năng sống,29,0.5454137534169937,29,0.5454137534169937,0.0,False
146988856,Sách Lựa Chọn Đúng Quan Trọng Hơn Nỗ Lực - 6 Bước Để Ra Quyết Định Hoàn Hảo,Kỹ năng sống,29,0.4570255517701427,25,0.530917078051051,0.07389152628090834,True
111285050,Sách Ai Lấy Miếng Pho Mát Của Tôi ? (Tái Bản),Kỹ năng sống,26,0.4230749778089848,26,0.4230749778089848,0.0,False
103640412,Sách Đừng Lựa Chọn An Nhàn Khi Còn Trẻ (Tái Bản),Kỹ năng sống,25,0.5188128726691071,25,0.5188128726691071,0.0,False
101897983,Sách Không Tức Giận Bạn Đã Thắng,Kỹ năng sống,20,0.4468393111711661,25,0.5462232567452374,0.09938394557407132,True
97561436,Sách Ba Quy Luật Của Hiệu Quả (Tái Bản),Kỹ năng sống,32,0.14953256141336785,25,0.26503255739910925,0.1154999959857414,True
77717434,Sách Sống Mạo Hiểm Một Cách Cẩn Thận,Kỹ năng sống,30,0.21303122089577808,0,0.28090576998908967,0.06787454909331159,True
73437403,Sách Tin Tức Kiến Tạo: Vực Dậy Nền Truyền Thông Và Dân Chủ Với Tư Duy Báo Chí Của Tương Lai,Kỹ năng sống,27,0.0010161450098937785,27,0.0010161450098937785,0.0,False
68774268,Sách Thuật Nhìn Người (Tái Bản 2020),Kỹ năng sống,20,0.43220355962089874,25,0.4855066564599639,0.053303096839065145,True
59047889,Sách Mở Cửa Trái Tim (Tái Bản 2020),Kỹ năng sống,26,0.5552601030960431,26,0.5552601030960431,0.0,False
57815506,Sách Tư Duy Ngược Dịch Chuyển Thế Giới,Kỹ năng sống,26,0.5032880444757726,26,0.5032880444757726,0.0,False
52749673,CẨM NANG MUA BÁN ĐẤT,Kỹ năng sống,0,0.31776424524172175,0,0.31776424524172175,0.0,False
26114399,"Sách Nóng Giận Là Bản Năng , Tĩnh Lặng Là Bản Lĩnh",Kỹ năng sống,23,0.5522928882505905,23,0.5522928882505905,0.0,False
15592539,Sách Vững Tâm Bền Chí Ắt Thành Công,Kỹ năng sống,24,0.42980643997960877,24,0.42980643997960877,0.0,False
10752430,Sách Thay Đổi,Kỹ năng sống,20,0.23586309952014275,0,0.3133008576059657,0.07743775808582296,True
5067169,Sách Luật Hấp Dẫn (Tái Bản),Kỹ năng sống,25,0.5730268784336031,25,0.5730268784336031,0.0,False
279332393,Sách Sức Mạnh Của Đạo,Kỹ năng sống,26,0.22867082416650078,26,0.22867082416650078,0.0,False
279251022,Sách - Hướng Nội Cầu - Hành Trình Chữa Lành Từ Nội Tâm,Kỹ năng sống,15,0.15646998404072812,25,0.26612625336535467,0.10965626932462655,True
279235509,Sách Làm Đẹp Từ Gốc - Bí quyết dưỡng nhan Đông Y cho phụ nữ hiện đại,Kỹ năng sống,31,0.2731079833669933,25,0.39371863391592016,0.12061065054892683,True
279116282,"Sách - Go Global - Cẩm Nang Sống, Làm Việc & Tỏa Sáng Toàn Cầu",Kỹ năng sống,17,0.36343336204795207,25,0.5890923140618702,0.22565895201391817,True
278843834,Sách Giải Mã Tính Cách Thần Kinh - Ranh Giới Giữa Bình Thường Và Bất Thường,Kỹ năng sống,25,0.001673370937024553,25,0.001673370937024553,0.0,False
278680907,Sách Cẩm Nang Sinh Tồn - Những Kỹ Năng Thoát Hiểm Cần Phải Biết Trước Khi Quá Muộn,Kỹ năng sống,29,0.23210586675920875,29,0.23210586675920875,0.0,False
278619822,Sách Dám Mất Lòng,Kỹ năng sống,30,0.19402234142211283,25,0.26299232071421924,0.06896997929210641,True
277920152,Sách Trị Liệu Nghệ Thuật - Giải Phóng Cảm Xúc Qua Nghệ Thuật,Kỹ năng sống,29,0.34813713775383975,29,0.34813713775383975,0.0,False
277717626,Sách Không Ai Cản Được AI - Hiểu AI từ căn góc để phát triển sự nghiệp,Kỹ năng sống,29,0.18171846065042108,0,0.29340100290294346,0.11168254225252239,True
277441515,Sách Chữa Lành Bằng Reiki,Kỹ năng sống,23,0.28299329694282543,23,0.28299329694282543,0.0,False
276828197,Sách Trò Chơi Tâm Lý Trong Giao Tiếp,Kỹ năng sống,35,0.15899218173383167,25,0.23466164126216238,0.07566945952833071,True
276555860,"Sách - Vạch trần bản chất nhân tính: Ngu dốt và vô tri, tin cậy và phản bội... (Nhã Nam HCM)",Kỹ năng sống,14,0.1886829316676906,0,0.2638491026323717,0.07516617096468112,True
276430702,"Sách Thiện, Ác Và Smartphone",Kỹ năng sống,23,0.27699153563835066,23,0.27699153563835066,0.0,False
276289479,Sách Cho đời nhẹ lên cao - Giải mã sáu hormone hạnh phúc,Kỹ năng sống,20,0.25169298609693747,25,0.31306836296489615,0.061375376867958686,True
273746350,Sách Lý Thuyết Trò Chơi Ứng dụng trong cuộc sống thường ngày,Kỹ năng sống,33,0.17866808728323708,0,0.28131219930348217,0.10264411202024509,True
273378785,Sách Làm Chủ Nhịp Sinh Học,Kỹ năng sống,10,0.20520968991498478,0,0.2624840461133537,0.0572743561983689,True
273346856,Sách Một Đời Được Mất,Kỹ năng sống,24,0.5718973621279914,24,0.5718973621279914,0.0,False
273250376,Sách Nội Lực - Chuyển Hóa Cuộc Đời Bằng Sức Mạnh Não Bộ,Kỹ năng sống,26,0.4666019652239522,25,0.5311924397361595,0.06459047451220729,True
263099068,Bốn Thỏa Ước,Kỹ năng sống,17,0.20314230858781918,25,0.31352209256479324,0.11037978397697407,True
253642361,"Sách Chủ Nghĩa Khắc Kỷ - Nuôi Dưỡng Sự Tích Cực, Sống Cuộc Đời Đẹp Nhất",Kỹ năng sống,27,0.38747064596630326,27,0.38747064596630326,0.0,False
220668855,Sách IKIGAI - Chất Nhật Trong Từng Khoảnh khắc (Tái Bản),Kỹ năng sống,23,0.28788081018962075,0,0.362601940156807,0.07472112996718627,True
217419214,Bộ Sách Những Giá Trị Vượt Thời Gian (Ấn Bản Hoài Cổ) - Combo 3 Cuốn,Kỹ năng sống,30,0.26577523800241204,30,0.26577523800241204,0.0,False
208198129,Sách Kỹ Năng Tư Duy Phản Biện,Kỹ năng sống,32,0.30992295482323207,25,0.41898250242245405,0.10905954759922198,True
206675362,Sách Nâng Cao Tần Số Rung Động Mỗi Ngày: Khám Phá Cách Năng Lượng Vận Hành,Kỹ năng sống,24,0.30301522113929064,24,0.30301522113929064,0.0,False
192948632,Tư Duy Ngược,Kỹ năng sống,17,0.3574926625098165,25,0.5358922323682023,0.1783995698583858,True
173135244,Sách Đọc Vị Tâm Lý Bất Cứ Ai,Kỹ năng sống,35,0.46456364533336825,25,0.5495128245131148,0.08494917917974654,True
171103376,Sách Đánh Thức Con Người Phi Thường Trong Bạn (Bìa Cứng),Kỹ năng sống,26,0.26734795817905965,26,0.26734795817905965,0.0,False
152740748,Sách Lối Sống Tối Giản Của Người Nhật (Tái Bản),Kỹ năng sống,32,0.5015103647522966,25,0.5548253245131147,0.053314959760818126,True
146225297,Flow - Dòng Chảy,Kỹ năng sống,18,0.1450060781379809,25,0.260521094635196,0.11551501649721513,True
129381090,Sách Minh Triết Trong Đời Sống (Tái Bản),Kỹ năng sống,26,0.4422158308116073,26,0.4422158308116073,0.0,False
124767703,Sách Cân Bằng Cảm Xúc Cả Lúc Bão Giông (Tặng Kèm Bookmark)(Tái Bản),Kỹ năng sống,31,0.2595351949925064,25,0.3930785293150087,0.13354333432250232,True
100947274,Sách Tìm Bình Yên Trong Gia Đình (Tái Bản),Kỹ năng sống,29,0.4209632170856659,29,0.4209632170856659,0.0,False
78015053,Sách Give And Take - Cho & Nhận (Tái Bản),Kỹ năng sống,26,0.5223157408734499,26,0.5223157408734499,0.0,False
74341297,Sách Không Sợ Chậm Chỉ Sợ Dừng,Kỹ năng sống,23,0.38093364612618186,23,0.38093364612618186,0.0,False
72540051,Sách Người Thông Minh Giải Quyết Vấn Đề Như Thế Nào (Tái Bản 2020),Kỹ năng sống,26,0.4230749778089848,26,0.4230749778089848,0.0,False
58969015,Sách Ai Lấy Miếng Pho Mát Của Tôi ? Phiên Bản Dành Cho Độc Giả Trẻ,Kỹ năng sống,26,0.4230749778089848,26,0.4230749778089848,0.0,False
53301432,Sách Bước Vào Cửa Hiệu Nhiệm Màu,Kỹ năng sống,26,0.5229445403653016,26,0.5229445403653016,0.0,False
44433397,"Sách Yêu Mình Trước Đã, Yêu Đời Để Sau",Kỹ năng sống,25,0.5545034121304909,25,0.5545034121304909,0.0,False
9687403,"Sách The Book Of Leadership - Dẫn Dắt Bản Thân, Đội Nhóm Và Tổ Chức Vươn Xa",Kỹ năng sống,25,0.6012215299922398,25,0.6012215299922398,0.0,False
4118051,Sách Lãnh Đạo Theo Nguyên Tắc (Principle-Centered Leadership) - Stephen R. Covey - PACE Books,Kỹ năng sống,32,0.2316605938608313,25,0.38400762235327773,0.15234702849244644,True
279402049,Sách Bẫy Sợ Hãi,Kỹ năng sống,24,0.0025416915477115757,24,0.0025416915477115757,0.0,False
279364321,Sách - Sắc Lời Đắc Thế,Kỹ năng sống,13,0.2560285139982534,25,0.37427017670638935,0.11824166270813596,True
279339557,Tư Duy Phản Biện Như Một Triết Gia,Kỹ năng sống,32,0.1761358339158946,0,0.24030152073949673,0.06416568682360213,True
279280760,"Sách X10 Kiến Tạo Hiện Thực Phụng Sự - X10 Hiệu Suất, Lợi Nhuận, Thịnh Vượng Bền Vững",Kỹ năng sống,25,0.21612872160569271,25,0.21612872160569271,0.0,False
279267464,Sách Sức Mạnh Của Sự Điềm Tĩnh,Kỹ năng sống,25,0.1336742292022194,0,0.19250148064365405,0.058827251441434636,True
279186717,Trí Tuệ Của Sói Đầu Đàn,Kỹ năng sống,32,0.13055425633110354,25,0.21612872160569271,0.08557446527458917,True
278994845,"Sách Lần Này, Hãy Để Tớ Ôm Cậu Thật Chặt",Kỹ năng sống,17,0.044552541458366075,0,0.11765283406494376,0.07310029260657769,True
278856949,Sách Tỷ Phú Nhà Bên Làm Gì Sau 5 Giờ Chiều?,Kỹ năng sống,25,0.0015495501823075718,25,0.0015495501823075718,0.0,False
278713612,Sách - Những Mô Hình Tư Duy Vĩ Đại - Những Nguyên Tắc Tư Duy Cốt Lõi,Kỹ năng sống,15,0.18241993513089114,25,0.23466164126216238,0.05224170613127124,True
278630608,Sách - Tư Duy Nhanh Và Chậm - Thinking Fast And Slow - Khổ Nhỏ,Kỹ năng sống,31,0.16358529057148605,25,0.2783689619855138,0.11478367141402776,True
278584870,"Sách Sau Khi Ta Lớn, Những Nỗi Đau Có Bé Lại Không?",Kỹ năng sống,31,0.26288357224079734,25,0.40637412261060196,0.14349055036980463,True
278089743,Sách Good Energy - Năng Lượng Tốt,Kỹ năng sống,33,0.14245668767416816,25,0.25340759003018276,0.1109509023560146,True
277998016,Sách Bí Mật Của Nước,Kỹ năng sống,23,0.5522928882505905,23,0.5522928882505905,0.0,False
277837824,Sách AI Cho Thầy Cô - Hướng dẫn ứng dụng nhanh & hiệu quả trong lớp học,Kỹ năng sống,30,0.2952454318301532,25,0.43011140323856895,0.13486597140841572,True
277621885,Sách Tập trung vào điều quan trọng,Kỹ năng sống,22,0.37894638343676407,22,0.37894638343676407,0.0,False
277585872,Sách Năng Lượng Cảm Xúc - Khoa học thần kinh về lãnh đạo bằng sức mạnh cảm xúc,Kỹ năng sống,29,0.2048431993631737,29,0.2048431993631737,0.0,False
277164033,Sách Trong vòng vây của những kẻ thái nhân cách,Kỹ năng sống,44,0.0012518631163390267,44,0.0012518631163390267,0.0,False
277138921,Sách 50 câu hỏi về nhân sinh quan,Kỹ năng sống,25,0.22291657435962514,25,0.22291657435962514,0.0,False
277138904,Sách EQ đỉnh cao,Kỹ năng sống,24,0.2745044123685138,24,0.2745044123685138,0.0,False
276353077,Sách Cùng Cha Mẹ Già Đi,Kỹ năng sống,20,0.3225780218013357,25,0.379404888485838,0.056826866684502264,True
274120615,Sách 38 Bức Thư Rockefeller Gửi Cho Con Trai,Kỹ năng sống,23,0.34107960459651065,23,0.34107960459651065,0.0,False
273911352,Sách Tâm Lý Học Nhận Thức,Kỹ năng sống,56,0.2658051020509594,25,0.5730268784336031,0.3072217763826437,True
273822776,Sách Nghệ thuật du ngoạn,Kỹ năng sống,49,0.14651217383357934,25,0.4124985857497879,0.2659864119162086,True
273135675,Sách KIỂM SOÁT SỰ TẬP TRUNG GIỮA CƠN BÃO CÔNG NGHỆ,Kỹ năng sống,29,0.2391366190188558,29,0.2391366190188558,0.0,False
270114030,Combo sách - Biến Mọi Thứ Thành Tiền - Quyển 1+2 - Nguyễn Anh Dũng - SBOOKS,Kỹ năng sống,20,0.23332402272003183,45,0.29299690981026605,0.05967288709023422,True
262654795,Sách Thiết Kế Một Cuộc Đời Đáng Sống (TasiBarn),Kỹ năng sống,26,0.4767368835437575,25,0.5372358526621338,0.06049896911837632,True
214598590,Sách Một Nghệ - Thuật Sống (Ấn Bản Hoài Cổ),Kỹ năng sống,16,0.2833809502186449,25,0.39807852931500876,0.11469757909636386,True
208907124,Tư Duy Nhanh Và Chậm - Thinking fast and slow (Nhà tâm lý học từng đạt giải Nobel Kinh tế Daniel Kahneman) - Bản Quyền,Kỹ năng sống,15,0.16971744652969548,30,0.3114047328269618,0.14168728629726632,True
203958084,Sách 7 Thói Quen của Bạn Trẻ Thành Đạt (Khổ Lớn) (Tái Bản),Kỹ năng sống,26,0.3339708516449815,26,0.3339708516449815,0.0,False
199030585,Sách Search Inside Yourself – Tìm kiếm bên trong bạn (Tái bản),Kỹ năng sống,30,0.42278647471070135,25,0.528719666421194,0.10593319171049259,True
170298038,Sách Harvard Bốn Rưỡi Sáng,Kỹ năng sống,27,0.49875200575357126,27,0.49875200575357126,0.0,False
167685123,Sách Vượt Bẫy Cảm Xúc,Kỹ năng sống,14,0.20185388174786442,14,0.20185388174786442,0.0,False
165150443,Sách Khôn Ngoan Trong Đối Nhân Xử Thế (Tái Bản),Kỹ năng sống,35,0.3014836485598909,25,0.40088395452181014,0.09940030596191923,True
113004373,Sách Thay Câu Hỏi Đổi Cuộc Đời,Kỹ năng sống,26,0.5229445403653016,26,0.5229445403653016,0.0,False
111285054,Sách Quẳng Gánh Lo Đi & Vui Sống (Tái Bản),Kỹ năng sống,34,0.32758061335810057,25,0.40855664009311954,0.08097602673501897,True
74608742,Sách Vừa Đủ - Đẳng Cấp Sống Của Người Thụy Điển (Tái Bản),Kỹ năng sống,26,0.4214940894493189,26,0.4214940894493189,0.0,False
74460137,Sách Bí Quyết Áp Dụng 7 Thói Quen Của Bạn Trẻ Thành Đạt (Khổ Nhỏ) (Tái Bản 2020),Kỹ năng sống,25,0.5785566855011551,25,0.5785566855011551,0.0,False
73521489,Sách Vượt Qua Bản Ngã - Chiến Thắng Kẻ Thù Lớn Nhất Của Bạn,Kỹ năng sống,32,0.49609240097883245,25,0.5494073607396506,0.053314959760818126,True
53258507,Sách Tình Dục Thuở Hồng Hoang (Tái Bản 2020),Kỹ năng sống,28,0.3682378538528463,28,0.3682378538528463,0.0,False
10576548,Sách Mỗi Lần Vấp Ngã Là Một Lần Trưởng Thành,Kỹ năng sống,28,0.40449498735236616,28,0.40449498735236616,0.0,False
279412151,Sách Bảy Tầng Kết Nối Vũ Trụ Tâm Linh,Kỹ năng sống,39,0.009977386515353804,39,0.009977386515353804,0.0,False
279349894,Sách Chấp niệm là bản năng - Buông bỏ là bản lĩnh,Kỹ năng sống,26,0.32997300681739533,26,0.32997300681739533,0.0,False
279312654,Sách Luyện Nhớ 2000 Từ Vựng Tiếng Trung Thông Dụng,Kỹ năng sống,25,0.001673370937024553,25,0.001673370937024553,0.0,False
279076709,Sách Trò Chuyện Với Nỗi Đau Và Vượt Qua Tổn Thương,Kỹ năng sống,28,0.0006020363752977827,28,0.0006020363752977827,0.0,False
278994843,"Sách Đừng Lo, Cậu Đã Làm Rất Tốt Rồi",Kỹ năng sống,17,0.00028953637529778267,17,0.00028953637529778267,0.0,False
278637371,Sách Bóng Tối - Bản Ngã - Nhận Thức,Kỹ năng sống,32,0.19883269836157402,25,0.26305585399348475,0.06422315563191072,True
278532024,Sách Tư Duy Phản Biện: Học Cách Dùng Công Cụ Tư Duy Của Người Xuất Chúng,Kỹ năng sống,29,0.22842352604697233,29,0.22842352604697233,0.0,False
278521785,Sách Giao Tiếp Thông Minh - Đặt Câu Hỏi EQ Cao,Kỹ năng sống,23,0.3900871707487303,23,0.3900871707487303,0.0,False
278216492,Sách Quyền Năng Thấu Cảm - Những Kỹ Năng Thực Tiễn Để Chữa Lành Tâm Hồn Nhạy Cảm Và Hàn Gắn Các Mối Quan Hệ,Kỹ năng sống,29,0.0006020363752977827,29,0.0006020363752977827,0.0,False
277922916,Sách Phá Vỡ Thói Quen,Kỹ năng sống,28,0.0011399657646107596,28,0.0011399657646107596,0.0,False
277587079,Sách Những Trái Đất Ngoài Hành Tinh,Kỹ năng sống,26,0.4795054772828981,25,0.5467626184617721,0.06725714117887399,True
276912267,"Sách Giữa Muôn Vàn Ngã Rẽ Của Cuộc Đời, Tôi Vẫn Chọn Làm Một Người Kiêu Hãnh",Kỹ năng sống,21,0.5150145329935184,21,0.5150145329935184,0.0,False
276273571,Tâm Lý Học Lập Dị - Bí Mật Của Những Hành Vi Bất Thường,Kỹ năng sống,12,0.18263807281562783,25,0.3163370411258157,0.13369896831018785,True
276166903,Sách Ý Niệm Đại Học,Kỹ năng sống,29,0.45949513579896334,25,0.5613061822323592,0.10181104643339584,True
275716157,Sách Cái Tôi Và Trí Tuệ Cảm Xúc,Kỹ năng sống,30,0.2810245583284803,25,0.4173191011654673,0.136294542836987,True
275676836,Sách Phản biện như một chuyên gia - Lập luận sắc bén và tư duy hiệu quả,Kỹ năng sống,21,0.37550661637503424,21,0.37550661637503424,0.0,False
275406588,Sách Tư Duy Vòng Lặp Trong Thế Giới VUCA,Kỹ năng sống,56,0.11611748722890412,25,0.4123677060371853,0.2962502188082812,True
274364964,"Sách Giàu Có Hơn, Khôn Ngoan Hơn, Hạnh Phúc Hơn",Kỹ năng sống,32,0.4077528724397726,25,0.5310218918102428,0.12326901937047025,True
273708851,"Sách Lập trình não bộ: Làm chủ trí nhớ, sự tập trung, cảm xúc và giải phóng thiên tài bên trong bạn",Kỹ năng sống,30,0.15603695525509884,0,0.26920178953678275,0.11316483428168392,True
273245145,Combo 3 Sách Word - Excel - Powerpoint Unica ứng dụng tin học văn phòng từ cơ bản đến nâng cao,Kỹ năng sống,4,0.1471439013133049,30,0.2685417715392877,0.1213978702259828,True
270510851,Sách Năng Lượng Huyền Bí,Kỹ năng sống,30,0.23025501572073862,25,0.3403502328055778,0.11009521708483919,True
217320670,Sách Tích Cực Độc Hại,Kỹ năng sống,29,0.46234302300661156,25,0.5340756046285753,0.07173258162196372,True
206837191,Sách Quản Trị Cảm Xúc,Kỹ năng sống,29,0.2045722019395447,29,0.2045722019395447,0.0,False
197117224,Sách CHARLIE MUNGER – Phương Pháp Đầu Tư Giá Trị,Kỹ năng sống,55,0.24296581829269645,25,0.5116032606547685,0.268637442362072,True
195545296,Sách Nói Nhiều Không Bằng Nói Đúng - 36 Bí Quyết Để Có Nhân Duyên Tốt,Kỹ năng sống,27,0.4004875475175703,27,0.4004875475175703,0.0,False
192950378,Không Phải Sói Nhưng Cũng Đừng Là Cừu,Kỹ năng sống,12,0.18263807281562783,25,0.3163370411258157,0.13369896831018785,True
187824619,Sách Công Dân Toàn Cầu - Công Dân Vũ Trụ,Kỹ năng sống,20,0.34984346179573866,20,0.34984346179573866,0.0,False
150372987,Phi Lý Trí (Tái Bản),Kỹ năng sống,17,0.14113481557778063,25,0.2128392479214822,0.07170443234370158,True
106362509,Sách - Grit vững tâm bền chí ắt thành công,Kỹ năng sống,15,0.12283193407740063,0,0.21878798999135732,0.09595605591395669,True
100958457,Sách Gieo Trồng Hạnh Phúc (Tái Bản),Kỹ năng sống,25,0.39955196724925357,25,0.39955196724925357,0.0,False
97550318,Sách OFFLINE: Giải phóng tâm trí bạn khỏi điện thoại thông minh và mạng xã hội,Kỹ năng sống,49,0.28254475097594645,25,0.5170459712950626,0.23450122031911613,True
71345381,Sách Thay Đổi Cuộc Sống Với Nhân Số Học - Lê Đỗ Quỳnh Hương,Kỹ năng sống,26,0.5973381884199934,26,0.5973381884199934,0.0,False
13528493,Sách No. More. Plastic,Kỹ năng sống,25,0.37089248333965846,25,0.37089248333965846,0.0,False
12416731,Sách Sức Mạnh Của Từng Khoảnh Khắc,Kỹ năng sống,21,0.3326979766525089,21,0.3326979766525089,0.0,False
11951795,Sách Những Bí Ẩn Của Tay Phải Và Tay Trái,Kỹ năng sống,20,0.47152260919671213,25,0.5452004851409167,0.07367787594420455,True
10095276,Sách Ikigai - Bí Mật Sống Trường Thọ Và Hạnh Phúc Của Người Nhật,Kỹ năng sống,29,0.536176804091809,29,0.536176804091809,0.0,False
8835539,Sách Vĩ Đại Do Lựa Chọn (Tái Bản),Kỹ năng sống,25,0.5381659636443075,25,0.5381659636443075,0.0,False
7653298,Combo 2 Quyển Đánh Thức Con Người Phi Thường Trong Bạn + Sức Mạnh Tiềm Thức,Kỹ năng sống,0,0.0027181775858806496,0,0.0027181775858806496,0.0,False
3859125,Sách Ngũ Luân Thư (Tái Bản 2018),Kỹ năng sống,34,0.4762806983680166,25,0.5505489854811815,0.07426828711316485,True
1387537,"Sách Hãy Cứ Ước Mơ, Hãy Cứ Dại Khờ",Kỹ năng sống,28,0.4792239682517872,28,0.4792239682517872,0.0,False
279376963,Sách Confidence – Biết Mình Đáng Giá,Kỹ năng sống,25,0.37427017670638935,25,0.37427017670638935,0.0,False
279307644,Bộ Sách Giải Mã Hành Vi DISC - Ứng Dụng Đọc Vị Để Thấu Hiểu Nhân Sự Và Gia Đình [Bizbooks,Kỹ năng sống,24,0.0006020363752977827,24,0.0006020363752977827,0.0,False
277621881,Sách Cách tư duy mạch lạc,Kỹ năng sống,22,0.39294679144296935,22,0.39294679144296935,0.0,False
277410869,Sách Vẻ đẹp của cuộc sống - Nhật ký của Krishnamurti,Kỹ năng sống,30,0.23431549552806272,25,0.37427017670638935,0.13995468117832663,True
276715851,Sổ kế hoạch The Present Day planner (PHIÊN BẢN 2.0),Kỹ năng sống,0,0.13370339518194715,30,0.27571389177779476,0.1420104965958476,True
276583961,Sách Ghi Chép Pháp Y – Lật Lại Hồ Sơ Tội Ác,Kỹ năng sống,26,0.45659191140470007,25,0.5113908103230063,0.054798898918306194,True
276452123,Sách Thay Đổi Mô Thức Thay Đổi Cuộc Đời,Kỹ năng sống,29,0.5198594631917359,29,0.5198594631917359,0.0,False
275611112,Sách Chinh phục hạnh phúc,Kỹ năng sống,49,0.1260780043031257,25,0.40637412261060196,0.28029611830747625,True
274986428,Tần Số Năng Lượng Cá Nhân,Kỹ năng sống,12,0.00028953637529778267,12,0.00028953637529778267,0.0,False
274925344,Sách - Hạnh phúc đủ làm chủ cuộc đời,Kỹ năng sống,0,0.24902566321808517,0,0.24902566321808517,0.0,False
274761878,Sách Tuyên ngôn của người anh hùng đời thường (Robin Sharma),Kỹ năng sống,20,0.3362023491237958,25,0.4064057709465193,0.07020342182272349,True
273135672,Sách BÍ MẬT ĐẰNG SAU NHỮNG CÁ NHÂN XUẤT SẮC,Kỹ năng sống,29,0.0006020363752977827,29,0.0006020363752977827,0.0,False
271096618,Sách Thu hút bất kỳ ai (Tái Bản),Kỹ năng sống,29,0.27567360824050513,29,0.27567360824050513,0.0,False
270510859,Sách Nuôi Dưỡng Trí Não - Cân Bằng Cảm Xúc,Kỹ năng sống,56,0.11007542660350365,25,0.40637412261060196,0.2962986960070983,True
270442370,Sách Bản Đồ Tâm Thức,Kỹ năng sống,30,0.19926806132943484,25,0.2715533085048727,0.07228524717543786,True
262525581,Sách Nắng Xuyên Qua Vòm Lá,Kỹ năng sống,35,0.15339499545747506,0,0.2624840461133537,0.10908905065587862,True
247649403,ĐÚNG VIỆC - Một góc nhìn về câu chuyện khai minh (Tác giả: Giản Tư Trung),Kỹ năng sống,5,0.3522641104152094,25,0.5318650806638775,0.1796009702486681,True
229714496,Sách Tâm Lý Phạm Tội Của Những Kẻ Khốn Cùng,Kỹ năng sống,56,0.10852674726020563,25,0.39819744909423305,0.28967070183402743,True
228989363,Hiểu Về Trái Tim (Tái Bản 2023),Kỹ năng sống,15,0.18422945894041493,15,0.18422945894041493,0.0,False
217320671,Sách EQ - Ứng Dụng Trí Tuệ Cảm Xúc Trong Công Việc,Kỹ năng sống,56,0.11007542660350365,25,0.40637412261060196,0.2962986960070983,True
212468185,Sách 300 Trò Chơi Tư Duy Của Sinh Viên Trường Đại Học Harvard,Kỹ năng sống,22,0.30213291078178206,22,0.30213291078178206,0.0,False
195545266,Sách Hài Hước Một Chút Thế Giới Sẽ Khác Đi,Kỹ năng sống,22,0.5450501595707749,22,0.5450501595707749,0.0,False
185909454,Sách Hạt Giống Tâm Hồn - Tuyển Chọn Những Câu Chuyện Hay Nhất (Bìa Mềm),Kỹ năng sống,26,0.4103564619729216,26,0.4103564619729216,0.0,False
184466860,Sách Hành Tinh Của Một Kẻ Nghĩ Nhiều,Kỹ năng sống,22,0.5876956967710387,22,0.5876956967710387,0.0,False
175798778,Sách Dạy Học Không Theo Lối Mòn,Kỹ năng sống,30,0.16342309048269282,25,0.2246823086253594,0.06125921814266658,True
171556602,Sách 2030: Những Xu Hướng Lớn Sẽ Định Hình Thế Giới Tương Lai (Tái Bản Lần 1),Kỹ năng sống,28,0.27879210412861627,28,0.27879210412861627,0.0,False
161930883,Sách Thói Quen Thứ 8 - Từ Hiệu Quả Đến Vĩ Đại (Bìa Mềm),Kỹ năng sống,26,0.3549062776950529,26,0.3549062776950529,0.0,False
99511241,Sách Kẻ Khôn Đi Lối Khác - The Third Door (Tái bản 2021),Kỹ năng sống,32,0.43259099930521727,25,0.5262184617714324,0.09362746246621512,True
70817144,Sách Lập Trình Hạnh Phúc,Kỹ năng sống,27,0.2431929261416013,27,0.2431929261416013,0.0,False
55589742,Sách Bài Học Diệu Kỳ Từ Chiếc Xe Rác (Khổ Lớn) (Tái Bản),Kỹ năng sống,26,0.5552601030960431,26,0.5552601030960431,0.0,False
53974339,Combo 3 Cuốn Di Sản Của GS. Phan Văn Trường Để Lại Cho Thế Hệ Sau: Một Đời Thương Thuyết + Một Đời Quản Trị + Một Đời Như Kẻ Tìm Đường (Cả Đời Trên Thương Trường),Kỹ năng sống,25,0.5253840316561333,25,0.5253840316561333,0.0,False
53720978,"Sách Trong Cái Không Có Gì Không ? (Thiền Sư Thích Nhất Hạnh Trả Lời Cho Trẻ Em Những Thắc Mắc Về Ý Nghĩa Cuộc Sống, Về Cái Chết, Về Gia Đình, Bạn Bè Và Nhiều Câu Hỏi Khác)",Kỹ năng sống,22,0.3179650039592037,22,0.3179650039592037,0.0,False
50441575,Sách 365 Ngày Thong Dong,Kỹ năng sống,24,0.5757374054993957,24,0.5757374054993957,0.0,False
49722650,Sách 12 Quy Luật Cuộc Đời: Thần Dược Cho Cuộc Sống Hiện Đại,Kỹ năng sống,29,0.584477155321838,29,0.584477155321838,0.0,False
27605626,Sách Bí Ẩn Của Não Phải (Tái Bản),Kỹ năng sống,26,0.5223244193659197,26,0.5223244193659197,0.0,False
11336581,Sách Rich Habits - Thói Quen Thành Công Của Những Triệu Phú Tự Thân,Kỹ năng sống,25,0.5502708757928564,25,0.5502708757928564,0.0,False
1817629,"Sách Nghệ Thuật Tinh Tế Của Việc ""Đếch"" Quan Tâm",Kỹ năng sống,1,0.004784845473459093,1,0.004784845473459093,0.0,False
1699251,Sách 15 Nguyên Tắc Vàng Về Phát Triển Bản Thân (Tái Bản),Kỹ năng sống,23,0.5552032026450116,23,0.5552032026450116,0.0,False
1464015,Sách Ai Sẽ Khóc Khi Bạn Lìa Xa,Kỹ năng sống,26,0.49639138337397426,25,0.5611902822922804,0.06479889891830615,True
847705,Suy Niệm Mỗi Ngày,Kỹ năng sống,0,0.33210587549818515,25,0.5547358496472775,0.22262997414909236,True
279397914,Sách Nghệ Thuật Buông Bỏ,Kỹ năng sống,45,0.0031280423616220454,45,0.0031280423616220454,0.0,False
279332390,Sách 13 Mặt Nạ Nhân Cách,Kỹ năng sống,31,0.24567411519607038,25,0.379404888485838,0.1337307732897676,True
279268407,Sách - Quẳng Gánh Lo Đi Và Vui Sống - How To Stop Worrying And Start Living - Song Ngữ Việt-Anh,Kỹ năng sống,25,0.001673370937024553,25,0.001673370937024553,0.0,False
278971265,Sách Sự Dung Dị Của Ngôn Từ,Kỹ năng sống,28,0.0028274657646107596,28,0.0028274657646107596,0.0,False
278816168,Sách Con Đường Nâng Tầm Nhận Thức Và Hành Vi,Kỹ năng sống,25,0.4144619583083244,25,0.4144619583083244,0.0,False
278737349,Sách - Giáo Trình Triết Học Mác - Lênin (Dành Cho Bậc Đại Học Hệ Không Chuyên Lý Luận Chính Trị),Giáo khoa giáo trình,3,0.7102891804072393,3,0.7102891804072393,0.0,False
278637952,Sách - Kinh Tế Học Vi Mô,Giáo khoa giáo trình,11,0.40093214550769773,30,0.637284678689726,0.2363525331820283,True
278637425,Sách Mượn Gà Đẻ Trứng,Giáo khoa giáo trình,36,0.41348314896221483,36,0.41348314896221483,0.0,False
278098169,Sách - Giáo trình tâm lý học xã hội,Giáo khoa giáo trình,10,0.000427292304204919,10,0.000427292304204919,0.0,False
277992334,Sách Cuộc Chiến Kim Loại Hiếm,Giáo khoa giáo trình,32,0.6124985002380524,32,0.6124985002380524,0.0,False
277417707,Sách Bài Tập Toán 7- Tập 2- Kết Nối Tri Thức Với Cuộc Sống (Kèm Nilon bọc Sách),Giáo khoa giáo trình,0,0.16954258544584191,0,0.16954258544584191,0.0,False
277387520,Sách Bài Tập Toán 11- Tập 2- Kết Nối Tri Thức Với Cuộc Sống (Kèm Nilon bọc Sách),Giáo khoa giáo trình,0,0.7201694020792783,0,0.7201694020792783,0.0,False
277387516,Sách Bài Tập Vật Lí 11- Kết Nối Tri Thức Với Cuộc Sống (Kèm Nilon bọc Sách),Giáo khoa giáo trình,0,0.7273617097715861,0,0.7273617097715861,0.0,False
276622543,Giáo trình tâm lý học quản lý,Giáo khoa giáo trình,0,0.28967953225746834,30,0.5987554772652512,0.3090759450077829,True
276389522,Hỏi - đáp môn Lịch sử Đảng Cộng sản Việt Nam,Giáo khoa giáo trình,0,0.0029478214196879404,0,0.0029478214196879404,0.0,False
276236202,"Phân Tích Thống Kê Trong Nghiên Cứu Giáo Dục - PGS.TS. Nguyễn Văn Hạnh, PGS.TS. Lê Hiếu Học, TS. Nguyễn Thị Hương Giang",Giáo khoa giáo trình,4,0.21582204112793804,30,0.572770408958072,0.35694836783013395,True
276231114,Sách Logistics và Quản trị chuỗi cung ứng,Giáo khoa giáo trình,29,0.5764988487701088,29,0.5764988487701088,0.0,False
275785908,Sách giáo khoa Giáo Dục Thể Chất 12- Cầu lông- Kết Nối Tri Thức Với Cuộc Sống (Kèm Nilon bọc Sách),Giáo khoa giáo trình,0,0.5690768036919471,0,0.5690768036919471,0.0,False
275746707,Sách Bài Tập Toán 9- Tập một- Chân Trời Sáng Tạo (Kèm Nilon bọc Sách),Giáo khoa giáo trình,0,0.5631981048514689,0,0.5631981048514689,0.0,False
275628973,Sách giáo khoa Toán 12- Tập hai- Kết Nối Tri Thức Với Cuộc Sống (Kèm Nilon bọc Sách),Giáo khoa giáo trình,0,0.6707988209004715,0,0.6707988209004715,0.0,False
275187836,Sách giáo khoa Toán 11- tập hai- Kết Nối Tri Thức Với Cuộc Sống (Kèm Nilon bọc Sách),Giáo khoa giáo trình,0,0.7608347101699185,0,0.7608347101699185,0.0,False
275083264,"Sách giáo khoa Tin Học 8- Kết Nối Tri Thức Với Cuộc Sống (Kèm Nilon bọc Sách, nhãn tên)",Giáo khoa giáo trình,0,0.7201694020792783,0,0.7201694020792783,0.0,False
275072272,"Sách giáo khoa Ngữ Văn 8- tập hai- Kết Nối Tri Thức Với Cuộc Sống (Kèm Nilon bọc Sách, nhãn tên)",Giáo khoa giáo trình,0,0.7201694020792783,0,0.7201694020792783,0.0,False
275064344,"Sách giáo khoa Toán 7- tập hai- Kết Nối Tri Thức Với Cuộc Sống (Kèm nilon bọc sách, nhãn tên)",Giáo khoa giáo trình,0,0.32051088819955065,0,0.32051088819955065,0.0,False
275064334,"Sách giáo khoa Toán 6- tập hai- Kết Nối Tri Thức Với Cuộc Sống (Kèm Nilon bọc Sách, nhãn tên)",Giáo khoa giáo trình,0,0.45192987741835644,0,0.45192987741835644,0.0,False
275052334,"Sách giáo khoa Toán 4- tập một- Kết Nối Tri Thức Với Cuộc Sống (Kèm nilon bọc sách, nhãn tên)",Giáo khoa giáo trình,0,0.26492357200697125,35,0.319408789798063,0.05448521779109172,True
275051881,"Sách giáo khoa Toán 2- tập hai- Kết Nối Tri Thức Với Cuộc Sống (Kèm Nilon bọc Sách, nhãn tên)",Giáo khoa giáo trình,0,0.5264968490214882,0,0.5264968490214882,0.0,False
275006596,Sách Bài Tập Toán 7- tập một- Chân Trời Sáng Tạo (Kèm Nilon bọc Sách),Giáo khoa giáo trình,0,0.5581981048514689,0,0.5581981048514689,0.0,False
275001997,Sách Tập Viết 1- tập hai- Chân Trời Sáng Tạo (Kèm Nilon bọc Sách),Giáo khoa giáo trình,0,0.6082973539749974,0,0.6082973539749974,0.0,False
274947924,Sách giáo khoa Toán 1- tập hai- Kết Nối Tri Thức Với Cuộc Sống (Kèm Nilon bọc Sách),Giáo khoa giáo trình,0,0.3938273269536075,0,0.3938273269536075,0.0,False
274420148,Giáo Trình Sau Đại Học Phương Pháp Nghiên Cứu khoa học Trong Kinh Doanh Cập Nhật Smart PLS,Giáo khoa giáo trình,0,0.7208982028597454,30,0.7834097177565185,0.06251151489677309,True
272830530,Giáo trình luật hình sự Việt Nam,Giáo khoa giáo trình,0,0.35961880578481065,30,0.610524770313313,0.25090596452850233,True
272829533,Giáo trình luật dân sự 1 (Phần chung),Giáo khoa giáo trình,0,0.3006598520686296,30,0.5929036609087417,0.2922438088401121,True
270283437,Phương trình vi phân (Dùng cho sinh viên các trường kĩ thuật và công nghệ),Giáo khoa giáo trình,0,0.0164559512445705,0,0.0164559512445705,0.0,False
249875164,Sách Giáo trình kỹ thuật lập trình C căn bản và nâng cao,Giáo khoa giáo trình,37,0.6015833346955861,37,0.6015833346955861,0.0,False
206236895,  Giáo Trình Marketing Dịch Vụ,Giáo khoa giáo trình,13,0.36254121702365816,30,0.567373795767341,0.20483257874368288,True
185903117,Sách Bài tập Thực hành tiếng Anh 6 (Không đáp án) - Dùng kèm SGK TA 6 GLOBAL SUCCESS,Giáo khoa giáo trình,27,0.7846274575347734,27,0.7846274575347734,0.0,False
176099801,Excel Nâng Cao- Phân Tích Dữ Liệu Và Lập Mô Hình Kinh Doanh Trong Excel,Giáo khoa giáo trình,23,0.6202156959896709,30,0.6978547366103883,0.07763904062071747,True
113656189,Giáo Trình Lịch Sử Đảng Cộng Sản Việt Nam (Dành Cho Bậc Đại Học Hệ Không Chuyên Lý Luận Chính Trị) - Bộ mới năm 2021,Giáo khoa giáo trình,0,0.6925850622771201,0,0.6925850622771201,0.0,False
113655308,Giáo Trình Kinh Tế Chính Trị Mác – Lênin (Dành Cho Bậc Đại Học Hệ Không Chuyên Lý Luận Chính Trị) - Bộ mới năm 2021,Giáo khoa giáo trình,0,0.650251316404382,0,0.650251316404382,0.0,False
109398829,Combo sách Hóa học hữu cơ – Ngô Thị Thuận (tập 1 + tập 2),Giáo khoa giáo trình,0,0.4638598809512752,35,0.609804203086545,0.1459443221352698,True
74687334,Giáo Trình Tâm Lí Học Đại Cương,Giáo khoa giáo trình,0,0.6711961733882312,0,0.6711961733882312,0.0,False
72947198,Giáo Trình Phương Pháp Luận Nghiên Cứu Khoa Học (Tái bản),Giáo khoa giáo trình,6,0.45693848403360954,0,0.6853043605227341,0.2283658764891246,True
58546803,Giáo Trình Tâm Lý Học Lâm Sàng (tái bản năm 2020),Giáo khoa giáo trình,4,0.48306363059742935,30,0.7147153919329239,0.23165176133549453,True
602644,Sách Luận Về Biếu Tặng – Hình Thức Và Lý Do Của Sự Trao Đổi Trong Các Xã Hội Cổ Sơ,Giáo khoa giáo trình,17,0.5291402037758298,30,0.6397846786897261,0.11064447491389628,True
278769011,Giáo trình pháp luật về quy hoạch và giải phóng mặt bằng ,Giáo khoa giáo trình,0,0.0016978214196879404,0,0.0016978214196879404,0.0,False
278699229,Giáo trình Kinh tế chính trị Mác-Lênin (Dành cho bậc đại học hệ không chuyên lý luận chính trị),Giáo khoa giáo trình,0,0.00876817293074177,0,0.00876817293074177,0.0,False
278698609,Giáo trình Chủ nghĩa xã hội khoa học (Dành cho bậc đại học hệ không chuyên lý luận chính trị),Giáo khoa giáo trình,0,0.00876817293074177,0,0.00876817293074177,0.0,False
278039318,Sách giáo khoa Giáo Dục Quốc Phòng và An Ninh 11 (Kèm Nilon bọc Sách),Giáo khoa giáo trình,0,0.5581981048514689,0,0.5581981048514689,0.0,False
277860391,Cơ sở di truyền học phân tử và tế bào,Giáo khoa giáo trình,10,0.2009328938120098,30,0.617732354966103,0.4167994611540932,True
277857899,Sách Tập Viết 1- tập hai- Kết Nối Tri Thức Với Cuộc Sống (Kèm bìa nilong bao sách),Giáo khoa giáo trình,0,0.07370435754865631,0,0.07370435754865631,0.0,False
277586218,Sách giáo khoa Chuyên đề học tập Tin học 10- Khoa học máy tính- Cánh Diều (Kèm Nilon bọc Sách),Giáo khoa giáo trình,0,0.5581981048514689,0,0.5581981048514689,0.0,False
275814875,Sách giáo khoa Chuyên đề học tập Lịch sử 10- Chân Trời Sáng Tạo (Kèm Nilon bọc Sách),Giáo khoa giáo trình,0,0.5690768036919471,0,0.5690768036919471,0.0,False
275746716,Sách Bài Tập Toán 9- Tập hai- Chân Trời Sáng Tạo (Kèm Nilon bọc Sách),Giáo khoa giáo trình,0,0.5264968490214882,0,0.5264968490214882,0.0,False
275663865,Sách giáo khoa Công Nghệ 9- Trồng cây ăn quả- Kết Nối Tri Thức Với Cuộc Sống (Kèm Nilon bọc Sách),Giáo khoa giáo trình,0,0.5690768036919471,0,0.5690768036919471,0.0,False
275628268,Sách giáo khoa Chuyên đề học tập Ngữ Văn 12- Kết Nối Tri Thức Với Cuộc Sống (Kèm Nilon bọc Sách),Giáo khoa giáo trình,0,0.5631981048514689,0,0.5631981048514689,0.0,False
275623258,Sách giáo khoa Chuyên đề học tập Hóa Học 12- Kết Nối Tri Thức Với Cuộc Sống (Kèm Nilon bọc Sách),Giáo khoa giáo trình,0,0.5581981048514689,0,0.5581981048514689,0.0,False
275607225,Sách giáo khoa Chuyên đề học tập Ngữ Văn 12- Chân Trời Sáng Tạo (Kèm Nilon bọc Sách),Giáo khoa giáo trình,0,0.7406414305696627,0,0.7406414305696627,0.0,False
275239433,"Giáo trình Vật lí chất rắn -  Nguyễn Thế Khôi (Chủ biên), Lục Huy Hoàng, Đỗ Danh Bích, Phạm Văn Hải",Giáo khoa giáo trình,6,0.0005517736320057488,6,0.0005517736320057488,0.0,False
275072024,"Sách giáo khoa Ngữ Văn 7- tập một- Kết Nối Tri Thức Với Cuộc Sống (Kèm Nilon bọc Sách, nhãn tên)",Giáo khoa giáo trình,0,0.7201694020792783,0,0.7201694020792783,0.0,False
275071812,"Sách giáo khoa Ngữ Văn 6- tập hai- Kết Nối Tri Thức Với Cuộc Sống (Kèm Nilon bọc Sách, nhãn tên)",Giáo khoa giáo trình,0,0.6599581542946147,0,0.6599581542946147,0.0,False
275007114,Sách Bài Tập Toán 8- tập một- Chân Trời Sáng Tạo (Kèm Nilon bọc Sách),Giáo khoa giáo trình,0,0.5264968490214882,0,0.5264968490214882,0.0,False
274951977,Luật kinh doanh bất động sản 2024 ( hiệu lực từ 01/08/2024 ),Giáo khoa giáo trình,0,0.7597194351961991,0,0.7597194351961991,0.0,False
274937448,Sách giáo khoa Chuyên đề học tập Ngữ Văn 10- Chân Trời Sáng Tạo (Kèm Nilon bọc Sách),Giáo khoa giáo trình,0,0.5581981048514689,0,0.5581981048514689,0.0,False
274894212,Sách giáo khoa Công Nghệ 4- Chân Trời Sáng Tạo (Kèm Nilon bọc Sách),Giáo khoa giáo trình,0,0.5690768036919471,0,0.5690768036919471,0.0,False
274874615,Sách giáo khoa Toán 7- tập hai- Chân Trời Sáng Tạo (Kèm Nilon bọc Sách),Giáo khoa giáo trình,0,0.7201694020792783,0,0.7201694020792783,0.0,False
274805411,Sách giáo khoa Toán 3- tập hai- Chân Trời Sáng Tạo (Kèm Nilon bọc Sách),Giáo khoa giáo trình,0,0.7160143680050414,0,0.7160143680050414,0.0,False
274679219,Sách - Tính toán thiết kế hệ dẫn động cơ khí tập 2,Giáo khoa giáo trình,0,0.51784697264006,30,0.5718785542362441,0.05403158159618415,True
273587507,"Sách Giáo trình Triết học (Dùng cho khối không chuyên ngành triết học trình độ đào tạo thạc sĩ, tiến sĩ các ngành khoa học tự nhiên, công nghệ)",Giáo khoa giáo trình,0,0.6853043605227341,0,0.6853043605227341,0.0,False
272900450,Sách Bài Tập Thực Hành Tiếng Anh 8 (Có Đáp Án - Dùng kèm SGK Tiếng Anh 8 Global Success),Giáo khoa giáo trình,27,0.02373140522295733,0,0.36846045574907504,0.3447290505261177,True
272844532,Bài Tập Thực Hành Tiếng Anh 8 - Có Đáp Án (Dùng Kèm SGK Tiếng Anh 8 Global Success),Giáo khoa giáo trình,18,0.010615971549487936,18,0.010615971549487936,0.0,False
272402597,Sách - Giáo trình Lý luận nhà nước và pháp luật Việt Nam (Tái bản lần thứ nhất),Giáo khoa giáo trình,4,0.19011643136413864,30,0.617732354966103,0.4276159236019644,True
272318360,Giáo Trình Tiếng Việt Thực Hành (ĐHSP),Giáo khoa giáo trình,4,0.558156340157036,30,0.7047640769139424,0.14660773675690641,True
271222104,"Vật lý đại cương, tập1 - Cơ - Nhiệt (dùng cho các trường đại học khối kỹ thuật công nghiệp)",Giáo khoa giáo trình,0,0.0164559512445705,0,0.0164559512445705,0.0,False
263980377,Giáo trình Nghiệp Vụ Hướng Dẫn Du Lịch,Giáo khoa giáo trình,4,0.010355695200633199,15,0.07530609583230512,0.06495040063167191,True
263861688,Tuyến Điểm Du Lịch Việt Nam (Tái bản),Giáo khoa giáo trình,6,0.4154159480558105,30,0.616720895144928,0.2013049470891175,True
243083203,Quản lý Tòa Soạn Hội Tụ,Giáo khoa giáo trình,10,0.000427292304204919,10,0.000427292304204919,0.0,False
210125264,Giáo Trình Quản Trị Học,Giáo khoa giáo trình,10,0.000427292304204919,10,0.000427292304204919,0.0,False
115706444,Sách Kỹ Năng Phiên Dịch,Giáo khoa giáo trình,28,0.7161143029474145,28,0.7161143029474145,0.0,False
113655001,Giáo Trình Triết Học Mác – Lênin (Dành Cho Bậc Đại Học Hệ Không Chuyên Lý Luận Chính Trị) - Bộ mới năm 2021,Giáo khoa giáo trình,0,0.6770818199063987,0,0.6770818199063987,0.0,False
85400267,Giáo trình Quản Trị Học,Giáo khoa giáo trình,30,0.7319661520758083,30,0.7319661520758083,0.0,False
75540522,Hóa Học Hữu Cơ 2,Giáo khoa giáo trình,0,0.29008548066839407,35,0.5545002729223005,0.26441479225390646,True
71896251,Giáo Trình Lịch Sử Đại Cương,Giáo khoa giáo trình,0,0.3927904052950166,30,0.6844373302515245,0.29164692495650796,True
532700,Sách Thương Mại Điện Tử,Giáo khoa giáo trình,0,0.3842276728520234,0,0.3842276728520234,0.0,False
402497,Sách Nghiệp Vụ Ngân Hàng Quốc Tế,Giáo khoa giáo trình,0,0.1785325746937256,45,0.2836014523049688,0.1050688776112432,True
279169731,Luật Trí tuệ nhân tạo năm 2025,Giáo khoa giáo trình,0,0.12090576744832657,0,0.12090576744832657,0.0,False
279113785,Giáo Trình Điện Tử Số,Giáo khoa giáo trình,4,0.2409552504459601,35,0.6106513926107564,0.3696961421647963,True
278851002,Cơ Sở Văn Hóa Việt Nam (Tác giả Trần Quốc Vượng Chủ biên),Giáo khoa giáo trình,0,0.0021233533345815575,0,0.0021233533345815575,0.0,False
278837232,Sách - Cơ sở văn hóa Việt Nam,Giáo khoa giáo trình,0,0.0021233533345815575,0,0.0021233533345815575,0.0,False
278790499,Bài Tập Cơ Học Kết Cấu - Tập 1: Hệ Tĩnh Định (Tái bản),Giáo khoa giáo trình,4,0.31555318487062506,35,0.5470486134706412,0.2314954286000161,True
278769828,Logistics Và Vận Tải Quốc Tế - TS. Trần Nguyễn Hợp Châu (Tái Bản 2025),Giáo khoa giáo trình,0,0.0015017429883153915,0,0.0015017429883153915,0.0,False
278711711,Sách Digital SAT Study Guide,Giáo khoa giáo trình,38,0.5287789023638759,35,0.6115423333773069,0.08276343101343098,True
278152585,"Sách giáo khoa Tiếng Anh Lớp 9- Global Success- Sách Học Sinh (Kèm bìa bao, nhãn tên)",Giáo khoa giáo trình,0,0.6788929768866652,0,0.6788929768866652,0.0,False
278118432,"Sách giáo khoa Tiếng Anh Lớp 1 - Global Success- Sách Học Sinh (Kèm bìa bao, nhãn tên)",Giáo khoa giáo trình,0,0.6446385596735493,0,0.6446385596735493,0.0,False
277866671,Sách Vở bài tập Tiếng Việt 3- tập hai- Kết Nối Tri Thức Với Cuộc Sống (Kèm bìa nilong bao sách),Giáo khoa giáo trình,0,0.16856172172012074,0,0.16856172172012074,0.0,False
276237428,Thiết Kế IC Tương Tự - Phạm Nguyễn Thanh Loan (Chủ biên),Giáo khoa giáo trình,4,0.3475206650690786,30,0.6000914392349843,0.25257077416590573,True
275840778,Sách Vở bài tập Tiếng Việt 5- tập hai- Chân Trời Sáng Tạo (Kèm Nilon bọc Sách),Giáo khoa giáo trình,0,0.675029933139141,0,0.675029933139141,0.0,False
275758909,Sách Bài Tập Toán 12- Tập một- Chân Trời Sáng Tạo (Kèm Nilon bọc Sách),Giáo khoa giáo trình,0,0.7273617097715861,0,0.7273617097715861,0.0,False
275052244,Sách giáo khoa Toán 3- tập hai- Kết Nối Tri Thức Với Cuộc Sống (Kèm Nilon bọc Sách),Giáo khoa giáo trình,0,0.16954258544584191,0,0.16954258544584191,0.0,False
275028643,Sách Bài Tập Toán 11- tập hai- Chân Trời Sáng Tạo (Kèm Nilon bọc Sách),Giáo khoa giáo trình,0,0.7273617097715861,0,0.7273617097715861,0.0,False
274960014,Sách Vở bài tập Toán 3- tập hai- Chân Trời Sáng Tạo (Kèm Nilon bọc Sách),Giáo khoa giáo trình,0,0.7764565851832357,0,0.7764565851832357,0.0,False
274955770,Sách Vở bài tập Tiếng Việt 2- tập hai- Chân Trời Sáng Tạo (Kèm Nilon bọc Sách),Giáo khoa giáo trình,0,0.6718417596889595,0,0.6718417596889595,0.0,False
274947885,Sách giáo khoa Tiếng Việt 1- tập hai- Kết Nối Tri Thức Với Cuộc Sống (Kèm Nilon bọc Sách),Giáo khoa giáo trình,0,0.26896781732795655,0,0.26896781732795655,0.0,False
274883241,Artbook - Sách Tiếng Việt - Thiết kế nội thất với minh họa,Giáo khoa giáo trình,0,0.7287648695264121,30,0.7940182448883014,0.06525337536188935,True
274179239,Phân Tích Dữ Liệu Với Power Bi - STK ,Giáo khoa giáo trình,25,0.4766130867963132,30,0.567373795767341,0.09076070897102784,True
273978907,Giáo Trình Lập Và Thẩm Định Dự Án Đầu Tư ( Lý Thuyết - Tình Huống Thực Tế Và Bài Tập ),Giáo khoa giáo trình,30,0.002154290795909293,30,0.002154290795909293,0.0,False
273951284,Sách - Giáo Trình Tài Chính Quốc Tế 2023,Giáo khoa giáo trình,4,0.0005517736320057488,4,0.0005517736320057488,0.0,False
271450840,Combo Ngữ pháp Tiếng Việt Tập 1+2,Giáo khoa giáo trình,0,0.0029478214196879404,0,0.0029478214196879404,0.0,False
271379786,Quản Lý Thông Tin Dự Án Đầu Tư Xây Dựng Áp Dụng BIM Theo ISO 19650,Giáo khoa giáo trình,19,0.010427292304204918,19,0.010427292304204918,0.0,False
271320669,Mở đầu về lí thuyết xác suất và các ứng dụng tái bản mới nhất 2026,Giáo khoa giáo trình,0,0.0167059512445705,0,0.0167059512445705,0.0,False
271102669,Giáo trình phương pháp luận nghiên cứu khoa học tái bản mới nhất 2025,Giáo khoa giáo trình,0,0.6770818199063987,0,0.6770818199063987,0.0,False
270468169,Giáo trình nguyên lý kế toán,Giáo khoa giáo trình,0,0.6599581542946147,0,0.6599581542946147,0.0,False
270435209,KINH TẾ HỌC VI MÔ ,Giáo khoa giáo trình,0,0.0167059512445705,0,0.0167059512445705,0.0,False
270113245,Sách Giáo trình C++ và lập trình hướng đối tượng,Giáo khoa giáo trình,37,0.6781748533680136,37,0.6781748533680136,0.0,False
205506555,Kinh Tế Các Quốc Gia Khu Vực Asean,Giáo khoa giáo trình,13,0.000427292304204919,13,0.000427292304204919,0.0,False
200920801,Hướng Dẫn Giải Bài Tập Kinh Tế Vĩ Mô,Giáo khoa giáo trình,10,0.32980072333896204,0,0.6725771257691835,0.34277640243022145,True
199109288,Nghề chăn nuôi gia cầm,Giáo khoa giáo trình,0,0.2266845161009243,0,0.2266845161009243,0.0,False
194861167,"Giáo Trình Kinh Tế Lượng (Dùng cho sinh viên các trường cao đẳng, đại học khối kinh tế)",Giáo khoa giáo trình,0,0.40202719602052883,0,0.40202719602052883,0.0,False
193717254,Giáo Trình TOÁN CƠ SỞ,Giáo khoa giáo trình,4,0.0005517736320057488,4,0.0005517736320057488,0.0,False
192397601,Hỏi - Đáp Môn Kinh Tế Chính Trị Mác - Lênin (Dùng cho bậc đại học hệ chuyên và không chuyên lý luận chính trị),Giáo khoa giáo trình,0,0.2809868096985171,30,0.6009247725683177,0.3199379628698006,True
104558369,Sách Tiếng Việt: Mấy Vấn Đề Ngữ Âm - Ngữ Pháp - Ngữ Nghĩa,Giáo khoa giáo trình,0,0.7220093139708565,30,0.7845208288676296,0.06251151489677309,True
102757848,Phương Pháp Nghiên Cứu Kinh Tế Và Viết Luận Văn Thạc Sĩ Và Luận Án Tiến Sĩ,Giáo khoa giáo trình,30,0.7969812078512645,30,0.7969812078512645,0.0,False
75948755,Hóa Học Hữu Cơ – Tập 2,Giáo khoa giáo trình,0,0.44246188329340747,30,0.6356180120230593,0.19315612872965188,True
72082605,Bài Giảng Kinh tế Vĩ Mô,Giáo khoa giáo trình,1,0.0005517736320057488,1,0.0005517736320057488,0.0,False
56538278,Sách Giáo Trình Cao Học Quản Trị Chiến Lược - Cập Nhật BSC,Giáo khoa giáo trình,30,0.7665087334926467,30,0.7665087334926467,0.0,False
278956221,Giáo Trình Quản Trị Chất Lượng Trong Doanh Nghiệp - PGS. TS. Phạm Thu Trang,Giáo khoa giáo trình,0,0.0011335428141131588,0,0.0011335428141131588,0.0,False
278808860,Giáo Trình Python Căn Bản (Tác giả: Ths. Lâm Thanh Hùng),Giáo khoa giáo trình,0,0.0029478214196879404,0,0.0029478214196879404,0.0,False
278161121,Sách giáo khoa Tiếng Anh Lớp 11- Global Success (Sách Học Sinh),Giáo khoa giáo trình,0,0.6788929768866652,0,0.6788929768866652,0.0,False
278070477,Cơ Học Kết Cấu - Tập 1: Hệ Tĩnh Định (Tái bản 2024),Giáo khoa giáo trình,4,0.3118213494134375,35,0.5462708356928634,0.2344494862794259,True
278015351,"Giáo Trình Triết Học (Dùng Cho Khối Không Chuyên Ngành Triết Học Trình Độ Đào Tạo Thạc Sĩ, Tiến Sĩ Các Ngành Khoa Học Tự Nhiên, Công Nghệ) - Xuất Bản Lần Thứ 8 - ST",Giáo khoa giáo trình,13,0.011115971549487937,0,0.12503988161421517,0.11392391006472724,True
277540806,Giáo Trình Thị Trường Tài Chính Và Các Định Chế Tài Chính - GS.TS. Nguyễn Văn Tiến,Giáo khoa giáo trình,0,0.44246188329340747,30,0.6356180120230593,0.19315612872965188,True
277480716,Sách GLOBAL SUCCESS - Bài Tập Cuối Tuần Tiếng Anh Lớp 3 Tập 2 (Có đáp án),Giáo khoa giáo trình,30,0.0005761431181153888,30,0.0005761431181153888,0.0,False
277418258,"Sách Bài Tập Lịch Sử và Địa Lí 7- Phần Địa Lí- Kết Nối Tri Thức Với Cuộc Sống (Kèm nilon bọc sách, nhãn tên)",Giáo khoa giáo trình,0,0.26959681841049354,0,0.26959681841049354,0.0,False
275917180,Sách GLOBAL SUCCESS - Chinh Phục Ngữ Pháp Và Bài Tập Tiếng Anh Lớp 9 Tập 1 (Có đáp án),Giáo khoa giáo trình,33,0.45679798257964593,0,0.6706940646877529,0.213896082108107,True
275619871,Sách giáo khoa Chuyên đề học tập Công nghệ 11- Công nghệ Cơ khí- Kết Nối Tri Thức Với Cuộc Sống (Kèm Nilon bọc Sách),Giáo khoa giáo trình,0,0.5690768036919471,0,0.5690768036919471,0.0,False
275608763,Sách giáo khoa Tin học 12- Tin học ứng dụng- Cánh Diều (Kèm Nilon bọc Sách),Giáo khoa giáo trình,0,0.767547609956591,0,0.767547609956591,0.0,False
275578987,Sách giáo khoa Sinh học 10- Cánh Diều (Kèm Nilon bọc Sách),Giáo khoa giáo trình,0,0.6446385596735493,0,0.6446385596735493,0.0,False
275381523,Sách giáo khoa Chuyên đề học tập Hóa Học 11- Kết Nối Tri Thức Với Cuộc Sống (Kèm Nilon bọc Sách),Giáo khoa giáo trình,0,0.2266845161009243,0,0.2266845161009243,0.0,False
275090666,"Sách giáo khoa Hoạt Động Trải Nghiệm, Hướng Nghiệp 8- Kết Nối Tri Thức Với Cuộc Sống (Kèm Nilon bọc Sách, nhãn tên)",Giáo khoa giáo trình,0,0.26119935051391785,0,0.26119935051391785,0.0,False
275052408,Sách giáo khoa Toán 4- tập hai- Kết Nối Tri Thức Với Cuộc Sống (Kèm Nilon bọc Sách),Giáo khoa giáo trình,0,0.200042329954207,0,0.200042329954207,0.0,False
275007223,Sách Bài Tập Toán 8- tập hai- Chân Trời Sáng Tạo (Kèm Nilon bọc Sách),Giáo khoa giáo trình,0,0.43868656332758194,0,0.43868656332758194,0.0,False
275006710,Sách Bài Tập Toán 7- tập hai- Chân Trời Sáng Tạo (Kèm Nilon bọc Sách),Giáo khoa giáo trình,0,0.7273617097715861,0,0.7273617097715861,0.0,False
274999616,Sách Vở bài tập Công Nghệ 4- Chân Trời Sáng Tạo (Kèm Nilon bọc Sách),Giáo khoa giáo trình,0,0.045093246437545184,0,0.045093246437545184,0.0,False
274036588,"Sách - Giáo Trình Tin Học Ứng Dụng (Tái bản lần thứ hai, có chỉnh sửa bổ sung)",Giáo khoa giáo trình,4,0.46708833247513737,0,0.6711961733882312,0.20410784091309386,True
273252822,Sách - Combo Kinh Tế Vĩ Mô và Tóm Tắt - Bài Tập - Trắc Nghiệm Kinh Tế Vĩ Mô,Giáo khoa giáo trình,4,0.5015030197025035,30,0.752060111938762,0.25055709223625844,True
272830387,Giáo trình luật hiến pháp Việt Nam,Giáo khoa giáo trình,0,0.3837023183108584,35,0.6129436104331577,0.22924129212229932,True
271365549,Giáo trình Access và ứng dụng,Giáo khoa giáo trình,0,0.26703621221452173,0,0.26703621221452173,0.0,False
271329354,Giáo trình công nghệ CNC (Dùng cho các trường ĐT hệ TCCN và dạy nghề),Giáo khoa giáo trình,0,0.07370435754865631,0,0.07370435754865631,0.0,False
270465280,Giáo trình nhiệt động kỹ thuật,Giáo khoa giáo trình,0,0.020847365385984643,0,0.020847365385984643,0.0,False
270249524,Giáo trình Luật Tư pháp Quốc tế (Dùng trong các trường Đại học chuyên ngành Luật),Giáo khoa giáo trình,0,0.44522892212387793,0,0.44522892212387793,0.0,False
270107018,Máy điện tổng quát,Giáo khoa giáo trình,0,0.6055511364673598,0,0.6055511364673598,0.0,False
263113077,Giáo Trình Lịch Sử Nghệ Thuật Tập 2,Giáo khoa giáo trình,50,0.0014985749839434809,50,0.0014985749839434809,0.0,False
261380340, Giáo trình Kế toán Tài chính 1,Giáo khoa giáo trình,10,0.000427292304204919,10,0.000427292304204919,0.0,False
252596668,Nhiệt Động Học 2,Giáo khoa giáo trình,0,0.26703621221452173,0,0.26703621221452173,0.0,False
219156900,sách Giáo trình Marketing dịch vụ,Giáo khoa giáo trình,20,0.000427292304204919,20,0.000427292304204919,0.0,False
195787425,Giáo Trình Khao Phá Dữ Liệu Web,Giáo khoa giáo trình,0,0.650251316404382,0,0.650251316404382,0.0,False
194947002,Giáo Trình Kinh Tế Học Vi Mô (Dùng trong các trường trung cấp chuyên nghiệp khối kinh tế),Giáo khoa giáo trình,0,0.5690768036919471,0,0.5690768036919471,0.0,False
193691678,Combo Giáo Trình AutoCAD Phần Cơ Bản (Lý thuyết - Thực Hành) Và Giáo Trình AutoCAD Phần Nâng Cao (Lý thuyết- Thực hành). - Tặng sổ tay xương rồng,Giáo khoa giáo trình,0,0.7013233100003697,30,0.7839940730147869,0.08267076301441711,True
192398103,Cấu Trúc Dữ Liệu Và Thuật Toán - Nguyễn Đức Nghĩa (Xuất bản lần thứ năm - năm 2023),Giáo khoa giáo trình,4,0.5465012450882288,30,0.7645247185879785,0.2180234734997497,True
179764520,Giáo Trình Trình Bày & Minh Họa Xuất Bản Phẩm,Giáo khoa giáo trình,7,0.0005517736320057488,7,0.0005517736320057488,0.0,False
165701096,Xử Lý Nước Thải (Wastewater Treatment) - Tập 1 ( Tặng Kèm Sổ Tay),Giáo khoa giáo trình,52,0.0034216519070204045,52,0.0034216519070204045,0.0,False
58245834,Mạch Xử Lý Tín Hiệu Y Sinh,Giáo khoa giáo trình,4,0.3630204150579297,30,0.6141857615793067,0.251165346521377,True
437528,Sách Giáo Trình Thực Hành Lái Xe Cơ Bản,Giáo khoa giáo trình,20,0.6442435997190141,30,0.717723338854117,0.07347973913510286,True
403250,Sách Kế Toán Quản Trị - Phần 2,Giáo khoa giáo trình,0,0.12503988161421517,0,0.12503988161421517,0.0,False
402909,Sách Mô Hình Tài Chính Cơ Bản,Giáo khoa giáo trình,0,0.7664364988454799,0,0.7664364988454799,0.0,False
279244841,"Sách - Sách Giáo Khoa Bộ Lớp 11: Chân Trời Sáng Tạo Trình Chuẩn, Sách Tiếng Anh",Giáo khoa giáo trình,0,0.00876817293074177,0,0.00876817293074177,0.0,False
279144659,Linh kiện và kỹ thuật mạch điện tử,Giáo khoa giáo trình,0,0.0011335428141131588,0,0.0011335428141131588,0.0,False
278759962,Lí Luận Và Phương Pháp Tổ Chức Hoạt Động Phát Triển Ngôn Ngữ Tuổi Mầm Non,Giáo khoa giáo trình,0,0.0021233533345815575,0,0.0021233533345815575,0.0,False
278737067,"Giáo trình lý luận về nhà nước và pháp luật (Tái bản lần thứ sáu, có sửa chữa, bổ sung)",Giáo khoa giáo trình,0,0.0015017429883153915,0,0.0015017429883153915,0.0,False
278162113,Sách bài tập Tiếng Anh Lớp 11- Global Success,Giáo khoa giáo trình,0,0.0021233533345815575,0,0.0021233533345815575,0.0,False
278149678,"Sách giáo khoa Tiếng Anh Lớp 5- tập hai- Global Success- Sách Học Sinh (Kèm bìa bao, nhãn tên)",Giáo khoa giáo trình,0,0.6446385596735493,0,0.6446385596735493,0.0,False
278118742,"Sách giáo khoa Tiếng Anh Lớp 3- tập một- Global Success- Sách Học Sinh (Kèm bìa bao, nhãn tên)",Giáo khoa giáo trình,0,0.01973625427487353,0,0.01973625427487353,0.0,False
278118719,"Sách bài tập Tiếng Anh Lớp 2- Global Success (Kèm bìa bao, nhãn tên)",Giáo khoa giáo trình,0,0.4951271224157417,0,0.4951271224157417,0.0,False
277870417,Kỹ Năng Giao Tiếp Kinh Doanh: Tập 1 ( Nguyễn Văn Hùng ) - Tái Bản,Giáo khoa giáo trình,0,0.0015017429883153915,0,0.0015017429883153915,0.0,False
277864901,Sách Vở bài tập Tiếng Việt 2- tập hai- Kết Nối Tri Thức Với Cuộc Sống (Kèm bìa nilong bao sách),Giáo khoa giáo trình,0,0.23522943977628277,0,0.23522943977628277,0.0,False
277858955,Sách Tập Viết 2- tập hai- Kết Nối Tri Thức Với Cuộc Sống (Kèm bìa nilong bao sách),Giáo khoa giáo trình,0,0.26119935051391785,0,0.26119935051391785,0.0,False
277411992,Sách - Giáo trình cơ sở hóa học vật liệu,Giáo khoa giáo trình,0,0.0015017429883153915,0,0.0015017429883153915,0.0,False
276688269,Giáo trình Nhập Môn Khoa Học Máy Tính - Nguyễn Thị Thanh Huyền (Chủ biên) (ĐHSP),Giáo khoa giáo trình,7,0.33887724687481935,0,0.6574905403833112,0.3186132935084919,True
275625326,"Sách giáo khoa Chuyên đề học tập Công Nghệ 12- Công nghệ Điện, Điện Tử- Kết Nối Tri Thức Với Cuộc Sống (Kèm Nilon bọc Sách)",Giáo khoa giáo trình,0,0.26703621221452173,0,0.26703621221452173,0.0,False
275396945,Sách giáo khoa Mĩ Thuật 7- 1- Chân Trời Sáng Tạo (Kèm Nilon bọc Sách),Giáo khoa giáo trình,0,0.4936008461785103,0,0.4936008461785103,0.0,False
275074161,"Sách giáo khoa Khoa Học Tự Nhiên 7- Kết Nối Tri Thức Với Cuộc Sống (Kèm Nilon bọc Sách, nhãn tên)",Giáo khoa giáo trình,0,0.767547609956591,0,0.767547609956591,0.0,False
275072108,"Sách giáo khoa Ngữ Văn 7- tập hai- Kết Nối Tri Thức Với Cuộc Sống (Kèm Nilon bọc Sách, nhãn tên)",Giáo khoa giáo trình,0,0.7201694020792783,0,0.7201694020792783,0.0,False
275020986,Sách Bài Tập Toán 10- tập hai- Chân Trời Sáng Tạo (Kèm Nilon bọc Sách),Giáo khoa giáo trình,0,0.7928640511077474,0,0.7928640511077474,0.0,False
274988295,Global Success - Bài Tập Trắc Nghiệm Tiếng Anh Lớp 3 - Tập 1 - Có Đáp Án,Giáo khoa giáo trình,13,0.011115971549487937,0,0.12503988161421517,0.11392391006472724,True
273941378,BỘ THỰC HÀNH TOÁN LỚP 2 (KP),Giáo khoa giáo trình,0,0.0012705291154830216,0,0.0012705291154830216,0.0,False
273083089,Atlas Đồ Gá (Sách dùng cho sinh viên cơ khí thuộc các hệ đào tạo),Giáo khoa giáo trình,4,0.0005517736320057488,4,0.0005517736320057488,0.0,False
271973517,"CÁC LÝ THUYẾT PHÁP LUẬT ĐƯƠNG ĐẠI TRÊN THẾ GIỚI (Sách chuyên khảo) - PGS. TS. Nguyễn Minh Tuấn, TS. Nguyễn Văn Quân (Đồng chủ biên) - (bìa mềm)",Giáo khoa giáo trình,9,0.000427292304204919,9,0.000427292304204919,0.0,False
270972042,Sách - Vở bài tập tiếng anh 8 global success,Giáo khoa giáo trình,0,0.6706940646877529,0,0.6706940646877529,0.0,False
270460506,Tính toán thiết kế hệ thống điều hòa không khí,Giáo khoa giáo trình,0,0.0021233533345815575,0,0.0021233533345815575,0.0,False
252004482,Combo Bài giảng Kinh tế vĩ mô + Hướng dẫn giải bài tập Kinh tế vĩ mô,Giáo khoa giáo trình,1,0.00035569520063319983,1,0.00035569520063319983,0.0,False
216216675,XÃ HỘI HỌC BÁO CHÍ,Giáo khoa giáo trình,0,0.3622575020400117,30,0.6131634665685141,0.25090596452850233,True
213864698,Ngữ Pháp Tiếng Việt - Tập Hai (Tái bản lần thứ hai mươi mốt) - Diệp Quang Ban,Giáo khoa giáo trình,6,0.42640172547053523,0,0.6719104591025169,0.24550873363198167,True
209869040,Năng Lượng Tái Tạo (Giáo trình dùng cho các trường đại học),Giáo khoa giáo trình,4,0.2409552504459601,35,0.6106513926107564,0.3696961421647963,True
195874228,Thực Hành Cắt Gọt Kim Loại Trên Máy Tiện Và Máy Phay,Giáo khoa giáo trình,0,0.020847365385984643,0,0.020847365385984643,0.0,False
193900323,Sách Bài Tập Tiếng Anh lớp 9 (Có Đáp Án),Giáo khoa giáo trình,31,0.7716031410530251,31,0.7716031410530251,0.0,False
187264606,"Pháp luật đại cương dùng trong các trường ĐH, CĐ và trung cấp, xuất bản lần 19,  sửa đổi, bổ sung",Giáo khoa giáo trình,0,0.4020712489046187,30,0.617732354966103,0.2156611060614843,True
174603536,Bài Tập Toán Cao Cấp Tập 3- Chuỗi và phương Trình Vi Phân ,Giáo khoa giáo trình,0,0.6770818199063987,0,0.6770818199063987,0.0,False
137256414,Sách Tiếng Việt: Mấy Vấn Đề Ngữ Âm - Ngữ Pháp - Ngữ Nghĩa,Giáo khoa giáo trình,0,0.6696149135116743,30,0.7561053022297096,0.08649038871803527,True
93207217,SINH LÝ HỌC - Sách Đào Tạo Bác Sĩ Đa Khoa,Giáo khoa giáo trình,2,0.4994703692443679,30,0.617732354966103,0.11826198572173513,True
92499739,Hóa Lượng Tử - Hóa Lí I,Giáo khoa giáo trình,0,0.42251657552001226,30,0.572770408958072,0.1502538334380597,True
75751671,"Giáo Trình Thống Kê Xã Hội Học - Dùng Cho Các Trường Đại Học Khối Xã Hội Và Nhân Văn, Các Trường Cao Đẳng",Giáo khoa giáo trình,6,0.7659160377962982,6,0.7659160377962982,0.0,False
72026705,Tâm Lí Học Trẻ Em Lứa Tuổi Mầm Non,Giáo khoa giáo trình,6,0.702051410934121,30,0.7685978260460061,0.06654641511188508,True
42684165,Giáo trình xã hội học văn hóa,Giáo khoa giáo trình,0,0.4565679155051492,0,0.4565679155051492,0.0,False
578081,Sách To Understand English Lớp 1 (Kèm file MP3),Giáo khoa giáo trình,45,0.4863449571845947,0,0.668155956492417,0.1818109993078223,True
403813,Sách Marketing Công Nghiệp,Giáo khoa giáo trình,0,0.0021233533345815575,0,0.0021233533345815575,0.0,False
279236922,"Sách - Sách Kinh Tế Vi Mô, Kinh Tế Vĩ Mô (Trọn Bộ)",Giáo khoa giáo trình,8,0.001033572236891739,8,0.001033572236891739,0.0,False
278759960,Giáo Trình Nhập Môn Lý Thuyết Ma Trận,Giáo khoa giáo trình,6,0.0007404528772887676,6,0.0007404528772887676,0.0,False
278749684,Giáo Trình Kế Toán Tài Chính 2,Giáo khoa giáo trình,7,0.00012448132780082987,7,0.00012448132780082987,0.0,False
278698635, Giáo trình Lịch sử Đảng Cộng sản Việt Nam (Dành cho bậc đại học hệ không chuyên lý luận chính trị) ,Giáo khoa giáo trình,0,0.00876817293074177,0,0.00876817293074177,0.0,False
278691448,Giáo Trình Tín Dụng Ngân Hàng - NGND. PGS. TS. Tô Ngọc Hưng (Tái Bản),Giáo khoa giáo trình,0,0.0011335428141131588,0,0.0011335428141131588,0.0,False
278323341,Giáo trình Nguyên lý kiểm toán,Giáo khoa giáo trình,4,0.0005517736320057488,4,0.0005517736320057488,0.0,False
278275523,GIÁO TRÌNH KẾ TOÁN XUẤT NHẬP KHẨU,Giáo khoa giáo trình,10,0.000427292304204919,10,0.000427292304204919,0.0,False
278018082,Sách - Tiếng Anh Amanda And Friends 1 - Workbook,Giáo khoa giáo trình,0,0.0167059512445705,0,0.0167059512445705,0.0,False
277976782,Sách - Bộ Sách Tiếng Anh 12 - I-Learn Smart World - Student's Book + Workbook (Bộ 2 Cuốn),Giáo khoa giáo trình,0,0.0016978214196879404,0,0.0016978214196879404,0.0,False
277976600,Sách - Bộ Sách Tiếng Anh 12 - Bright - Student's Book + Workbook + Bài Tập Bổ Trợ (Bộ 3 Cuốn),Giáo khoa giáo trình,0,0.41893774396617384,30,0.637284678689726,0.2183469347235522,True
277314917,Sách Đề Thi Tốt Nghiệp THPT - Môn Tiếng Anh,Giáo khoa giáo trình,26,0.0030400243996956348,26,0.0030400243996956348,0.0,False
276641671,Giáo trình điều khiển robot công nghiệp và ứng dụng,Giáo khoa giáo trình,0,0.37632704584473287,45,0.4941427147751443,0.11781566893041145,True
276348563,"Giáo Trình Autocad - Tự Học Nhanh Autocad Bằng Hình Ảnh (2024-2023-2022) - Autocad Dành Cho Người Tự Học (Phiên Bản Mới) - Vũ Thị Ánh Tuyết, Phạm Phương Hoa ",Giáo khoa giáo trình,15,0.0046326090462863664,15,0.0046326090462863664,0.0,False
275778339,Nhập Môn Thương Mại Điện Tử,Giáo khoa giáo trình,30,0.002154290795909293,30,0.002154290795909293,0.0,False
275746728,Sách Bài Tập Lịch Sử và Địa Lí 9- Phần Địa lí- Chân Trời Sáng Tạo (Kèm Nilon bọc Sách),Giáo khoa giáo trình,0,0.12090576744832657,0,0.12090576744832657,0.0,False
275608587,Sách giáo khoa Vật lí 12- Cánh Diều (Kèm Nilon bọc Sách),Giáo khoa giáo trình,0,0.7264322889504479,0,0.7264322889504479,0.0,False
275600572,Sách giáo khoa Chuyên đề học tập Vật Lí 11- Kết Nối Tri Thức Với Cuộc Sống (Kèm Nilon bọc Sách),Giáo khoa giáo trình,0,0.5266641052792489,0,0.5266641052792489,0.0,False
275224017,Sách giáo khoa Vật lí 11- Cánh Diều (Kèm Nilon bọc Sách),Giáo khoa giáo trình,0,0.15747625163465068,0,0.15747625163465068,0.0,False
274690699,Lịch Sử Văn Minh Thế Giới (Tái bản lần thứ mười ba - năm 2014) - Vũ Dương Ninh (Chủ biên),Giáo khoa giáo trình,6,0.32095656790674454,6,0.32095656790674454,0.0,False
274661745,Giáo Trình Luật Ngân Hàng,Giáo khoa giáo trình,9,0.000427292304204919,9,0.000427292304204919,0.0,False
274659940,Giáo trình thuế và kế toán thuế,Giáo khoa giáo trình,7,0.0005517736320057488,7,0.0005517736320057488,0.0,False
274587388,Giáo trình Kinh tế học quốc tế nâng cao ( xbtt),Giáo khoa giáo trình,10,0.000427292304204919,10,0.000427292304204919,0.0,False
274371736,Giáo Trình LEADERSHIP (Tái Bản) - TS. Nguyễn Vân Hà,Giáo khoa giáo trình,0,0.0016978214196879404,0,0.0016978214196879404,0.0,False
271433546,Tâm Lý Học - Think Psychology - Text Book,Giáo khoa giáo trình,20,0.7576952745862439,20,0.7576952745862439,0.0,False
271123131,Giáo Trình Trang Bị Điện (Sách Dùng Cho Các Trường Đào Tạo Hệ Trung Cấp Chuyên Nghiệp),Giáo khoa giáo trình,0,0.6574905403833112,0,0.6574905403833112,0.0,False
270435188,Thống kê và ứng dụng (tái bản năm 2025 mới nhất),Giáo khoa giáo trình,0,0.6685771257691836,0,0.6685771257691836,0.0,False
263266178,Cấu trúc dữ liệu và thuật toán (phân tích và cài đặt trên C/C++) Tập 1,Giáo khoa giáo trình,10,0.3056006106451393,35,0.6129436104331577,0.3073429997880184,True
262792337,Bài Tập Hằng Ngày Toán 2 - Tập 2 (Kết Nối) (2022),Giáo khoa giáo trình,12,0.0019322980801001826,12,0.0019322980801001826,0.0,False
262427382,Hỏi - đáp môn Tư tưởng Hồ Chí Minh,Giáo khoa giáo trình,0,0.4240194736389125,30,0.6000914392349843,0.1760719655960718,True
244300872,Giáo trình Tài trợ thương mại quốc tế,Giáo khoa giáo trình,4,0.3232063770234763,35,0.5841077917414019,0.2609014147179256,True
225386392,Giáo Trình Điện Tử Công Suất Mạch Biến Đổi Điện Áp,Giáo khoa giáo trình,0,0.0016978214196879404,0,0.0016978214196879404,0.0,False
225386298,Giáo Trình Điện Tử Công Suất Bộ Biến Đổi Cộng Hưởng Và Ballast Điện Tử,Giáo khoa giáo trình,0,0.0016978214196879404,0,0.0016978214196879404,0.0,False
209400770,Toán Tài chính ứng dụng ( Nguyễn Tấn Bình ),Giáo khoa giáo trình,0,0.0011335428141131588,0,0.0011335428141131588,0.0,False
198238527,Combo Bài Tập Sức Bền Vật Liệu Tập 1 + 2 ( Tặng Kèm Sổ Tay Xương Rồng ),Giáo khoa giáo trình,50,0.3101440259210011,0,0.650251316404382,0.34010729048338095,True
191410849,Sách Bài tập tiếng Anh Lớp 6 - Tập 1 - Có đáp án (Dùng kèm SGK Global Success),Giáo khoa giáo trình,27,0.6580025631375794,0,0.7201694020792783,0.06216683894169883,True
181122187,Bài Tập Vật Lý Đại Cương Tập 1 ( Dùng Cho Sinh Viên Các Trường Cao Đẳng),Giáo khoa giáo trình,0,0.045093246437545184,0,0.045093246437545184,0.0,False
178569746,"500 câu hỏi trắc nghiệm kinh tế học vĩ mô (Dành cho các trường Đại học, Cao đẳng khối kinh tế)",Giáo khoa giáo trình,0,0.619172256575322,0,0.619172256575322,0.0,False
136009381,Hướng Dẫn Ôn Và Thi Môn Lý Luận Chung Về Nhà Nước Và Pháp Luật (Dành Cho Sinh Viên Chuyên Luật Văn Bằng 1 Và Văn Bằng 2),Giáo khoa giáo trình,16,0.5722885272578848,0,0.7062127776011863,0.13392425034330147,True
121157177,Đại Cương Lịch Sử Việt Nam Tập 1,Giáo khoa giáo trình,0,0.43951212405827944,30,0.6884995045924712,0.24898738053419178,True
58565457,"Sách Giáo Trình Lý Luận Chung Về Nhà Nước Và Pháp Luật (Dành Cho Đào Tạo Đại Học, Sau Đại Học Và Trên Đại Học Ngành Luật) (Tái bản có chỉnh sửa, bổ sung)",Giáo khoa giáo trình,0,0.0012705291154830216,0,0.0012705291154830216,0.0,False
279245915,"Sách - Sách Giáo Khoa Bộ Lớp 9: Chân Trời Sáng Tạo, Kết Nối Chương Trình Chuẩn, Sách Tiếng Anh",Giáo khoa giáo trình,0,0.00876817293074177,0,0.00876817293074177,0.0,False
279149739,Giáo Dục Nghệ Thuật Ở Tiểu Học (Mỹ Thuật),Giáo khoa giáo trình,6,0.0007404528772887676,6,0.0007404528772887676,0.0,False
279083747,Giáo Trình Dược Lý Học Đại Cương Cho Sinh Viên Hệ Bác Sĩ Chuyên Ngành Răng Hàm Mặt,Giáo khoa giáo trình,6,0.0005517736320057488,6,0.0005517736320057488,0.0,False
279010629,Giáo Trình Quản Trị Chuỗi Cung Ứng - PGS. TS. Nguyễn Vân Hà,Giáo khoa giáo trình,0,0.0015017429883153915,0,0.0015017429883153915,0.0,False
278788136,Những Vấn Đề Cơ Bản Của Tâm Lý Học (Giáo Trình Dành Cho Hệ Cử Nhân) ,Giáo khoa giáo trình,9,0.2071008656723973,30,0.5794370756247386,0.3723362099523413,True
277269518,Giáo Trình Cơ Sở Dữ Liệu Quan Hệ - Lý Thuyết Và Áp Dụng ,Giáo khoa giáo trình,4,0.21176381177559103,30,0.567373795767341,0.35560998399175003,True
276430029,Sách giáo khoa Khoa Học Tự Nhiên 7- Cánh Diều (Kèm Nilon bọc Sách),Giáo khoa giáo trình,0,0.650251316404382,0,0.650251316404382,0.0,False
276422475,Sách Hỏi – đáp môn Chủ nghĩa xã hội khoa học (Dành cho bậc đại học hệ chuyên và không chuyên lý luận chính trị),Giáo khoa giáo trình,0,0.0021233533345815575,0,0.0021233533345815575,0.0,False
275840656,Sách giáo khoa Chuyên đề học tập Toán 11- Cánh Diều (Kèm Nilon bọc Sách),Giáo khoa giáo trình,0,0.4692846508727142,0,0.4692846508727142,0.0,False
275802229,Sách giáo khoa Tiếng Việt 5- Tập hai- Chân Trời Sáng Tạo (Kèm Nilon bọc Sách),Giáo khoa giáo trình,0,0.02584736538598464,0,0.02584736538598464,0.0,False
275627889,"Sách giáo khoa Chuyên đề học tập Công Nghệ 12- Lâm nghiệp, Thủy sản- Kết Nối Tri Thức Với Cuộc Sống (Kèm Nilon bọc Sách)",Giáo khoa giáo trình,0,0.4515517841294483,0,0.4515517841294483,0.0,False
275616003,Sách giáo khoa Chuyên đề học tập Công nghệ 10- Công nghệ Trồng trọt- Kết Nối Tri Thức Với Cuộc Sống (Kèm Nilon bọc Sách),Giáo khoa giáo trình,0,0.26703621221452173,0,0.26703621221452173,0.0,False
275581548,Sách giáo khoa Chuyên đề học tập Lịch sử 11- Cánh Diều (Kèm Nilon bọc Sách),Giáo khoa giáo trình,0,0.6748626409724631,0,0.6748626409724631,0.0,False
275580478,Sách giáo khoa Mĩ Thuật 10- Thiết Kế Công Nghiệp- Kết Nối Tri Thức Với Cuộc Sống,Giáo khoa giáo trình,0,0.551081861799441,25,0.6151947856098019,0.06411292381036093,True
274453347,Cơ sở văn hóa Việt Nam,Giáo khoa giáo trình,0,0.4235428980210032,30,0.6195780380020709,0.1960351399810677,True
274190918,"Pháp luật đại cương (Dùng trong các trường đại học, cao đẳng và trung cấp)",Giáo khoa giáo trình,0,0.3791676585048425,30,0.617732354966103,0.2385646964612605,True
272128970,"Combo (Giáo trình) Vật Liệu Kỹ Thuật - 3 Tập (Chế tạo, cấu trúc, tính chất, lựa chọn và ứng dụng)",Giáo khoa giáo trình,4,0.300113819229996,35,0.609804203086545,0.309690383856549,True
272053793,Giáo Trình C++ Và Lập Trình Hướng Đối Tượng (Tái Bản 2023),Giáo khoa giáo trình,0,0.0015017429883153915,0,0.0015017429883153915,0.0,False
271269994,Chăm sóc sức khoẻ trẻ em (Dùng cho đào tạo cử nhân ngành điều dưỡng),Giáo khoa giáo trình,0,0.00876817293074177,0,0.00876817293074177,0.0,False
271217215, Lý Thuyết Thiết Bị Hình Ảnh Y Tế Tập 2 (Dùng cho đào tạo dạy nghề y tế),Giáo khoa giáo trình,0,0.26119935051391785,0,0.26119935051391785,0.0,False
271152531,Miễn dịch học đại cương (dùng cho đào tạo cử nhân điều dưỡng)(TL),Giáo khoa giáo trình,0,0.12246570176688155,0,0.12246570176688155,0.0,False
271145796,"Bài tập Hoá học vô cơ, Quyển I, Lý thuyết đại cương về hoá học (Câu hỏi và bài tính)",Giáo khoa giáo trình,6,0.0005517736320057488,6,0.0005517736320057488,0.0,False
271143072,Phong cách học Tiếng Việt,Giáo khoa giáo trình,0,0.0021233533345815575,0,0.0021233533345815575,0.0,False
270983082,Giáo trình Phân tích và quản lí dự án đầu tư,Giáo khoa giáo trình,0,0.00876817293074177,0,0.00876817293074177,0.0,False
270477833,Giáo trình Thiết kế mạch điện tử (Dùng cho SV hệ cao đẳng),Giáo khoa giáo trình,0,0.46895861413588963,25,0.5727292760414886,0.10377066190559897,True
270436320,Giáo trình Các chất điều hòa sinh trưởng thực vật,Giáo khoa giáo trình,0,0.0021233533345815575,0,0.0021233533345815575,0.0,False
270435739,Thực hành phân loại thực vật,Giáo khoa giáo trình,0,0.5266641052792489,0,0.5266641052792489,0.0,False
270097235,Giáo trình Cấu trúc máy vi tính và vi xử lý (Sách dùng cho các trường đào tạo hệ TCCN),Giáo khoa giáo trình,0,0.045093246437545184,0,0.045093246437545184,0.0,False
263358259,Combo Sách Tiếng Anh 7 Right On - Student's Book + Workbook (Bộ 2 Cuốn),Giáo khoa giáo trình,0,0.41501430568025627,30,0.6048777640213091,0.18986345834105284,True
263244350,"Điều Khiển Logic Và PLC - TS. Dương Minh Đức, TS. Đỗ Trọng Hiếu, TS. Đào Quý Thịnh, ThS. Phan Thị Huyền Châu",Giáo khoa giáo trình,4,0.3446266082215334,30,0.6020200404440733,0.2573934322225399,True
243804444,Giáo trình Toán cáo cấp cho các nhà kinh tế - Phần II: Giải tích toán học (Tái bản lần thứ tư),Giáo khoa giáo trình,7,0.26937384094250505,35,0.5545002729223005,0.2851264319797955,True
213684824,Báo Chí Truyền Thông - Những Góc Tiếp Cận,Giáo khoa giáo trình,10,0.20994999362929265,30,0.617732354966103,0.40778236133681034,True
209888455, Kế Toán Nâng Cao - KT,Giáo khoa giáo trình,0,0.0011335428141131588,0,0.0011335428141131588,0.0,False
195567884,Thực Hành Động Cơ Đốt Trong,Giáo khoa giáo trình,0,0.5266641052792489,0,0.5266641052792489,0.0,False
189475668,Biên Tập Báo Chí - (TT),Giáo khoa giáo trình,0,0.4240194736389125,30,0.6000914392349843,0.1760719655960718,True
186199794,KẾ TOÁN NÂNG CAO - KT,Giáo khoa giáo trình,0,0.0011335428141131588,0,0.0011335428141131588,0.0,False
73267801,Bài Tập Toán Học Cao Cấp - Tập 3 - Chuỗi Và Phương Trình Vi Phân,Giáo khoa giáo trình,5,0.7005372970623661,30,0.7546584321066121,0.05412113504424598,True
71294040,"Hóa Học Vô Cơ Cơ Bản, Tập 1- Lý Thuyết Đại Cương Về Hóa Học",Giáo khoa giáo trình,0,0.4648815575170672,30,0.6612787305515729,0.1963971730345057,True
4759043,Sách Kế Toán Tài Chính,Giáo khoa giáo trình,30,0.7147153919329239,30,0.7147153919329239,0.0,False
532945,Sách Bài Tập Và Giải Kế Toán Chi Phí,Giáo khoa giáo trình,0,0.6835094794794668,30,0.7546584321066121,0.07114895262714527,True
278733184,Sách - Giáo trình luật tài chính Việt Nam,Giáo khoa giáo trình,0,0.0016978214196879404,0,0.0016978214196879404,0.0,False
277881532,Sách Vở bài tập Tiếng Việt 1- tập hai- Cánh Diều (Kèm bìa nilong bao sách),Giáo khoa giáo trình,0,0.16856172172012074,0,0.16856172172012074,0.0,False
277860803,Sách Vở bài tập Tiếng Việt 1- tập hai- Kết Nối Tri Thức Với Cuộc Sống (Kèm bìa nilong bao sách),Giáo khoa giáo trình,0,0.17451972989552025,0,0.17451972989552025,0.0,False
277777312,Giáo Trình Kinh Tế Vĩ Mô (ĐH QGHN),Giáo khoa giáo trình,0,0.4378348417428192,30,0.6356180120230593,0.19778317028024012,True
277588878,Sách GLOBAL SUCCESS - Chinh phục ngữ pháp và bài tập tiếng anh lớp 5 tập 2 (Có đáp án),Giáo khoa giáo trình,30,0.023535326791584783,0,0.36846045574907504,0.3449251289574903,True
277381084,Vật Liệu Kỹ Thuật Điện,Giáo khoa giáo trình,4,0.21788353118142148,30,0.617732354966103,0.39984882378468156,True
276591251,Giáo trình Lập Trình Ứng Dụng Windows Forms - TS. Nguyễn Minh Quý (Chủ biên),Giáo khoa giáo trình,4,0.21204678860268555,30,0.572770408958072,0.3607236203553864,True
276484626,Giáo Trình Thanh Toán Quốc Tế Và Tài Trợ Ngoại Thương Incoterms 2020 UCP600 ISBP 821,Giáo khoa giáo trình,0,0.0012705291154830216,0,0.0012705291154830216,0.0,False
275917186,Sách TAKE NOTE ! Văn 8 (Có lò xo) (Theo chương trình SGK mới nhất),Giáo khoa giáo trình,28,0.02373140522295733,0,0.36846045574907504,0.3447290505261177,True
275607275,Sách giáo khoa Chuyên đề học tập Hóa Học 12- Chân Trời Sáng Tạo (Kèm Nilon bọc Sách),Giáo khoa giáo trình,0,0.5690768036919471,0,0.5690768036919471,0.0,False
275398160,Sách giáo khoa Mĩ Thuật 7- 2- Chân Trời Sáng Tạo (Kèm Nilon bọc Sách),Giáo khoa giáo trình,0,0.5899600801377236,0,0.5899600801377236,0.0,False
275385225,Bài Tập Tiếng Anh Lớp 8 - Không Đáp Án (Dùng kèm SGK Tiếng Anh 8 Global Success),Giáo khoa giáo trình,0,0.0021233533345815575,0,0.0021233533345815575,0.0,False
275002023,Sách Tập Viết 2- tập hai- Chân Trời Sáng Tạo (Kèm Nilon bọc Sách),Giáo khoa giáo trình,0,0.5690768036919471,0,0.5690768036919471,0.0,False
274880027,Sách - combo 2c English grammar for ket tập 1 và 2 ( có đáp án),Giáo khoa giáo trình,1,0.00035569520063319983,15,0.06530609583230512,0.06495040063167193,True
274852511,Giáo Trình Tài Chính Tiền Tệ (Tái Bản 2024) - Nguyễn Văn Tiến,Giáo khoa giáo trình,0,0.0015017429883153915,0,0.0015017429883153915,0.0,False
274544362,Để Các Em Thích Toán,Giáo khoa giáo trình,13,0.4613567005993559,35,0.5685869584080685,0.10723025780871259,True
274405314,Giáo Trình Kỹ Thuật Lập Trình,Giáo khoa giáo trình,4,0.21204678860268555,30,0.572770408958072,0.3607236203553864,True
272320433,Giáo Trình Lịch Sử Ngoại Giao Việt Nam,Giáo khoa giáo trình,6,0.3392314068568071,35,0.5545002729223005,0.21526886606549345,True
271846467,Global Success - Bài Tập Tiếng Anh Lớp 4 - Tập 2 (Có Đáp Án),Giáo khoa giáo trình,10,0.000427292304204919,10,0.000427292304204919,0.0,False
271319520,Giáo trình kỹ nghệ phần mềm,Giáo khoa giáo trình,0,0.45192987741835644,0,0.45192987741835644,0.0,False
271199520,"Giáo Trình Luật Hình Sự Việt Nam (Phần Chung) - GS. TSKH. Lê Văn Cảm, PGS. TS. Trịnh Tiến Việt - Tái bản, có sửa đổi bổ sung - (bìa mềm)",Giáo khoa giáo trình,9,0.00023121387283236994,9,0.00023121387283236994,0.0,False
271197844,Giáo trình Các thể loại báo chí chính luận – nghệ thuật,Giáo khoa giáo trình,0,0.42638691852793703,0,0.42638691852793703,0.0,False
270768661,Giáo trình Kinh tế quốc tế,Giáo khoa giáo trình,0,0.4551444149662708,0,0.4551444149662708,0.0,False
270111634,Sáng Tạo Trong Thuật Toán Và Lập Trình ( Tập 8 ),Giáo khoa giáo trình,10,0.1179468773804592,35,0.2605803302362126,0.14263345285575338,True
262603273,Giáo Trình Kinh Tế Chính Trị Mác - Lênin (Dành Cho Bậc Đại Học Hệ Không Chuyên Lý Luận Chính Trị),Giáo khoa giáo trình,0,0.00876817293074177,0,0.00876817293074177,0.0,False
248861528,Cẩm Nang Thanh Toán Quốc Tế Và Tài Trợ Ngoại Thương - Dành Cho Cao Học Và NCS ( Tái Bản 2023),Giáo khoa giáo trình,0,0.46614833011472434,35,0.609804203086545,0.1436558729718207,True
185903114,Sách Bài tập Thực hành tiếng Anh 6 (Có đáp án) - Dùng kèm SGK TA 6 GLOBAL SUCCESS,Giáo khoa giáo trình,27,0.7733120570459703,27,0.7733120570459703,0.0,False
185044436,Kế toán nâng cao (Advanced Accounting),Giáo khoa giáo trình,30,0.5986375345144789,30,0.5986375345144789,0.0,False
184886206,Cơ Sở Di Truyền Học Phân Tử Và Tế Bào - Đinh Đoàn Long,Giáo khoa giáo trình,0,0.4255559704433373,30,0.617732354966103,0.1921763845227657,True
184633466,Kỹ thuật sơn đồ gỗ,Giáo khoa giáo trình,0,0.12090576744832657,0,0.12090576744832657,0.0,False
149525558,"Biên Tập Báo Chí (Tái bản lần thứ 3 có bổ sung, chỉnh sửa)",Giáo khoa giáo trình,0,0.4240194736389125,30,0.6000914392349843,0.1760719655960718,True
131086046,"Giáo Trình Điện Tử : FET, MOSFET, IGBT ( Tính Toán- Thiết Kế- Ứng Dụng)",Giáo khoa giáo trình,0,0.3791676585048425,30,0.617732354966103,0.2385646964612605,True
92499921,Giáo Trình Dầu Mỏ Và Đặc Tính Của Các Phân Đoạn Dầu,Giáo khoa giáo trình,0,0.37407242002287183,30,0.567373795767341,0.1933013757444692,True
80940141,GIÁO TRÌNH LẬP VÀ THẨM ĐỊNH DỰ ÁN ĐẦU TƯ (TBL2),Giáo khoa giáo trình,0,0.4255559704433373,30,0.617732354966103,0.1921763845227657,True
74859150,Hóa Học Hữu Cơ - Tập 1,Giáo khoa giáo trình,0,0.47211268188663885,30,0.6397710144137218,0.1676583325270829,True
72454303,Lí Luận Văn Học - Tập 3 - Tiến Trình Văn Học (Tái bản năm 2020),Giáo khoa giáo trình,6,0.4827219879121373,0,0.7029984918869006,0.22027650397476328,True
58246541,Cơ Sở Lý Thuyết Điều Khiển Tuyến Tính (Tái bản năm 2023),Giáo khoa giáo trình,4,0.19511643136413861,30,0.617732354966103,0.4226159236019644,True
35166670,Giáo trình Cơ sở an toàn thông tin,Giáo khoa giáo trình,4,0.3243270685549461,30,0.5987554772652512,0.27442840871030516,True
403209,Sách Giáo Trình Lý Thuyết Tài Chính - Tiền Tệ (Phần 2),Giáo khoa giáo trình,0,0.0021233533345815575,0,0.0021233533345815575,0.0,False
402267,Sách Kế Toán Chi Phí - Bài Tập Và Bài Giải,Giáo khoa giáo trình,0,0.3369402910806739,35,0.5470486134706412,0.21010832238996724,True
279113781,Phát Hiện Tấn Công Có Chủ Đích - Từ Lý Thuyết Đến Thực Hành (Sách chuyên khảo),Giáo khoa giáo trình,4,0.0005517736320057488,4,0.0005517736320057488,0.0,False
279113739,Điều Khiển Tự Động Trong Kỹ Thuật Lạnh Và Điều Hòa Không Khí (Bìa cứng),Giáo khoa giáo trình,5,0.28899840063931725,30,0.6356180120230593,0.3466196113837421,True
278938961,Giáo Trình Các Hệ Thống Phân Tán ,Giáo khoa giáo trình,7,0.010355695200633199,7,0.010355695200633199,0.0,False
278819498,TAKE NOTE ! Toán 2 (Dùng cho cả 3 bộ SGK mới) Gáy lò xo,Giáo khoa giáo trình,38,0.4120886953403726,0,0.6083581540112195,0.19626945867084689,True
278489130,Giáo Trình Luật Kinh Doanh (Dành Cho Sinh Viên Ngành Kinh Tế Và Quản Lý) ,Giáo khoa giáo trình,4,0.0005517736320057488,4,0.0005517736320057488,0.0,False
278428127,Sách - Đảng Cộng Sản Việt Nam - Hành Trình Lịch Sử Và Khát Vọng Tương Lai - ndbooks,Giáo khoa giáo trình,0,0.0012705291154830216,0,0.0012705291154830216,0.0,False
278070673,Cơ Học Thủy Khí Kỹ Thuật,Giáo khoa giáo trình,4,0.25037115673686644,35,0.6183437003030642,0.36797254356619774,True
277981984,Sách TAKE NOTE! Trọng tâm kiến thức tiếng anh trung học cơ sở,Giáo khoa giáo trình,29,0.003981405222957325,29,0.003981405222957325,0.0,False
277564307,Sách Luật phòng chống tham nhũng,Giáo khoa giáo trình,0,0.020847365385984643,0,0.020847365385984643,0.0,False
277345350,"Sách Rèn kĩ năng giải toán lớp 5, tập 2 (Theo chương trình giáo dục phổ thông mới)",Giáo khoa giáo trình,34,0.0034216519070204045,34,0.0034216519070204045,0.0,False
276252357,Sách Bộ Đề Kiểm Tra Tiếng Việt Lớp 5 Tập 2 (Kết nối tri thức),Giáo khoa giáo trình,29,0.003731405222957325,29,0.003731405222957325,0.0,False
275917181,Sách GOLBAL SUCCESS - Bài Tập Tiếng Anh Lớp 5 ( Không đáp án ),Giáo khoa giáo trình,28,0.002506619227281842,28,0.002506619227281842,0.0,False
275746668,Sách Bài Tập Giáo Dục Công Dân 9- Chân Trời Sáng Tạo (Kèm Nilon bọc Sách),Giáo khoa giáo trình,0,0.46895861413588963,25,0.5727292760414886,0.10377066190559897,True
275386636,Sách giáo khoa Mĩ Thuật 11- Thiết Kế Thời Trang- Kết Nối Tri Thức Với Cuộc Sống (Kèm Nilon bọc Sách),Giáo khoa giáo trình,0,0.045093246437545184,0,0.045093246437545184,0.0,False
275382464,Sách giáo khoa Công Nghệ 4- Kết Nối Tri Thức Với Cuộc Sống (Kèm Nilon bọc Sách),Giáo khoa giáo trình,0,0.18175107454248274,0,0.18175107454248274,0.0,False
275290783,Tuyển Chọn 199 Bài Và Đoạn Văn Hay Lớp 8 (Dùng chung cho các bộ SGK hiện hành),Giáo khoa giáo trình,0,0.0021233533345815575,0,0.0021233533345815575,0.0,False
275234629,Sách giáo khoa Chuyên đề học tập Ngữ văn 11- Cánh Diều (Kèm Nilon bọc Sách),Giáo khoa giáo trình,0,0.7436974161217782,0,0.7436974161217782,0.0,False
274960240,Sách Vở bài tập Toán 4- tập hai- Chân Trời Sáng Tạo (Kèm Nilon bọc Sách),Giáo khoa giáo trình,0,0.7201694020792783,0,0.7201694020792783,0.0,False
270471465,Giáo trình điều khiển Logic,Giáo khoa giáo trình,0,0.20101114212695165,0,0.20101114212695165,0.0,False
270469490,Sinh thái học côn trùng,Giáo khoa giáo trình,0,0.13877907061574735,0,0.13877907061574735,0.0,False
270299307,Sức bền vật liệu (Lý thuyết và bài tập - Dùng cho các trường ĐH kỹ thuật),Giáo khoa giáo trình,0,0.0167059512445705,0,0.0167059512445705,0.0,False
270249664,Giáo trình Giải tích Toán học - Tập II,Giáo khoa giáo trình,0,0.00876817293074177,0,0.00876817293074177,0.0,False
270165363,Thuỷ lực và máy thuỷ lực,Giáo khoa giáo trình,0,0.0167059512445705,0,0.0167059512445705,0.0,False
270109048,Giáo trình Marketing căn bản (Dùng trong các trường CĐ và Trung cấp CN khối kinh tế),Giáo khoa giáo trình,0,0.18175107454248274,0,0.18175107454248274,0.0,False
195787742,Bài Tập Số Học ( Dùng Cho Các Trường Cao Đẳng Sư Phạm Và Đại Học Sư Phạm),Giáo khoa giáo trình,0,0.020847365385984643,0,0.020847365385984643,0.0,False
192884966,"GIÁO TRÌNH AUTOCAD - PHẦN NÂNG CAO (Lý Thuyết - Thực hành) (Dùng cho các phiên bản Autocad 2022, 2021)",Giáo khoa giáo trình,23,0.6667060722967172,30,0.7319661520758083,0.0652600797790911,True
187398122,Hệ Động Lực Trong Cơ Học Chất Lỏng,Giáo khoa giáo trình,5,0.0007404528772887676,5,0.0007404528772887676,0.0,False
186080629,Học Thông Minh - Study Smart,Giáo khoa giáo trình,8,0.007149543786379677,8,0.007149543786379677,0.0,False
181185871,Hóa Học Hữu Cơ Tập 2,Giáo khoa giáo trình,0,0.29008548066839407,35,0.5545002729223005,0.26441479225390646,True
180584467,Giáo Trình Lí Luận Và Phương Pháp Hướng Dẫn Trẻ Làm Quen Với Môi Trường Xung Quanh,Giáo khoa giáo trình,6,0.0007404528772887676,6,0.0007404528772887676,0.0,False
177732639,"Giáo Trình Kinh Tế Quốc Tế (Dùng cho các trường đại học, cao đẳng khối kinh tế)",Giáo khoa giáo trình,6,0.11668917337957635,0,0.42638691852793703,0.3096977451483607,True
161413594,Cơ sở di truyền học phân tử và tế bào,Giáo khoa giáo trình,0,0.4255559704433373,30,0.617732354966103,0.1921763845227657,True
92145844,Hóa Học Phóng Xạ,Giáo khoa giáo trình,0,0.40379937192062765,35,0.5452304316524593,0.14143105973183168,True
92145618,Phương Pháp Phổ Cộng Hưởng Từ Hạt Nhân,Giáo khoa giáo trình,0,0.4535632466856543,30,0.6472846786897262,0.19372143200407188,True
75833008,300 Tình Huống Giáo Tiếp Sư Phạm,Giáo khoa giáo trình,6,0.3526905660240574,35,0.5428292772513048,0.1901387112272474,True
72454134,Lí Luận Văn Học - Tập 2 - Tác Phẩm Và Thể Loại Văn Học (Tái bản năm 2020),Giáo khoa giáo trình,4,0.475192545461802,30,0.5718785542362441,0.09668600877444211,True
403195,Sách Bài Tập Kiểm Toán Căn Bản,Giáo khoa giáo trình,0,0.7999744469756948,0,0.7999744469756948,0.0,False
402868,Sách Kinh Tế Quốc Tế - Bài Tập Và Đáp Án,Giáo khoa giáo trình,0,0.4164076819112906,30,0.5521942760628883,0.13578659415159772,True
402770,Sách 268 Sơ Đồ Kế Toán Doanh Nghiệp,Giáo khoa giáo trình,0,0.5376026191957414,0,0.5376026191957414,0.0,False
402678,Sách Kinh Tế Phát Triển - Bài Tập Và Đáp Án,Giáo khoa giáo trình,0,0.21293449601515163,35,0.3070201537386327,0.09408565772348104,True
279236046,Cơ Sở Truyền Động Điện,Giáo khoa giáo trình,4,0.00035569520063319983,4,0.00035569520063319983,0.0,False
279007649,Xã Hội Học Điện Ảnh ,Giáo khoa giáo trình,9,0.000427292304204919,9,0.000427292304204919,0.0,False
278791833,Sách - Giáo trình Dược lý học đại cương cho sinh viên hệ bác sĩ chuyên ngành Răng Hàm Mặt,Giáo khoa giáo trình,0,0.0021233533345815575,0,0.0021233533345815575,0.0,False
278788408,Giáo Trình Luật Môi Trường,Giáo khoa giáo trình,9,0.0016772923042049188,9,0.0016772923042049188,0.0,False
278769007,Giáo trình marketing du lịch ,Giáo khoa giáo trình,0,0.12503988161421517,0,0.12503988161421517,0.0,False
278733168,Sách - Giáo trình luật môi trường,Giáo khoa giáo trình,0,0.2841185472420193,30,0.6009247725683177,0.3168062253262984,True
278691504,Giáo Trình Phân Tích Tài Chính Doanh Nghiệp - TS. Lê Thị Xuân (Tái Bản),Giáo khoa giáo trình,0,0.0016978214196879404,0,0.0016978214196879404,0.0,False
278379160,Kỹ Thuật Lập Trình Trong Thủy Khí Ứng Dụng,Giáo khoa giáo trình,4,0.19321686451475484,30,0.6048838701176181,0.4116670056028633,True
276449587,Giáo trình Kinh tế chính trị Mác - Lênin (Dành cho bậc đại học hệ chuyên lý luận chính trị) (bản in 2024),Giáo khoa giáo trình,0,0.0021233533345815575,0,0.0021233533345815575,0.0,False
276139882,Sách giáo khoa Hóa Học 12- Cánh Diều (Kèm Nilon bọc Sách),Giáo khoa giáo trình,0,0.7201694020792783,0,0.7201694020792783,0.0,False
275607421,Sách giáo khoa Chuyên đề học tập Lịch Sử 12- Chân Trời Sáng Tạo (Kèm Nilon bọc Sách),Giáo khoa giáo trình,0,0.5690768036919471,0,0.5690768036919471,0.0,False
275599734,Sách giáo khoa Mĩ Thuật 5- 2- Chân Trời Sáng Tạo (Kèm Nilon bọc Sách),Giáo khoa giáo trình,0,0.26703621221452173,0,0.26703621221452173,0.0,False
275579420,Sách giáo khoa Chuyên đề học tập Ngữ Văn 11- Kết Nối Tri Thức Với Cuộc Sống (Kèm Nilon bọc Sách),Giáo khoa giáo trình,0,0.23522943977628277,0,0.23522943977628277,0.0,False
275287534,Giáo Trình Quản Trị Rủi Ro Tài Chính (GS. TS. Nguyễn Văn Tiến),Giáo khoa giáo trình,0,0.0011335428141131588,0,0.0011335428141131588,0.0,False
275238368,"Giáo trình Cơ sở hệ thống thông tin địa lí (GIS) - Đỗ Văn Thanh (CB), Dương Thị Lợi",Giáo khoa giáo trình,6,0.0005517736320057488,6,0.0005517736320057488,0.0,False
275056310,Sách - Giáo Trình Kinh Tế Nguồn Nhân Lực (PGS.TS. Trần Xuân Cầu),Giáo khoa giáo trình,0,0.0016978214196879404,0,0.0016978214196879404,0.0,False
275016027,Sách Bài Tập Ngữ Văn 6- tập hai- Chân Trời Sáng Tạo (Kèm Nilon bọc Sách),Giáo khoa giáo trình,0,0.15747625163465068,0,0.15747625163465068,0.0,False
274917006,Sách - Bài tập toán cao cấp tập 2 - Nguyễn Đình Trí,Giáo khoa giáo trình,0,0.0164559512445705,0,0.0164559512445705,0.0,False
272126522,Nguyên Lý Máy - Nxb Bách Khoa Hà Nội,Giáo khoa giáo trình,4,0.19585556076995594,30,0.6131634665685141,0.41730790579855814,True
271369115,Tiếng Việt thực hành (xuất bản năm 2023),Giáo khoa giáo trình,0,0.44014467303962895,0,0.44014467303962895,0.0,False
271220559,"Giáo trình Kế toán doanh nghiệp dịch vụ (dùng cho SV đại học, cao đẳng chuyên nghành kế toán)",Giáo khoa giáo trình,0,0.12246570176688155,0,0.12246570176688155,0.0,False
271082370,Cơ học ứng dụng (ĐH),Giáo khoa giáo trình,0,0.17451972989552025,0,0.17451972989552025,0.0,False
270974347,Giáo trình trang bị điện - điện tử các máy công nghiệp (tập 1) (Dùng cho các trường đào tạo hệ cử nhân cao đẳng kỹ thuật),Giáo khoa giáo trình,0,0.0164559512445705,0,0.0164559512445705,0.0,False
270846632,Giáo trình Quản Trị Hoạt Động Logistics Và Thương Mại Doanh Nghiệp,Giáo khoa giáo trình,1,0.36176344848065817,30,0.567373795767341,0.20561034728668287,True
270470188,Bài tập kinh tế học vi mô,Giáo khoa giáo trình,0,0.5256034213862043,25,0.6137663454554114,0.08816292406920712,True
270442046,"Giáo trình Luật Hình sự Việt Nam - Phần các tội phạm (Dùng trong các trường Đại học chuyên ngành Luật, An Ninh, Công an)",Giáo khoa giáo trình,0,0.00876817293074177,0,0.00876817293074177,0.0,False
270319661,Tính toán thiết kế hệ thống lạnh (tái bản năm 2025),Giáo khoa giáo trình,0,0.4569511287301938,30,0.5521867347087709,0.09523560597857711,True
270229620,Giáo trình vật lý cơ - nhiệt đại cương - Tập 1: Cơ học,Giáo khoa giáo trình,0,0.0167059512445705,0,0.0167059512445705,0.0,False
262692284,Giáo Trình Quản Trị Logistics - Đặng Đình Đào ( Tái Bản 2023),Giáo khoa giáo trình,0,0.3791676585048425,30,0.617732354966103,0.2385646964612605,True
257846842,Giáo trình lịch sử Đảng Cộng Sản Việt Nam (Dành cho bậc đại học hệ không chuyên lý luận chính trị),Giáo khoa giáo trình,0,0.0021233533345815575,0,0.0021233533345815575,0.0,False
253310114,"Bài Tập Toán Học Cao Cấp, Tập Hai: Giải Tích (Tái bản 2024) - GS.TS. Nguyễn Đình Trí (Chủ biên), PGS.TS. Trần Việt Dũng, PGS.TS. Trần Xuân Hiền, PGS.TS. Nguyễn Xuân Thảo",Giáo khoa giáo trình,6,0.0005517736320057488,6,0.0005517736320057488,0.0,False
253272134,"Giáo trình Kinh tế Thương mại - Dịch vụ - Dành cho ngành Kinh tế, Logistics và Quản trị Kinh doanh",Giáo khoa giáo trình,1,0.0005517736320057488,1,0.0005517736320057488,0.0,False
225386234,Giáo Trình Điện Tử - Linh Kiện Điện Tử Transistor,Giáo khoa giáo trình,0,0.0015017429883153915,0,0.0015017429883153915,0.0,False
201926371,Giáo Trình MẠCH ĐIỆN,Giáo khoa giáo trình,4,0.4632673372307556,30,0.7665087334926467,0.3032413962618911,True
181473031,Vật Lý Kỹ Thuật ,Giáo khoa giáo trình,0,0.5690768036919471,0,0.5690768036919471,0.0,False
158774685,"Giáo Trình Luật Hiến Pháp Việt Nam (Xuất Bản Lần Thứ Ba, Có Chỉnh Sửa, Bổ Sung)",Giáo khoa giáo trình,0,0.0016978214196879404,0,0.0016978214196879404,0.0,False
92502252,Công Nghệ Sản Xuất Các Chất Xúc Tác Trong Quá Trình Chế Biến Dầu Khí,Giáo khoa giáo trình,0,0.4240194736389125,30,0.6000914392349843,0.1760719655960718,True
79909715,Giáo trình lý luận về Nà Nước và Pháp Luật,Giáo khoa giáo trình,0,0.5815546762549174,30,0.7527032031250674,0.17114852687015003,True
78905710,Giáo Trình Các Công Cụ Phái Sinh,Giáo khoa giáo trình,0,0.3718047420430356,0,0.3718047420430356,0.0,False
402107,Sách Từ Điển Ngân Hàng Anh - Việt,Giáo khoa giáo trình,0,0.3622575020400117,30,0.6131634665685141,0.25090596452850233,True
279009885, Giáo Trình Du Lịch Tổng Quan Việt Nam 34 Tỉnh Thành Mới Kỷ Nguyên Vươn Mình,Giáo khoa giáo trình,30,0.002154290795909293,30,0.002154290795909293,0.0,False
278754380,Chuyên tin 12,Giáo khoa giáo trình,10,0.0,10,0.0,0.0,False
278481750,Sách giáo khoa Tiếng Anh 11- Friends Global,Giáo khoa giáo trình,0,0.0021233533345815575,0,0.0021233533345815575,0.0,False
277420537,Sách Bài Tập Tin Học 9- Kết Nối Tri Thức Với Cuộc Sống (Kèm Nilon bọc Sách),Giáo khoa giáo trình,0,0.5258726999931694,25,0.5977246787887447,0.07185197879557526,True
276883251,Sách - Giáo Trình Luật Chứng Khoán - Học Viện Ngân Hàng,Giáo khoa giáo trình,4,0.0005517736320057488,4,0.0005517736320057488,0.0,False
276688630,Dạy Học Tích Cực Và Cách Tiếp Cận Trong Dạy Học Tiểu Học - Phó Đức Hòa,Giáo khoa giáo trình,5,0.016971614572736174,0,0.2077812703799751,0.1908096558072389,True
276236126,"Hóa Học Và Hóa Lý Polyme - PGS.TS. Đặng Việt Hưng, GS.TS. Bùi Chương",Giáo khoa giáo trình,4,0.0005517736320057488,4,0.0005517736320057488,0.0,False
274892873,Sách giáo khoa Mĩ Thuật 4- bản 1- Chân Trời Sáng Tạo (Kèm Nilon bọc Sách),Giáo khoa giáo trình,0,0.26703621221452173,0,0.26703621221452173,0.0,False
274883883,Sách giáo khoa Đạo Đức 3- Chân Trời Sáng Tạo (Kèm Nilon bọc Sách),Giáo khoa giáo trình,0,0.045093246437545184,0,0.045093246437545184,0.0,False
274679203,Sách - Dung Sai Và Lắp Ghép,Giáo khoa giáo trình,0,0.00876817293074177,0,0.00876817293074177,0.0,False
274022382,Sách - Giáo Trình Luật Ngân Hàng,Giáo khoa giáo trình,4,0.0005517736320057488,4,0.0005517736320057488,0.0,False
273879859,Giáo trình luật ngân hàng,Giáo khoa giáo trình,0,0.46388549033726556,30,0.7033852325160106,0.23949974217874503,True
273522965,Sách - Combo Thực hành Tiếng Anh 6 - tập 1 + 2 (KP),Giáo khoa giáo trình,0,0.0021233533345815575,0,0.0021233533345815575,0.0,False
272128838,"(Giáo trình) Vật Liệu Kỹ Thuật - Tập 1 (Chế tạo, cấu trúc, tính chất, lựa chọn và ứng dụng)",Giáo khoa giáo trình,4,0.23947321348499273,30,0.5829293513228966,0.34345613783790385,True
271164130,Giáo trình lí luận chung về nhà nước và pháp luật (dùng cho đào tạo đại học và sau đại học luật),Giáo khoa giáo trình,0,0.0021233533345815575,0,0.0021233533345815575,0.0,False
271102496,"Bài tập Vật lí đại cương, tập 2 (dùng cho sinh viên các trường cao đẳng)",Giáo khoa giáo trình,0,0.045093246437545184,0,0.045093246437545184,0.0,False
270834355,Hoạt động giáo dục nghề phổ thông: Nghề Tin học văn phòng 11,Giáo khoa giáo trình,0,0.0164559512445705,0,0.0164559512445705,0.0,False
270469826,"Giáo trình ""Lý thuyết thống kê"" (dùng cho các trường cao đẳng, trung cấp chuyên nghiệp khối kinh tế)",Giáo khoa giáo trình,0,0.23522943977628277,0,0.23522943977628277,0.0,False
270441677,Giáo trình vật liệu may,Giáo khoa giáo trình,0,0.045093246437545184,0,0.045093246437545184,0.0,False
270075858,Cấu tạo nguyên tử và liên kết hoá học tập 2 (tái bản năm 2023),Giáo khoa giáo trình,0,0.0016978214196879404,0,0.0016978214196879404,0.0,False
270068881,Giáo Trình Kỹ Thuật Lập Trình C,Giáo khoa giáo trình,0,0.1564012537879599,0,0.1564012537879599,0.0,False
243808411,Giáo Trình Nguyên Lý Thống Kê Kinh Tế - TS. Trần Thị Thanh Hương,Giáo khoa giáo trình,0,0.398359263908191,30,0.617732354966103,0.21937309105791203,True
243783862,"Kinh tế học vi mô - Phần 2 (Tái bản lần thứ 5, có sửa đổi bổ sung)",Giáo khoa giáo trình,8,0.3367474378459277,0,0.6706940646877529,0.33394662684182524,True
199518449,Tuyển Tập Bài Tập Phương Trình Toán Lý,Giáo khoa giáo trình,0,0.5818011364673599,0,0.5818011364673599,0.0,False
197639032,Sách Bài Tập Tiếng Anh Lớp 6 Tập 2 (Không Đáp Án) (Dùng Kèm SGK Global Success),Giáo khoa giáo trình,27,0.62768507739945,27,0.62768507739945,0.0,False
193110519,Giáo Trình AutoCAD Phần cơ bản (Lý thuyết - Thực Hành). - tặng sổ tay xương rồng,Giáo khoa giáo trình,0,0.422331624880552,30,0.6116609263946745,0.18932930151412253,True
189172009,Giáo Trình Trình Bày & Minh Họa Xuất Bản Phẩm - ( TT),Giáo khoa giáo trình,0,0.0021233533345815575,0,0.0021233533345815575,0.0,False
181782250,Giáo Trình Phương Pháp Xác Định Tuổi ĐỊa Chất Bằng Đồng Vị Phóng Xạ,Giáo khoa giáo trình,0,0.2266845161009243,0,0.2266845161009243,0.0,False
178579398,Ứng dụng EXCEL trong giải quyết các bài toán kinh tế,Giáo khoa giáo trình,0,0.2931865620002372,0,0.2931865620002372,0.0,False
171585875,Giáo Trình Lịch Sử Đảng Cộng Sản Việt Nam (Dành Cho Bậc Đại Học Hệ Không Chuyên Lý Luận Chính Trị),Giáo khoa giáo trình,0,0.0021233533345815575,0,0.0021233533345815575,0.0,False
150545053,Tập Viết Tiếng Anh Lớp 2 (Theo Chương Trình Giáo Dục Phổ Thông Mới) ,Giáo khoa giáo trình,0,0.12090576744832657,0,0.12090576744832657,0.0,False
76394647,Giáo Trình Luật Tố Tụng Hình Sự Việt Nam,Giáo khoa giáo trình,4,0.19011643136413864,30,0.617732354966103,0.4276159236019644,True
73263165,Bài Tập Toán Cao Cấp - Tập 1 - Đại Số Và Hình Học Giải Tích,Giáo khoa giáo trình,0,0.5815546762549174,30,0.7527032031250674,0.17114852687015003,True
72666052,Sách Giáo Trình Kỹ Thuật Tương Tự 2,Giáo khoa giáo trình,30,0.0005761431181153888,30,0.0005761431181153888,0.0,False
21821954,Sách Giáo Trình Lập Trình Cơ Sở,Giáo khoa giáo trình,0,0.3837023183108584,35,0.6129436104331577,0.22924129212229932,True
532348,Sách Kinh Tế Vĩ Mô,Giáo khoa giáo trình,30,0.7223176129174951,30,0.7223176129174951,0.0,False
531022,Sách Giáo Trình Kế Toán Tài Chính (Phần 5),Giáo khoa giáo trình,0,0.0164559512445705,0,0.0164559512445705,0.0,False
402457,Sách Toán Cao Cấp C1 Và Một Số Ứng Dụng Trong Kinh Doanh,Giáo khoa giáo trình,0,0.7664364988454799,0,0.7664364988454799,0.0,False
402383,Sách Bài Tập Và Bài Giải Kiểm Toán Đại Cương,Giáo khoa giáo trình,0,0.6071083269675345,0,0.6071083269675345,0.0,False
402135,Sách Kế Toán Quản Trị - Bài Tập Và Bài Giải (Tái Bản 2010),Giáo khoa giáo trình,0,0.6063616621295331,0,0.6063616621295331,0.0,False
278162191,Sách bài tập Tiếng Anh Lớp 12- Global Success,Giáo khoa giáo trình,0,0.2956167864739225,35,0.545928844350872,0.2503120578769495,True
278152505,Sách bài tập Tiếng Anh Lớp 7- Global Success,Giáo khoa giáo trình,0,0.0021233533345815575,0,0.0021233533345815575,0.0,False
277738984,Tham vấn trường học (mới nhất xuất bản 2025),Giáo khoa giáo trình,0,0.00876817293074177,0,0.00876817293074177,0.0,False
277585867,Sách Smart Growth – 7 Bước Chuyển Mình Cho Cá Nhân Và Tổ Chức,Giáo khoa giáo trình,29,0.0023503692272818424,29,0.0023503692272818424,0.0,False
277460907,Hướng dẫn ôn tập môn Chủ nghĩa xã hội khoa học ( Biên soạn theo chương trình của Bộ Giáo dục và Đào tạo) (Bản in năm 2021),Giáo khoa giáo trình,0,0.00876817293074177,0,0.00876817293074177,0.0,False
279428996,Sách Chú Thuật Hồi Chiến - Tập 28,Truyện tranh,5,0.3074312533927939,5,0.3074312533927939,0.0,False
279394165,Thám tử thừa kế - Tập 1 (Tặng kèm Standee giấy),Truyện tranh,9,0.31874555326234766,40,0.38664019755125834,0.06789464428891068,True
279374424,Sách Chú Thuật Hồi Chiến - Tập 27,Truyện tranh,5,0.3074312533927939,5,0.3074312533927939,0.0,False
279292568,Song Mệnh Cõi Hoàng Tuyền,Truyện tranh,10,0.3131367887613407,10,0.3131367887613407,0.0,False
279236031,"Điệu múa chim công, có ai thấy không",Truyện tranh,12,0.3036544298409864,40,0.3776518525629134,0.073997422721927,True
279235202,Sách Khúc Hát Đêm Thâu [Chọn Tập,Truyện tranh,0,0.42582182716471323,0,0.42582182716471323,0.0,False
279218500,Ship of Theseus - NXB Trẻ,Truyện tranh,12,0.3027032562115654,40,0.3885129075875814,0.08580965137601598,True
279157961,Sách Hikaru - Kì Thủ Cờ Vây - Ultimate Edition ( Chọn Tập),Truyện tranh,0,0.376224623525873,0,0.376224623525873,0.0,False
279112904,Thám Tử Lừng Danh Conan - Tập 107,Truyện tranh,5,0.30065994655870293,5,0.30065994655870293,0.0,False
278968251,Hàng Xóm Của Tôi TOTORO (Truyện tranh màu) - [Chọn Tập Lẻ,Truyện tranh,5,0.3467342167892016,40,0.40421606938289634,0.05748185259369476,True
278967562,Monster - Deluxe Edition –  [Chọn Tập Lẻ,Truyện tranh,0,0.38884334417530625,0,0.38884334417530625,0.0,False
278949619,Quý tộc nhà nông - Tập 7 (Tặng kèm Hộp tự lắp Arakawa Milk),Truyện tranh,12,0.3207222701547717,40,0.383138226668169,0.062415956513397264,True
278790552,Bộ Truyện One Piece [Chọn Tập Lẻ,Truyện tranh,9,0.35213853298331316,9,0.35213853298331316,0.0,False
278788044,Sách BEASTARS [Chọn Tập Lẻ,Truyện tranh,0,0.24300617141998718,40,0.32782557481115604,0.08481940339116886,True
278785576,Sách Dragon Ball - 7 Viên Ngọc Rồng [Chọn Tập Lẻ] - Tập 1,Truyện tranh,5,0.4752420024603456,40,0.5565439139973656,0.08130191153701999,True
278756674,Sách Nisekoi - Cặp Đôi Giả Tạo,Truyện tranh,0,0.3177357119704511,40,0.3976090097330418,0.07987329776259072,True
278729070,Sách Chu Du Ẩm Thực Tại Dị Giới Với Kĩ Năng Không Tưởng - Sui Phiêu Lưu Ký  [Chọn Tập Lẻ,Truyện tranh,5,0.34601370026933076,40,0.4056973154207261,0.059683615151395364,True
278710197,Rắc Rối Đáng Yêu - Love☆Com,Truyện tranh,12,0.3027032562115654,40,0.3885129075875814,0.08580965137601598,True
278706881,Itto - Sóng Gió Cầu Trường - [Tái Bản 2025,Truyện tranh,5,0.30065994655870293,5,0.30065994655870293,0.0,False
278684154,Nữ Binh Thần Tốc,Truyện tranh,11,0.3907828944926958,11,0.3907828944926958,0.0,False
278572376,Combo Perman - Cậu Bé Siêu Nhân,Truyện tranh,5,0.5392831021426245,5,0.5392831021426245,0.0,False
278523761,Siêu Quậy Teppei Tập 1 – Tập 31,Truyện tranh,10,0.3418445555433492,10,0.3418445555433492,0.0,False
278496130,Thanh Gươm Diệt Quỷ,Truyện tranh,5,0.3074312533927939,5,0.3074312533927939,0.0,False
278463126,Komi - Nữ Thần Sợ Giao Tiếp ( Chọn Tập Lẻ),Truyện tranh,5,0.4752420024603456,40,0.5565439139973656,0.08130191153701999,True
278275166,Hoa Thơm Kiêu Hãnh (Chọn tập lẻ) - Tập 7 (Tặng Kèm Standee PVC Bập Bênh),Truyện tranh,13,0.3482617151662998,13,0.3482617151662998,0.0,False
278123405,Sobotei Dinh Thự Ma Ám (Chọn tập lẻ),Truyện tranh,7,0.3863516842455513,7,0.3863516842455513,0.0,False
277591013,Bộ Truyện - Itto - Cơn lốc sân cỏ,Truyện tranh,5,0.5392831021426245,5,0.5392831021426245,0.0,False
276659602,Series các tập Claymore,Truyện tranh,13,0.4108286765889321,13,0.4108286765889321,0.0,False
276425570,Thám Tử Lừng Danh Conan (Bản Nâng Cấp) - [Chọn Tập Lẻ,Truyện tranh,8,0.3410475540635655,8,0.3410475540635655,0.0,False
276078455,Series các tập Gachiakuta,Truyện tranh,0,0.3118846558904476,15,0.41490587136986107,0.10302121547941345,True
273349964,Cecilia & Lawrence ( Chọn Tập Lẻ),Truyện tranh,5,0.34751585284406544,40,0.3976090097330418,0.050093156888976365,True
273219497,Series các tập Moriarty the patriot,Truyện tranh,11,0.3907828944926958,11,0.3907828944926958,0.0,False
273182700,Combo Dragon Ball Super,Truyện tranh,4,0.43541392353454283,15,0.4970397379471914,0.06162581441264858,True
272188850,Soul Eater,Truyện tranh,13,0.2996079810332747,40,0.36531890707210224,0.06571092603882756,True
262664014,Combo Doraemon Truyện Ngắn,Truyện tranh,11,0.591431911045267,11,0.591431911045267,0.0,False
251255482,Doraemon - Chú Mèo Máy Đến Từ Tương Lai Tập 26 (Tái Bản),Truyện tranh,5,0.30065994655870293,5,0.30065994655870293,0.0,False
202450677,Chú Thuật Hồi Chiến Tập 8,Truyện tranh,7,0.32596330347074853,7,0.32596330347074853,0.0,False
176831144,Combo 23 Tập Thanh Gươm Diệt Quỷ (Tập 1-23),Truyện tranh,4,0.43541392353454283,15,0.4970397379471914,0.06162581441264858,True
50263061,Combo Thám Tử Lừng Danh Conan Tập 21 - 30 (Bộ 10 cuốn),Truyện tranh,5,0.5819386724973373,5,0.5819386724973373,0.0,False
13920941,Combo Doraemon - Truyện Dài (Trọn Bộ 24 Cuốn) - Tái Bản,Truyện tranh,12,0.5106737926947833,12,0.5106737926947833,0.0,False
279651026,Bộ Truyện BlueLock,Truyện tranh,0,0.386418765255066,15,0.5202862974609199,0.1338675322058539,True
279395889,Sách One Piece - Tập 110,Truyện tranh,5,0.3074312533927939,5,0.3074312533927939,0.0,False
279375972,Sách Trái Dấu Hút Nhau (Chọn lẻ),Truyện tranh,2,0.19670963771678887,40,0.37223773266675747,0.1755280949499686,True
279358057,Sách Làm Dâu Nhà Giáo,Truyện tranh,31,0.2693740030656712,15,0.4302537501714117,0.1608797471057405,True
279292563,Truyện Tranh - Nơi Dãy Núi Điên Dại,Truyện tranh,5,0.34751585284406544,40,0.3976090097330418,0.050093156888976365,True
279292547,Sách Dan Da Dan,Truyện tranh,0,0.3095664060697975,40,0.39611770527413653,0.08655129920433902,True
279236017,Hồn Oda Da Shiba,Truyện tranh,13,0.3482617151662998,13,0.3482617151662998,0.0,False
279187927,Văn phòng thám tử quái vật,Truyện tranh,10,0.31536633611078607,10,0.31536633611078607,0.0,False
279149139,Làm Dâu Nhà Sói (Tập 1),Truyện tranh,20,0.27034784256290495,40,0.37283053436047664,0.10248269179757169,True
278948458,Sách Vòng Lặp Thứ 7 Của Tiểu Thư Phản Diện - Cuộc Sống Hôn Nhân Tự Tại Giữa Lòng Địch Quốc (Chọn Tập Lẻ),Truyện tranh,10,0.36533734315078525,10,0.36533734315078525,0.0,False
278892527,Sách Tokyo Aliens - [Chọn Tập Lẻ,Truyện tranh,0,0.40998710235788044,0,0.40998710235788044,0.0,False
278841848,Doraemon Movie Story Màu: Nobita Và Những Hiệp Sĩ Không Gian,Truyện tranh,2,0.005047432452604866,2,0.005047432452604866,0.0,False
278572380,Perman - Cậu Bé Siêu Nhân,Truyện tranh,5,0.005142745446933037,5,0.005142745446933037,0.0,False
278445298,Slam Dunk - Deluxe Edition ( Các Tập Lẻ),Truyện tranh,5,0.3365937762274672,5,0.3365937762274672,0.0,False
278229522,Boxset Nguyên Tội Của Takopi (2 Tập),Truyện tranh,5,0.38905769080509517,40,0.5399768212638951,0.15091913045879995,True
278123404,Vùng Đất Xa Xăm,Truyện tranh,12,0.4043604648162383,40,0.4973691112102587,0.0930086463940204,True
277671463,Tình Yêu Nhân Vật Phụ,Truyện tranh,11,0.3907828944926958,11,0.3907828944926958,0.0,False
277384364,Hồ Sơ Mật The Top Secret Season 0,Truyện tranh,13,0.3482617151662998,13,0.3482617151662998,0.0,False
276922183,Thám Tử Lừng Danh Conan Tập 105,Truyện tranh,2,0.2412557167155478,10,0.31474883865940445,0.07349312194385665,True
276860230,Doraemon Plus Tập 7 (Bản Bìa Gập),Truyện tranh,14,0.3116016621115343,0,0.38118504576751283,0.06958338365597855,True
276285600,Phù thủy và dã thú,Truyện tranh,11,0.31582197101475923,40,0.3776518525629134,0.061829881548154164,True
275925573,Bộ Truyện Tranh Dấu Ấn Hoàng Gia [ Nữ Hoàng Ai Cập ] - (Chọn Tập Lẻ),Truyện tranh,2,0.23651827643951978,40,0.321747143438607,0.08522886699908722,True
275362670,Sakamoto Days Sát thủ huyền thoại [Chọn Tập Lẻ,Truyện tranh,11,0.3907828944926958,11,0.3907828944926958,0.0,False
274928291,Historie,Truyện tranh,13,0.42657117038716985,13,0.42657117038716985,0.0,False
274175475,Frieren - Pháp Sư Tiễn Táng,Truyện tranh,10,0.40059146341876206,10,0.40059146341876206,0.0,False
273200683,Series các tập Chu Du Ẩm Thực Tại Dị Giới Với Kĩ Năng Không Tưởng,Truyện tranh,5,0.34751585284406544,40,0.3976090097330418,0.050093156888976365,True
272003238,Nụ hôn tinh nghịch,Truyện tranh,12,0.2557731267207343,40,0.36527364208128,0.10950051536054567,True
271535830,Shin - Cậu Bé Bút Chì - Tập 45,Truyện tranh,5,0.30065994655870293,5,0.30065994655870293,0.0,False
270790324,Doraemon Plus Tập 5,Truyện tranh,5,0.30065994655870293,5,0.30065994655870293,0.0,False
270663112,Combo Thám Tử Lừng Danh Conan - Học Viện Cảnh Sát - Wild Police Story [Tập 1+2] (2 Cuốn),Truyện tranh,5,0.4367136822169003,40,0.6203774242458783,0.18366374202897795,True
263052837,Dragon Ball Super Tập 14: Tuần Tra Viên Ngân Hà Son Goku,Truyện tranh,5,0.3074312533927939,5,0.3074312533927939,0.0,False
262304692,Doraemon - Chú Mèo Máy Đến Từ Tương Lai Tập 37,Truyện tranh,4,0.20892610261137018,5,0.40840655328419584,0.19948045067282566,True
247442507,Doraemon Tranh Truyện Màu - Nobita Tây Du Kí Tập 2 (Tái Bản 2023),Truyện tranh,5,0.3074312533927939,5,0.3074312533927939,0.0,False
246073880,Combo Thám Tử Lừng Danh Conan Hoạt Hình Màu: Kẻ Hành Pháp Zero (Tập 1 + Tập 2) (2 Cuốn),Truyện tranh,5,0.2797085271968333,0,0.3548323078537016,0.07512378065686831,True
242085691,Doraemon Tập 6: Nobita Và Cuộc Chiến Vũ Trụ [Tái Bản 2023],Truyện tranh,5,0.03452428753745346,5,0.03452428753745346,0.0,False
195969664,Tokyo Revengers - Tập 4,Truyện tranh,18,0.3440545706848248,18,0.3440545706848248,0.0,False
185097189,Combo Nhà Có 5 Nàng Dâu ( 14 Tập) [Tái Bản 2025],Truyện tranh,5,0.0015384615384615385,5,0.0015384615384615385,0.0,False
57233240,Combo 5 Cuốn: Doraemon Thế Giới Khoa Học,Truyện tranh,5,0.5879493745066118,40,0.6399641331712086,0.052014758664596816,True
20611171,Combo Tý Quậy ( 10 tập ),Truyện tranh,25,0.5526594129279871,25,0.5526594129279871,0.0,False
19824204,Combo Doraemon Truyện Ngắn (45 Tập) - Tái Bản,Truyện tranh,12,0.6249063084200349,12,0.6249063084200349,0.0,False
279402018,Sách Quán Cơm Tỳ Hưu - Chỉ Có Vào Không Có Ra (Tập 4),Truyện tranh,10,0.4052918703806457,10,0.4052918703806457,0.0,False
279395884,Sách Dấu Ấn Hoàng Gia - Tập 57,Truyện tranh,10,0.31536633611078607,10,0.31536633611078607,0.0,False
279323586,Sách Dấu Ấn Hoàng Gia - Tập 51 [Tặng Kèm Postcard],Truyện tranh,5,0.005142745446933037,5,0.005142745446933037,0.0,False
279082305,Spy X Family - Tập 14,Truyện tranh,10,0.31536633611078607,10,0.31536633611078607,0.0,False
278948895,Tuyển Tập Kiệt Tác Fujiko F Fujio - F The Best,Truyện tranh,5,0.5650378143525956,5,0.5650378143525956,0.0,False
278948837,Boxset Orange - Lá Thư Từ Tương Lai [Tặng Kèm Set 8 Postcard],Truyện tranh,5,0.12871890910381129,45,0.23051776494145815,0.10179885583764686,True
278814503,Sách Bảng Xếp Hạng Quân Vương [Chọn Tập Lẻ,Truyện tranh,0,0.28269901138645875,40,0.3846667537414275,0.10196774235496875,True
278788075,Sách Những Ngày Thường Bất Ổn Của Yano [Chọn Tập Lẻ,Truyện tranh,5,0.2868594166876343,0,0.3980930129762802,0.11123359628864588,True
278747062,Liệu Hoa Có Nở,Truyện tranh,30,0.23746799318289277,40,0.3547974403317301,0.11732944714883733,True
278518858,Thị Trấn Mèo - Tập 10 [Tặng Kèm Postcard],Truyện tranh,5,0.32086001875686776,40,0.38283053436047676,0.061970515603609,True
278377140,Dược Sư Tự Sự (Light Novel) - Tập 7 [Tặng Kèm Bookmark],Truyện tranh,20,0.26336468285204423,40,0.3562154570790034,0.09285077422695914,True
278316450,Sách Em Bé Và Tôi ( Chọn Tập Lẻ),Truyện tranh,8,0.3592886530318944,8,0.3592886530318944,0.0,False
278100335,Sách Ánh Sao Bên Tôi,Truyện tranh,20,0.39349009816328107,15,0.4506703246859407,0.05718022652265964,True
277568841,Kingdom,Truyện tranh,11,0.3907828944926958,11,0.3907828944926958,0.0,False
277543284,Kotaro sống một mình,Truyện tranh,10,0.36888672461840927,10,0.36888672461840927,0.0,False
277402962,ReLIFE,Truyện tranh,21,0.28400247271341567,40,0.37283053436047664,0.08882806164706097,True
276922193,Shin Cậu Bé Bút Chì - Truyện Dài Tập 21: Bốn Chàng Hiệp Sĩ Của Vương Quốc Vẽ Vời,Truyện tranh,2,0.2412557167155478,10,0.31474883865940445,0.07349312194385665,True
276859727,Spy X Family Tập 11 (Bản Thường),Truyện tranh,5,0.3074312533927939,5,0.3074312533927939,0.0,False
276659735,Series các tập Saiyuki,Truyện tranh,11,0.31582197101475923,40,0.3776518525629134,0.061829881548154164,True
276109497,Spy X Family Tập 10,Truyện tranh,5,0.3074312533927939,5,0.3074312533927939,0.0,False
275881767,Series các tập Thiên hà cạnh bên,Truyện tranh,12,0.3027032562115654,40,0.3885129075875814,0.08580965137601598,True
275617268,Shin Cậu Bé Bút Chì - Truyện Dài Tập 15: Câu Chuyện Xuất Ngoại Và Trận Chiến Xương Rồng,Truyện tranh,5,0.30065994655870293,5,0.30065994655870293,0.0,False
274728129,Vũ điệu rực lửa - Welcome to the Ballroom,Truyện tranh,13,0.4108286765889321,13,0.4108286765889321,0.0,False
274031577,Series các tập ATTACK ON TITAN - Combo tập 1-2-3,Truyện tranh,9,0.369012849501248,9,0.369012849501248,0.0,False
273219000,Shin - Cậu Bé Bút Chì Tập 34,Truyện tranh,5,0.30065994655870293,5,0.30065994655870293,0.0,False
272122637,Chú Thuật Hồi Chiến Tập 17: Ngậm Ngọn Cỏ Lau,Truyện tranh,5,0.3074312533927939,5,0.3074312533927939,0.0,False
270790402,Shin - Cậu Bé Bút Chì - Tập 50,Truyện tranh,5,0.30065994655870293,5,0.30065994655870293,0.0,False
270790349,Shin - Cậu Bé Bút Chì Tập 16,Truyện tranh,6,0.23720270825247597,40,0.43542242070206344,0.19821971244958747,True
270466655,Shin - Cậu Bé Bút Chì Tập 13,Truyện tranh,2,0.2732024373916059,25,0.4482466210685461,0.17504418367694025,True
270463602,Shin - Cậu Bé Bút Chì Tập 1,Truyện tranh,5,0.30065994655870293,5,0.30065994655870293,0.0,False
267178870,Doraemon Tuyển Tập Tranh Truyện Màu - Tập 1,Truyện tranh,5,0.30147453467660296,40,0.3828901975512584,0.08141566287465546,True
263698219,Bluelock Tập 10,Truyện tranh,5,0.34601370026933076,40,0.4056973154207261,0.059683615151395364,True
247442497,Combo Doraemon Tranh Truyện Màu - Nobita Tây Du Kí (2 cuốn) [Tái Bản 2023],Truyện tranh,5,0.3365937762274672,5,0.3365937762274672,0.0,False
215983686,Combo Shin - Cậu Bé Bút Chì - Đặc Biệt  (8 Tập),Truyện tranh,3,0.321007611131889,40,0.6344284188854943,0.31342080775360526,True
173515978,My Hero Academia - Học Viện Siêu Anh Hùng Tập 8: Yaoyorozu: Trỗi Dậy (Tái Bản 2022),Truyện tranh,5,0.3074312533927939,5,0.3074312533927939,0.0,False
51320541,Combo Thám Tử Lừng Danh Conan Tập 61 - 70 (Bộ 10 cuốn),Truyện tranh,4,0.5739772545752253,4,0.5739772545752253,0.0,False
34956336,Doraemon Plus Tập 6 (Tái Bản),Truyện tranh,14,0.349756098952067,14,0.349756098952067,0.0,False
21508579,Doraemon Plus Tập 4 (Tái Bản),Truyện tranh,5,0.6467384150918549,5,0.6467384150918549,0.0,False
13105192,Doraemon - Chú Mèo Máy Đến Từ Tương Lai Tập 43 (Tái Bản),Truyện tranh,5,0.6467384150918549,5,0.6467384150918549,0.0,False
509618,Combo Dragon Ball (Trọn Bộ 42 Tập),Truyện tranh,5,0.5698271026742772,15,0.6298486632920027,0.06002156061772557,True
279408699,Sách Dấu Ấn Hoàng Gia - Tập 60 ,Truyện tranh,5,0.3074312533927939,5,0.3074312533927939,0.0,False
279396019,Sách Official Character Book - My Hero Academia - Học Viện Siêu Anh Hùng: Ultra Archive [Tặng Kèm Set Bookmark PVC + Bảng Sticker],Truyện tranh,5,0.004340113867985668,5,0.004340113867985668,0.0,False
279395932,Sách Vivre Card - Thẻ Dữ Liệu Nhân Vật One Piece Booster Pack - Băng Hải Tặc Của “Tứ Hoàng” Big Mom!! ,Truyện tranh,5,0.30065994655870293,5,0.30065994655870293,0.0,False
279349883,Sách Dấu Ấn Hoàng Gia - Tập 54 ,Truyện tranh,5,0.3074312533927939,5,0.3074312533927939,0.0,False
279329126,Sách Ngôi Nhà Mặt Trời Mọc (Tập 2),Truyện tranh,20,0.38349009816328106,15,0.44067032468594064,0.05718022652265958,True
279319890,Sách - Monster - Deluxe Edition - Tập 4 - Tặng Kèm Bookmark,Truyện tranh,3,0.23102305447285343,40,0.5044038044269074,0.2733807499540539,True
279305766,Dấu Ấn Hoàng Gia - Tập 50 ,Truyện tranh,5,0.3074312533927939,5,0.3074312533927939,0.0,False
279305764,Sách Dịch Vụ Giao Hàng Của Phù Thủy Kiki (Truyện Tranh Màu) - (Chọn Tập Lẻ),Truyện tranh,0,0.3486121689964433,40,0.3988182199205308,0.050206050924087475,True
279292554,Chung Một Mái Nhà - Tập 5,Truyện tranh,20,0.2679205593453078,40,0.35165369748381387,0.08373313813850608,True
279291900,Dấu Ấn Hoàng Gia - Tập 47,Truyện tranh,5,0.3074312533927939,5,0.3074312533927939,0.0,False
279272462,Sách Vitamin Mèo Và Những Câu Chuyện Bất Tận - Nhiều Phiên Bản,Truyện tranh,23,0.2723991459644848,40,0.35371545707900337,0.08131631111451859,True
279134887,Sách Ác Nữ Nửa Vời - Truyền Kì Hoán Hồn Đổi Xác  - [Chọn Tập Lẻ,Truyện tranh,22,0.2887959184596151,40,0.359335640478402,0.07053972201878689,True
279001755,Sách Thủy Cung Đáy Biển Magmell [ Chọn Tập Lẻ,Truyện tranh,5,0.34751585284406544,40,0.3976090097330418,0.050093156888976365,True
278892522,Sách Ác Nữ Nửa Vời - Truyền Kì Hoán Hồn Đổi Xác (Truyện Tranh) [Chọn Tập Lẻ,Truyện tranh,5,0.33595040003685495,40,0.39611770527413653,0.06016730523728159,True
278870038,Sách - Wild Cats - Tặng Kèm Mini Poster + Card PVC,Truyện tranh,3,0.004853709508881922,3,0.004853709508881922,0.0,False
278831291,Sách - Boxset Nguyên Tội Của Takopi - Tập 1 + Tập 2 (Hộp 2 Tập) - Tặng Kèm Standee Giấy Bồi,Truyện tranh,3,0.19315109904901284,40,0.35514402850757476,0.16199292945856192,True
278788244,Sách Dragon Quest - Cuộc Phiêu Lưu Của Dũng Sĩ Dai [Chọn Tập Lẻ,Truyện tranh,0,0.35061216899644326,0,0.35061216899644326,0.0,False
278603968,Rồng & Tắc Kè Hoa,Truyện tranh,11,0.31582197101475923,40,0.3776518525629134,0.061829881548154164,True
278469816,Cú Đấm Phúc Âm,Truyện tranh,11,0.31582197101475923,40,0.3776518525629134,0.061829881548154164,True
276676685,Truyện Tranh - Yona - Công Chúa Bình Minh - Mizuho Kusanagi - Tập 1 Đến Tập 44,Truyện tranh,0,0.1601716098116256,10,0.31474883865940445,0.15457722884777886,True
275955976,Nhóc Maruko Tập 11 [Tặng Kèm Set Postcard Polaroid],Truyện tranh,2,0.21489539528444423,40,0.4102891008113183,0.19539370552687407,True
275606968,Thám Tử Lừng Danh Conan - Hanzawa Chàng Hung Thủ Số Nhọ - Tập 7,Truyện tranh,0,0.0011220580186097426,0,0.0011220580186097426,0.0,False
273787649,Nina Ở Thị Trấn Cao Nguyên,Truyện tranh,11,0.34729542714276285,11,0.34729542714276285,0.0,False
271516431,Nhóc Miko! Cô Bé Nhí Nhảnh - Tập 16,Truyện tranh,16,0.3975110495339301,5,0.45778279679256917,0.06027174725863904,True
271478393,Thám tử Kindaichi phần đặc biệt: Thanh tra Akechi và chuyên án hào nhoáng,Truyện tranh,10,0.31426456193895896,40,0.388184940980545,0.07392037904158605,True
270463575,Shin - Cậu Bé Bút Chì - Tập 37,Truyện tranh,5,0.30664191019310627,40,0.44493744979062194,0.13829553959751567,True
263970133,Thám tử lừng danh Conan Tập 28,Truyện tranh,5,0.30065994655870293,5,0.30065994655870293,0.0,False
262304766,Thám Tử Lừng Danh Conan Tập 6,Truyện tranh,7,0.3123592501317246,25,0.43909148575586654,0.12673223562414193,True
262303861,Thám Tử Lừng Danh Conan - Tập 8,Truyện tranh,2,0.2412557167155478,10,0.31474883865940445,0.07349312194385665,True
253366263,Doraemon - Chú Mèo Máy Đến Từ Tương Lai Tập 9 (Tái Bản),Truyện tranh,5,0.30065994655870293,5,0.30065994655870293,0.0,False
249025946,"Doraemon - Phiên Bản Điện Ảnh Màu - Ấn Bản Đầy Đủ Ngoại Truyện: Đêm Trước Đám Cưới Nobita, Kỉ Niệm Về Bà [Tái Bản 2023]",Truyện tranh,3,0.17550252884228382,40,0.38083053436047665,0.20532800551819283,True
243023702,Doraemon - Chú Mèo Máy Đến Từ Tương Lai Tập 33 (Tái Bản),Truyện tranh,5,0.30065994655870293,5,0.30065994655870293,0.0,False
197214004,Combo Magic Kaito (5 Cuốn) (Tái Bản 2022),Truyện tranh,4,0.4413331160920905,5,0.5392831021426245,0.09794998605053401,True
197212989,Magic Kaito Tập 1 (Tái Bản 2022),Truyện tranh,5,0.34601370026933076,40,0.4056973154207261,0.059683615151395364,True
186267247,Shaman King 11,Truyện tranh,0,0.2885725557988915,40,0.3976090097330418,0.10903645393415029,True
171876692,Dragon Ball Super - Tập 7: Giải Đấu Sức Mạnh - Cuộc Đua Tranh Sống Còn (Tái Bản),Truyện tranh,4,0.1791701379626245,40,0.3184138101052737,0.1392436721426492,True
63554358,Combo Thám Tử Lừng Danh Conan: Hoa Hướng Dương Trong Biển Lửa (2 Tập),Truyện tranh,3,0.23465941810921706,40,0.5168425237079451,0.28218310559872806,True
63554343,Combo Thám Tử Lừng Danh Conan: Cuộc Điều Tra Giữa Biển Khơi (2 Tập),Truyện tranh,5,0.2797085271968333,0,0.3548323078537016,0.07512378065686831,True
50477553,Combo Thám Tử Lừng Danh Conan Tập 31 - 40 (Bộ 10 cuốn),Truyện tranh,4,0.5739772545752253,4,0.5739772545752253,0.0,False
48963465,Fullmetal Alchemist - Cang Giả Kim Thuật Sư - Fullmetal Edition Tập 3,Truyện tranh,5,0.3467342167892016,40,0.40421606938289634,0.05748185259369476,True
279374423,Sách Dấu Ấn Hoàng Gia - Tập 56 [Tặng Kèm Postcard] ,Truyện tranh,10,0.31536633611078607,10,0.31536633611078607,0.0,False
279349882,Sách Dấu Ấn Hoàng Gia - Tập 53 ,Truyện tranh,5,0.3074312533927939,5,0.3074312533927939,0.0,False
279286655,Sách - Hikaru - Kì Thủ Cờ Vây - Ultimate Edition - Tập 3 - Tặng Kèm Character Card,Truyện tranh,3,0.20846042273625945,40,0.38346770878324726,0.17500728604698781,True
279258707,Sách Dấu Ấn Hoàng Gia – Tập 44,Truyện tranh,5,0.3074312533927939,5,0.3074312533927939,0.0,False
279235206,Sách Thiên Sứ Nhà Bên ~ After The Rain (Truyện Tranh) [Chọn Tập,Truyện tranh,5,0.004340113867985668,5,0.004340113867985668,0.0,False
279226139,Combo Truyện Card Captor Sakura - Thẻ Bài Pha Lê ( Trọn Bộ 16 Tập),Truyện tranh,10,0.44648818679277774,15,0.49894274915167314,0.052454562358895396,True
279185704,Sách Cuốn Từ Điển Kì Bí,Truyện tranh,5,0.30065994655870293,5,0.30065994655870293,0.0,False
279112898,One Piece Magazine - Tập 5 [Tặng Kèm Tờ Truy Nã Zoro],Truyện tranh,5,0.27917543603749445,0,0.33775000243952263,0.05857456640202818,True
278916774,Doraemon Movie Story Màu - Phiên Bản Mới: Nobita Thám Hiểm Vùng Đất Mới,Truyện tranh,5,0.015582538110409907,5,0.015582538110409907,0.0,False
278916767,Thám Tử Lừng Danh Conan Hoạt Hình Màu: Tàu Ngầm Sắt Màu Đen,Truyện tranh,5,0.004090113867985668,5,0.004090113867985668,0.0,False
278892518,Sách Chàng Đầu Gấu Và Cô Nàng Khiếm Thị [Chọn Tập Lẻ,Truyện tranh,5,0.004340113867985668,5,0.004340113867985668,0.0,False
278874643,Sách Đại Pháp Sư Của Thư Viện [Chọn Tập Lẻ,Truyện tranh,5,0.3426170667035216,40,0.39611770527413653,0.05350063857061493,True
278706972,Combo Itto – Sóng Gió Cầu Trường (26 Tập),Truyện tranh,5,0.46024848529629625,5,0.46024848529629625,0.0,False
278602027,Mùa Xuân Của Cô Nàng Sắt Đá,Truyện tranh,10,0.27292053996731336,40,0.37744754270970043,0.10452700274238708,True
278520724,Hell Mode (Manga) - Triệu Hồi Sư Khởi Nguyên,Truyện tranh,3,0.18616207288726916,40,0.3937428443175181,0.20758077143024894,True
276379811,Series các tập WIND BREAKER,Truyện tranh,11,0.3907828944926958,11,0.3907828944926958,0.0,False
275490886,Asari - Cô Bé Tinh Nghịch Tập 21 – Tập 30 [Tái Bản 2024,Truyện tranh,5,0.33865124218634585,5,0.33865124218634585,0.0,False
274919299,Shin - Cậu Bé Bút Chì - Đặc Biệt Tập 7 [Tái Bản 2024],Truyện tranh,2,0.0007772304324028461,2,0.0007772304324028461,0.0,False
273612689,"Có Chó Có Mèo, Ngày Nào Cũng Vui",Truyện tranh,8,0.39506906637644595,40,0.5716378436287715,0.1765687772523255,True
273219140,Series các tập  Banana Fish,Truyện tranh,11,0.3907828944926958,11,0.3907828944926958,0.0,False
271782878,Hananoi và Triệu chứng tình yêu,Truyện tranh,10,0.3614083352215996,10,0.3614083352215996,0.0,False
271537839,Series các tập Nhóc Maruko,Truyện tranh,5,0.34751585284406544,40,0.3976090097330418,0.050093156888976365,True
270790427,Shin - Cậu Bé Bút Chì - Tập 12,Truyện tranh,3,0.1661941338245221,40,0.44493744979062194,0.2787433159660998,True
270789906,Shin - Cậu Bé Bút Chì - Tập 29,Truyện tranh,5,0.30065994655870293,5,0.30065994655870293,0.0,False
270788995,Shin - Cậu Bé Bút Chì Truyện Dài Tập 1: Cuộc Giao Tranh Thời Chiến Quốc,Truyện tranh,5,0.30664191019310627,40,0.44493744979062194,0.13829553959751567,True
270465777,Shin - Cậu Bé Bút Chì - Tập 27,Truyện tranh,5,0.30065994655870293,5,0.30065994655870293,0.0,False
252044267,Spy X Family Tập 8,Truyện tranh,5,0.3074312533927939,5,0.3074312533927939,0.0,False
251256145,Shin - Cậu Bé Bút Chì Tập 15 (Tái Bản 2023),Truyện tranh,2,0.0007772304324028461,2,0.0007772304324028461,0.0,False
249025732,My Hero Academia - Học Viện Siêu Anh Hùng Tập 33: Từ Lớp A Đến Ofa,Truyện tranh,5,0.30065994655870293,5,0.30065994655870293,0.0,False
247444634,Doraemon Tập 2: Nobita Và Lịch Sử Khai Phá Vũ Trụ (Tái Bản),Truyện tranh,16,0.040751633986928104,16,0.040751633986928104,0.0,False
215983672,Combo Doraemon Tuyển Tập Tranh Truyện Màu (6 Tập),Truyện tranh,5,0.5060702186521973,40,0.6021940131130996,0.09612379446090236,True
205336471,Dr.Slump Ultimate Edition - Tập 13,Truyện tranh,2,0.20346978572288196,40,0.37283053436047664,0.16936074863759468,True
205299813,"Tashiro, Cậu Đúng Thật Là! - Tập 2",Truyện tranh,21,0.3011578091394608,40,0.36116589260576504,0.06000808346630426,True
197990871,Doraemon Movie Story: Nobita Và Hòn Đảo Diệu Kì - Cuộc Phiêu Lưu Của Loài Thú,Truyện tranh,10,0.31536633611078607,10,0.31536633611078607,0.0,False
171876684,Dragon Ball Super - Tập 9: Tàn Cuộc (Tái Bản 2022),Truyện tranh,5,0.3074312533927939,5,0.3074312533927939,0.0,False
130230756,Combo Trọn Bộ 31 Tập: Siêu Quậy Teppei,Truyện tranh,5,0.48178421105601116,5,0.48178421105601116,0.0,False
49884647,Combo Thám Tử Lừng Danh Conan Tập 11 - 20 (Bộ 10 cuốn),Truyện tranh,4,0.5739772545752253,4,0.5739772545752253,0.0,False
22169380,Doraemon Plus Tập 3 (Tái Bản),Truyện tranh,16,0.5977069665308135,16,0.5977069665308135,0.0,False
11806673,Combo Doraemon Tuyển Tập Theo Chủ Đề (10 Cuốn),Truyện tranh,3,0.43968907382646977,15,0.5290644096909082,0.08937533586443841,True
11713424,Doraemon - Chú Mèo Máy Đến Từ Tương Lai Tập 8 (Tái Bản 2019),Truyện tranh,5,0.30065994655870293,5,0.30065994655870293,0.0,False
279414864,Sách - Xưởng Phép Thuật - Atelier Of Witch Hat - Tập 3 (Tái Bản 2026),Truyện tranh,5,0.3365937762274672,5,0.3365937762274672,0.0,False
279414862,Sách - Chú Thuật Hồi Chiến - Tập 25 - Quyết Chiến Tại Tử Địa Shinjuku,Truyện tranh,0,0.1549511805452288,40,0.3184138101052737,0.1634626295600449,True
279414801,Sách - Dấu Ấn Hoàng Gia - Tập 59,Truyện tranh,0,0.1549511805452288,40,0.3184138101052737,0.1634626295600449,True
279408708,Sách Thám Tử Lừng Danh Conan - Tập 67 (Bản Nâng Cấp) [Tặng Kèm Bookmark] ,Truyện tranh,5,0.015582538110409907,5,0.015582538110409907,0.0,False
279407562,Sách - One Piece - Tập 110 - “Làn Sóng Thời Đại” - Bản Bìa Áo,Truyện tranh,0,0.001997058018609743,0,0.001997058018609743,0.0,False
279392876,Sách - Beastars - Tập 14,Truyện tranh,1,0.007047432452604867,0,0.05747653113170355,0.05042909867909868,True
279389049,Sách - Dấu Ấn Hoàng Gia - Tập 56 - Tặng Kèm Postcard,Truyện tranh,1,0.1600814615174535,40,0.321747143438607,0.1616656819211535,True
279346821,Sách Combo Flying Witch (Tập 8+9),Truyện tranh,20,0.000588235294117647,20,0.000588235294117647,0.0,False
279292559,Song Mệnh Cõi Hoàng Tuyền - Tập 1 (Bản Thường + Bản Đặc Biệt),Truyện tranh,5,0.0004597701149425287,5,0.0004597701149425287,0.0,False
279160705,Sách - Series Ẩm thực qua tranh (Nhã Nam Official),Truyện tranh,10,0.002126436781609195,10,0.002126436781609195,0.0,False
279022301,Frieren - Pháp Sư Tiễn Táng Trọn Bộ 13 Tập,Truyện tranh,5,0.4641878792356902,5,0.4641878792356902,0.0,False
278841852,Chúa Tể Bóng Tối - Tập 5 (Bản Giới Hạn) [Tặng Kèm Thẻ Nhân Vật + Khung Tranh],Truyện tranh,10,0.12482503562887862,0,0.28065414092489216,0.15582910529601354,True
278598025,Dấu Ấn Hoàng Gia - Tập 31,Truyện tranh,2,0.23651827643951978,40,0.321747143438607,0.08522886699908722,True
278571212,Sách - One Piece - Tập 109 - “Đứng Về Phía Cháu” - Bản Bìa Áo,Truyện tranh,0,0.001997058018609743,0,0.001997058018609743,0.0,False
278520574,Dấu Ấn Hoàng Gia - Tập 30,Truyện tranh,2,0.23651827643951978,40,0.321747143438607,0.08522886699908722,True
278462369,Dấu Ấn Hoàng Gia - Tập 29,Truyện tranh,2,0.23651827643951978,40,0.321747143438607,0.08522886699908722,True
278377762,Thám Tử Lừng Danh Conan - Tập 106,Truyện tranh,5,0.30664191019310627,40,0.44493744979062194,0.13829553959751567,True
278314458,Thám Tử Lừng Danh Conan - Tuyển Tập Đặc Biệt: Những Câu Chuyện Lãng Mạn - Tập 1,Truyện tranh,37,0.6311031635560661,37,0.6311031635560661,0.0,False
278160119,One-Punch Man - Tập 30: Chướng Ngại Lớn Nhất (Bản Thường),Truyện tranh,5,0.3074312533927939,5,0.3074312533927939,0.0,False
276968644,Truyện - Doraemon Truyện Ngắn - Chọn Lẻ Tập 1 Tới 24 - Fujiko Fujio - Kim Đồng,Truyện tranh,0,0.2601177004956049,40,0.3955810377050698,0.1354633372094649,True
276944166,Truyện - Chú Thuật Hồi Chiến - Chọn Lẻ 0 Tới 28 - Gege Akutami - Kim Đồng,Truyện tranh,0,0.30744021144600314,15,0.41490587136986107,0.10746565992385793,True
276755695,Dấu Ấn Hoàng Gia Tập 13,Truyện tranh,2,0.23651827643951978,40,0.321747143438607,0.08522886699908722,True
276563039,Thám Tử Lừng Danh Conan Tập 104 (Bản Thường),Truyện tranh,2,0.2412557167155478,10,0.31474883865940445,0.07349312194385665,True
276168127,One Piece Tập 103 - Bản Bìa Áo: “Chiến Binh Giải Phóng”,Truyện tranh,5,0.20640686668142913,0,0.2587821365295923,0.05237526984816318,True
275023297,My Hero Academia - Học Viện Siêu Anh Hùng Tập 38: Hi Vọng,Truyện tranh,5,0.3074312533927939,5,0.3074312533927939,0.0,False
274537220,Cang Giả Kim Thuật Sư - Fullmetal Alchemist - Tuyển Tập Truyện 4 Khung [Tặng Kèm Bookmark],Truyện tranh,5,0.3074312533927939,5,0.3074312533927939,0.0,False
272002880,Thị Trấn Mèo Tập 3,Truyện tranh,5,0.349233804703022,5,0.349233804703022,0.0,False
270790360,Shin - Cậu Bé Bút Chì Tập 24,Truyện tranh,6,0.27387254615644,6,0.27387254615644,0.0,False
270106592,Doraemon Movie Story Màu: Nobita Và Vùng Đất Lý Tưởng Trên Bầu Trời,Truyện tranh,2,0.20546898429531624,40,0.3955810377050698,0.19011205340975357,True
261028263,Chú Thuật Hồi Chiến Tập 13: Biến Cố Shibuya – Sấm Rền,Truyện tranh,5,0.5406320330730828,5,0.5406320330730828,0.0,False
252994461,Shin - Cậu Bé Bút Chì Tập 34 (Tái Bản 2023),Truyện tranh,5,0.005142745446933037,5,0.005142745446933037,0.0,False
251255487,Doraemon - Chú Mèo Máy Đến Từ Tương Lai Tập 45 [Tái Bản 2023],Truyện tranh,5,0.30065994655870293,5,0.30065994655870293,0.0,False
251255481,Doraemon - Chú Mèo Máy Đến Từ Tương Lai Tập 25 (Tái Bản),Truyện tranh,5,0.30065994655870293,5,0.30065994655870293,0.0,False
248541391,Veil - Vết bỏng trong veo - Tập 4,Truyện tranh,17,0.3192887175684114,17,0.3192887175684114,0.0,False
247442494,Doraemon Tập 18: Nobita Du Hành Biển Phương Nam [Tái Bản 2023],Truyện tranh,5,0.30065994655870293,5,0.30065994655870293,0.0,False
243023699,Doraemon - Chú Mèo Máy Đến Từ Tương Lai Tập 2 [Tái Bản 2023],Truyện tranh,10,0.014826003365485074,10,0.014826003365485074,0.0,False
200705632,Doraemon Movie Story: Nobita Và Người Khổng Lồ Xanh (Tái Bản 2022),Truyện tranh,10,0.31536633611078607,10,0.31536633611078607,0.0,False
186265452,My Hero Academia - Học Viện Siêu Anh Hùng Tập 29: Bakugo Katsuki: Trỗi Dậy,Truyện tranh,5,0.4752420024603456,40,0.5565439139973656,0.08130191153701999,True
163297419,My Hero Academia - Học Viện Siêu Anh Hùng Tập 1: Midoriya Izuku: Khởi Đầu (Tái Bản),Truyện tranh,5,0.3074312533927939,5,0.3074312533927939,0.0,False
163297418,My Hero Academia - Học Viện Siêu Anh Hùng Tập 9: Người Hùng Của Tôi (Tái Bản),Truyện tranh,5,0.3074312533927939,5,0.3074312533927939,0.0,False
279439216,Sách - Chú Thuật Hồi Chiến - Tập 28 - Quyết Chiến Tại Tử Địa Shinjuku - Chấp 9 Quân - Tặng Kèm Card PVC,Truyện tranh,3,0.15540856489792465,40,0.3184138101052737,0.16300524520734905,True
279423160,Sách - Komi - Nữ Thần Sợ Giao Tiếp - Tập 33,Truyện tranh,0,0.1549511805452288,40,0.3184138101052737,0.1634626295600449,True
279414813,Sách - Dấu Ấn Hoàng Gia - Tập 60,Truyện tranh,0,0.1549511805452288,40,0.3184138101052737,0.1634626295600449,True
279303307,Sách - Host Club Trường Ouran - Tập 3 - Tặng Kèm Bookmark,Truyện tranh,3,0.16839199656585674,40,0.3955810377050698,0.22718904113921307,True
279258712,Sách Host Club Trường Ouran,Truyện tranh,0,0.24300617141998718,40,0.32782557481115604,0.08481940339116886,True
279199164,Sách - Monster - Deluxe Edition - Tập 3 - Tặng Kèm Bookmark,Truyện tranh,3,0.22037193856127663,0,0.33922059067481675,0.11884865211354012,True
279124245,Sách - Thám Tử Lừng Danh Conan - Tập 107,Truyện tranh,0,0.3173066041274395,0,0.3173066041274395,0.0,False
278968288,Spy X Family – Tập 13,Truyện tranh,5,0.3074312533927939,5,0.3074312533927939,0.0,False
278968247,Dược Sư Tự Sự - Tập 8 [Tặng Kèm Bookmark + Set 04 Khánh Treo],Truyện tranh,15,0.3021626492759438,40,0.35421035972571097,0.05204771044976719,True
278949629,Vương quốc thất tịch,Truyện tranh,5,0.31702593591368194,40,0.37223773266675747,0.055211796753075526,True
278917023,Sách Nhật Kí Nơi Xứ Lạ (Tập 6),Truyện tranh,12,0.31083002251400293,40,0.3988182199205308,0.08798819740652786,True
278870046,Sách - Dấu Ấn Hoàng Gia - Tập 36 - Tặng Kèm Postcard,Truyện tranh,0,0.001997058018609743,0,0.001997058018609743,0.0,False
278729078,Masamune Báo Thù [Chọn Tập Lẻ,Truyện tranh,5,0.34115221648042904,40,0.3976090097330418,0.05645679325261277,True
278682879,Tớ Là Mèo Pusheen - Tập 3 – Cẩm Nang Tất Tần Tật Của Pusheen [Tặng Kèm Bảng Sticker + Mini Clearfile],Truyện tranh,25,0.2743826674358423,40,0.37283053436047664,0.09844786692463436,True
278638435,Điện Hạ Umeboshi,Truyện tranh,5,0.30065994655870293,5,0.30065994655870293,0.0,False
278520579,Bluelock - Tập 27,Truyện tranh,5,0.34601370026933076,40,0.4056973154207261,0.059683615151395364,True
278315209,Thám Tử Lừng Danh Conan Vs. Tổ Chức Áo Đen,Truyện tranh,5,0.43907552141049644,40,0.6255864451100734,0.186510923699577,True
278160056,One Piece - Tập 107 (Bản Bìa Áo): “Anh Hùng Huyền Thoại”,Truyện tranh,3,0.15540856489792465,40,0.3184138101052737,0.16300524520734905,True
278103698,Thánh Địa Khủng Long - Tập 5 (Tặng DINOSAUR CARD),Truyện tranh,13,0.13565163528128832,0,0.23550692553838484,0.09985529025709652,True
276944652,Truyện - Giờ Trà Của Zero - Thám Tử Lừng Danh Conan - Chọn Lẻ 6 Tập - Kim Đồng,Truyện tranh,0,0.31814436152686004,40,0.6111855056240276,0.2930411440971676,True
276922197,Dragon Ball Super Tập 23: Son Gohan- Siêu Tiềm Lực Khai Mở!,Truyện tranh,2,0.23651827643951978,40,0.321747143438607,0.08522886699908722,True
276609088,Shin Cậu Bé Bút Chì - Truyện Dài Tập 19: Những Cậu Bé Kung Fu - Mì Ramen Đại Chiến,Truyện tranh,4,0.1811302758277388,10,0.31030439421496,0.12917411838722118,True
276558783,Truyện tranh Cecilia & Lawrence - Chang Book,Truyện tranh,0,0.00453458710414308,0,0.00453458710414308,0.0,False
276242875,Boxset Tokyo Babylon (7 Tập) [Tặng Kèm Set 03 Postcard + Phong Bì],Truyện tranh,3,0.43968907382646977,15,0.5290644096909082,0.08937533586443841,True
274390298,My Hero Academia - Học Viện Siêu Anh Hùng Tập 36: Hai Nguồn Lửa Sáng,Truyện tranh,5,0.3074312533927939,5,0.3074312533927939,0.0,False
274145959,Combo Truyện - Haikyu,Truyện tranh,5,0.2708787311442454,40,0.35864295504144716,0.08776422389720179,True
270790125,BLUELOCK Tập 2,Truyện tranh,5,0.34601370026933076,40,0.4056973154207261,0.059683615151395364,True
270789216,Shin Cậu Bé Bút Chì Tập 3 - Bản Đặc Biệt,Truyện tranh,5,0.30664191019310627,40,0.44493744979062194,0.13829553959751567,True
270789003,Shin - Cậu Bé Bút Chì Truyện Dài Tập 2: Đế Quốc Người Lớn Phản Công,Truyện tranh,4,0.1811302758277388,10,0.31030439421496,0.12917411838722118,True
263698297,Dragon Ball Super Tập 8: Dấu Hiệu Thức Tỉnh Của Son Goku,Truyện tranh,4,0.1791701379626245,40,0.3184138101052737,0.1392436721426492,True
252648900,Chainsaw man - Tập  11,Truyện tranh,9,0.40643320844344094,9,0.40643320844344094,0.0,False
250074901,Thám Tử Lừng Danh Conan Tập 9 (Tái Bản),Truyện tranh,5,0.30065994655870293,5,0.30065994655870293,0.0,False
190605360,Người Bà Tài Giỏi Vùng Saga – Tập 1 (Tái Bản),Truyện tranh,23,0.38003054318744317,23,0.38003054318744317,0.0,False
182551495,Black Jack 10 (Bìa Cứng),Truyện tranh,50,0.5820762687282035,40,0.6389875216955984,0.056911252967394854,True
178483672,Văn Phòng Thám Tử Quái Vật 04,Truyện tranh,7,0.32596330347074853,7,0.32596330347074853,0.0,False
173515979,My Hero Academia - Học Viện Siêu Anh Hùng Tập 16: Red Riot (Tái Bản 2022),Truyện tranh,6,0.2932083683541855,6,0.2932083683541855,0.0,False
77621607,Spy X Family Tập 3,Truyện tranh,5,0.4752420024603456,40,0.5565439139973656,0.08130191153701999,True
46829123,Dragon Ball Ngoại Truyện: Tỉnh Giấc Hoá Yamcha,Truyện tranh,5,0.3947698417937447,25,0.45124998248789266,0.05648014069414797,True
21767618,Combo One Piece (101 Tập) (Tái Bản),Truyện tranh,11,0.5391360856479146,11,0.5391360856479146,0.0,False
11478941,Combo Đội Quân Doraemon (6 Tập) - Tái Bản 2019,Truyện tranh,5,0.3923752931313682,5,0.3923752931313682,0.0,False
279404048,Sách - Dan Da Dan - Tập 3 - Tặng Kèm Special Cover,Truyện tranh,1,0.20339099408365383,40,0.388184940980545,0.1847939468968912,True
279392864,Sách - Chú Thuật Hồi Chiến - Tập 27 - Kẻ Sống Còn Ngốc Nghếch - Tặng Kèm Card Nhựa,Truyện tranh,1,0.1600814615174535,40,0.321747143438607,0.1616656819211535,True
279369126,Sách - Dấu Ấn Hoàng Gia - Tập 54,Truyện tranh,1,0.1600814615174535,40,0.321747143438607,0.1616656819211535,True
279365551,Sách - Dấu Ấn Hoàng Gia - Tập 53,Truyện tranh,1,0.001027230432402846,1,0.001027230432402846,0.0,False
279358459,Anh Em Nhà Motohashi (Tập 5),Truyện tranh,20,0.27034784256290495,40,0.37283053436047664,0.10248269179757169,True
279201693,Solo Leveling - Tôi Thăng Cấp Một Mình - Tập 23,Truyện tranh,5,0.27786018188023237,40,0.3547974403317301,0.07693725845149774,True
279193585,Sách Rinko và Chàng Lang Thang (Tập 3+4),Truyện tranh,20,0.2779253052527389,0,0.3537143862983795,0.07578908104564058,True
278996248,Sách - Spy X Family - Tập 13 - Tặng Kèm Standee PVC,Truyện tranh,0,0.1549511805452288,40,0.3184138101052737,0.1634626295600449,True
278949599,Nhóc Miko! Cô bé nhí nhảnh - Tập 39 (Tặng kèm bookmark giấy),Truyện tranh,9,0.3357835751353571,9,0.3357835751353571,0.0,False
278874703,Sách Thám Tử Lừng Danh Conan Hoạt Hình Màu: Nàng Dâu Halloween,Truyện tranh,5,0.004090113867985668,5,0.004090113867985668,0.0,False
278729097,Premium Boxset Thanh Gươm Diệt Quỷ - Kimetsu No Yaiba (Hộp 23 Tập),Truyện tranh,3,0.4153878382941588,15,0.6055488633636703,0.1901610250695115,True
278705942,Bảng Xếp Hạng Quân Vương – Tập 15 [Tặng Kèm Bookmark],Truyện tranh,5,0.3426170667035216,40,0.39611770527413653,0.05350063857061493,True
278690012,One Piece 500 Quiz Book,Truyện tranh,3,0.24346726034447644,40,0.5955915732123532,0.3521243128678768,True
278682889,Thám Tử Lừng Danh Conan Hoạt Hình Màu: Viên Đạn Đỏ,Truyện tranh,4,0.20709772541118399,40,0.383138226668169,0.176040501256985,True
278438165,Em Đến Cùng Mưa - With You And The Rain (Các Tập Lẻ),Truyện tranh,5,0.34115221648042904,40,0.3976090097330418,0.05645679325261277,True
278123145,Nhóc Maruko - Tập 18,Truyện tranh,4,0.20329883594402706,40,0.3976090097330418,0.19431017378901475,True
277978062,"Sách - Thanh Gươm Diệt Quỷ - Kimetsu No Yaiba - Tập 23 - Vượt Qua Tháng Năm, Sinh Mệnh Tỏa Rạng (Tái Bản 2025)",Truyện tranh,0,0.1549511805452288,40,0.3184138101052737,0.1634626295600449,True
277357375,Xóm trọ yêu quái,Truyện tranh,12,0.3027032562115654,40,0.3885129075875814,0.08580965137601598,True
276699166,"Shin Cậu Bé Bút Chì - Truyện Dài Tập 20: Cơn Bão Tuần Trăng Mật Đã Cuốn Anh

Hiroshi Mất Tích",Truyện tranh,2,0.2412557167155478,10,0.31474883865940445,0.07349312194385665,True
276425600,Nhóc Maruko Tập 13,Truyện tranh,4,0.20329883594402706,40,0.3976090097330418,0.19431017378901475,True
276380224,Dấu Ấn Hoàng Gia Tập 9,Truyện tranh,2,0.23651827643951978,40,0.321747143438607,0.08522886699908722,True
275256352,Thị Trấn Mèo – Tập 9,Truyện tranh,8,0.3346393558514994,8,0.3346393558514994,0.0,False
274742895,"My Hero Academia - Học Viện Siêu Anh Hùng Tập 37: Người Bảo Hộ, Kẻ Xâm Lăng",Truyện tranh,5,0.3074312533927939,5,0.3074312533927939,0.0,False
273192589,Tiểu Thuyết Naruto - Mộc Diệp Bí Truyền: Chúc Ngôn Nhật Hòa,Truyện tranh,10,0.31040481328652736,40,0.3776518525629134,0.06724703927638603,True
272457463, Trọn Bộ 42 tập Dragon Ball - 7 Viên Ngọc Rồng,Truyện tranh,0,0.007902097902097902,0,0.007902097902097902,0.0,False
272002892,Thị Trấn Mèo Tập 7,Truyện tranh,5,0.349233804703022,5,0.349233804703022,0.0,False
270790446,Shin - Cậu Bé Bút Chì - Tập 25,Truyện tranh,5,0.30664191019310627,40,0.44493744979062194,0.13829553959751567,True
270463613,Shin - Cậu Bé Bút Chì - Tập 2,Truyện tranh,7,0.23516424671401442,40,0.43542242070206344,0.20025817398804902,True
267178878,Doraemon Tuyển Tập Tranh Truyện Màu - Tập 3,Truyện tranh,5,0.42876903257919285,40,0.6274046558550969,0.198635623275904,True
267178874,Doraemon Tuyển Tập Tranh Truyện Màu - Tập 2,Truyện tranh,6,0.40313203065956715,40,0.6301497538943125,0.22701772323474534,True
253227581,Bluelock Tập 6,Truyện tranh,5,0.4888652144148762,5,0.4888652144148762,0.0,False
252664500,Chú Thuật Hồi Chiến - Tập 12: Biến Cố Shibuya - Giáng Linh - Tặng Kèm Obi Và Thẻ Bo Góc Nhựa,Truyện tranh,0,0.1549511805452288,40,0.3184138101052737,0.1634626295600449,True
252044264,Dragon Ball Super Tập 16: Chiến Binh Mạnh Nhất Vũ Trụ,Truyện tranh,5,0.5406320330730828,5,0.5406320330730828,0.0,False
189572564,Dragon Ball Super Tập 12: Thân Phận Thực Sự Của Merus (Tái Bản 2022),Truyện tranh,5,0.5406320330730828,5,0.5406320330730828,0.0,False
188930494,Người Bà Tài Giỏi Vùng Saga – Tập 4,Truyện tranh,10,0.4883508682213927,40,0.6381497538943125,0.14979888567291982,True
185024355,Spy X Family 7,Truyện tranh,5,0.3074312533927939,5,0.3074312533927939,0.0,False
163297416,My Hero Academia - Học Viện Siêu Anh Hùng Tập 3: All Might (Tái Bản),Truyện tranh,5,0.3074312533927939,5,0.3074312533927939,0.0,False
51322400,Combo Thám Tử Lừng Danh Conan Tập 71 - 80 (Bộ 10 cuốn),Truyện tranh,4,0.5739772545752253,4,0.5739772545752253,0.0,False
43262261,Thám Tử Lừng Danh Conan - Giờ Trà Của Zero Tập 1,Truyện tranh,5,0.34601370026933076,40,0.4056973154207261,0.059683615151395364,True
12081414,Doraemon - Chú Mèo Máy Đến Từ Tương Lai Tập 21 (Tái Bản),Truyện tranh,5,0.6467384150918549,5,0.6467384150918549,0.0,False
279278206,Sách Solo Leveling - Tôi Thăng Cấp Một Mình - Tập 24 [Tặng Kèm 02 Card PVC],Truyện tranh,5,0.2781343156528072,40,0.3523278047041998,0.07419348905139256,True
279260064,Sách - Nisekoi - Cặp Đôi Giả Tạo - Tập 12 - Lễ Hội,Truyện tranh,3,0.1778184075549848,40,0.3976090097330418,0.21979060217805702,True
279259806,Nhóc Miko - Cô bé nhí nhảnh trọn bộ 36 tập,Truyện tranh,50,0.3254886192001918,5,0.6403214897074583,0.3148328705072665,True
279229250,Sách Tây Du Hí (Tập 8),Truyện tranh,20,0.27882273915390615,40,0.36287130123484745,0.0840485620809413,True
279199148,Sách - Frieren - Pháp Sư Tiễn Táng - Tập 11,Truyện tranh,3,0.16566545775926758,40,0.3846667537414275,0.21900129598215992,True
279185702,Sách - Dấu Ấn Hoàng Gia - Tập 42,Truyện tranh,5,0.3074312533927939,5,0.3074312533927939,0.0,False
279134973,Hội Chứng Tuổi Thanh Xuân - Tập 12: Cô Nàng Học Sinh Của Tôi,Truyện tranh,20,0.2679205593453078,40,0.35165369748381387,0.08373313813850608,True
279057678,Khi “Trai” Đẹp Hẹn Hò – Tập 9 [Tặng Kèm Postcard],Truyện tranh,2,0.001027230432402846,2,0.001027230432402846,0.0,False
278961975,Truyện tranh Marriagetoxin - Mai Mối Cho Độc Sư (Chang Book),Truyện tranh,0,0.26928138369251525,40,0.37223773266675747,0.10295634897424222,True
278883268,Sách - Thám Tử Lừng Danh Conan - Hoạt Hình Màu - Nàng Dâu Halloween - Tập 1,Truyện tranh,2,0.010777230432402845,2,0.010777230432402845,0.0,False
278830785,Sách - Dấu Ấn Hoàng Gia - Tập 35,Truyện tranh,0,0.001997058018609743,0,0.001997058018609743,0.0,False
278638429,Bảng Xếp Hạng Quân Vương – Tập 14 [Tặng Kèm Bookmark],Truyện tranh,5,0.3426170667035216,40,0.39611770527413653,0.05350063857061493,True
278572375,Servamp - Hầu Cận Ma Cà Rồng – Tập 19,Truyện tranh,5,0.34601370026933076,40,0.4056973154207261,0.059683615151395364,True
277384188,3x3 Eyes - Cô bé ba mắt,Truyện tranh,12,0.2557731267207343,40,0.36527364208128,0.10950051536054567,True
276957509,Dấu Ấn Hoàng Gia Tập 15,Truyện tranh,2,0.23651827643951978,40,0.321747143438607,0.08522886699908722,True
276655588,Nhóc Maruko Tập 14,Truyện tranh,5,0.34751585284406544,40,0.3976090097330418,0.050093156888976365,True
276563060,Dấu Ấn Hoàng Gia Tập 11,Truyện tranh,5,0.5455003720912709,5,0.5455003720912709,0.0,False
276563036,Câu Lạc Bộ Những Kẻ Mất Ngủ - Insomniacs After School Tập 9 [Tặng Kèm Postcard],Truyện tranh,5,0.34751585284406544,40,0.3976090097330418,0.050093156888976365,True
276075635,Câu Lạc Bộ Những Kẻ Mất Ngủ - Insomniacs After School Tập 6 [Tặng Kèm Postcard],Truyện tranh,4,0.20329883594402706,40,0.3976090097330418,0.19431017378901475,True
275946551,Hirayasumi – Những Tháng Ngày Chơi Vơi (Tập 1),Truyện tranh,21,0.28577146772159623,40,0.37223773266675747,0.08646626494516124,True
275185693,Asari - Cô Bé Tinh Nghịch Tập 11 – Tập 20 [Tái Bản 2024,Truyện tranh,2,0.0007772304324028461,2,0.0007772304324028461,0.0,False
274813505,Nhóc Miko! Cô Bé Nhí Nhảnh - Tập 27,Truyện tranh,8,0.2932075516095475,8,0.2932075516095475,0.0,False
274660763,Dragon Ball Super Tập 20: Lao Tâm Khổ Chiến,Truyện tranh,5,0.3074312533927939,5,0.3074312533927939,0.0,False
273381058,Ma đạo tổ sư - Tập 3 - Bản Thường tặng 01 Card bo góc random ¼,Truyện tranh,5,0.5029464960274622,5,0.5029464960274622,0.0,False
272382702,Shin Cậu Bé Bút Chì - Tập 2,Truyện tranh,0,0.0011220580186097426,0,0.0011220580186097426,0.0,False
270790464,Shin - Cậu Bé Bút Chì - Tập 38,Truyện tranh,5,0.4016316062448672,5,0.4016316062448672,0.0,False
270790373,Shin - Cậu Bé Bút Chì Tập 44,Truyện tranh,7,0.3123592501317246,25,0.43909148575586654,0.12673223562414193,True
270790305,Doraemon Plus Tập 1,Truyện tranh,5,0.30664191019310627,40,0.44493744979062194,0.13829553959751567,True
270789203,Shin - Cậu Bé Bút Chì - Tập 2 (Bản Đặc Biệt),Truyện tranh,5,0.30664191019310627,40,0.44493744979062194,0.13829553959751567,True
270751053,Fire Force 10,Truyện tranh,12,0.3372634217029569,40,0.3976090097330418,0.060345588030084885,True
270464655,Cherry Magic - Tập 7,Truyện tranh,40,0.3988182199205308,40,0.3988182199205308,0.0,False
270106655,Fire Force 09,Truyện tranh,12,0.3372634217029569,40,0.3976090097330418,0.060345588030084885,True
243023700,Doraemon - Chú Mèo Máy Đến Từ Tương Lai Tập 38 (Tái Bản),Truyện tranh,5,0.005142745446933037,5,0.005142745446933037,0.0,False
202878483,"Gửi em, người bất tử - Tập 14",Truyện tranh,10,0.31536633611078607,10,0.31536633611078607,0.0,False
176906737,Dragon Ball Super Tập 10: Điều Ước Của Moro (Tái Bản),Truyện tranh,5,0.3074312533927939,5,0.3074312533927939,0.0,False
91774356,Fullmetal Alchemist - Cang Giả Kim Thuật Sư - Fullmetal Edition Tập 8,Truyện tranh,5,0.3467342167892016,40,0.40421606938289634,0.05748185259369476,True
76658407,Thám Tử Lừng Danh Conan - Hanzawa - Chàng Hung Thủ Số Nhọ - Tập 3,Truyện tranh,5,0.30065994655870293,5,0.30065994655870293,0.0,False
17948445,Thám Tử Lừng Danh Conan - Tập 71 ( Tái Bản ),Truyện tranh,5,0.30065994655870293,5,0.30065994655870293,0.0,False
16306339,Combo Shin - Cậu Bé Bút Chì - Bản Đặt Biệt (6 Tập),Truyện tranh,5,0.5223123937205064,40,0.6307438695329171,0.10843147581241064,True
13637679,Thám Tử Lừng Danh Conan - Tập 68 (Tái Bản 2019),Truyện tranh,5,0.30065994655870293,5,0.30065994655870293,0.0,False
279353678,Sách - Host Club Trường Ouran - Tập 4,Truyện tranh,1,0.19282491608675664,40,0.3955810377050698,0.20275612161831316,True
279235511,Sách Nhật Kí Nơi Xứ Lạ (Tập 8),Truyện tranh,17,0.3184639772806524,40,0.37283053436047664,0.05436655707982424,True
279235204,Sách Arya Bàn Bên Thỉnh Thoảng Lại Trêu Ghẹo Tôi Bằng Tiếng Nga - Tập 9,Truyện tranh,10,0.2705915137209801,40,0.36116589260576504,0.09057437888478492,True
279212528,Sách - Hikaru - Kì Thủ Cờ Vây - Ultimate Edition - Tập 2 - Tặng Kèm Character Card,Truyện tranh,3,0.009126436781609196,3,0.009126436781609196,0.0,False
279112380,Sách - Spy X Family - Tập 14 - Tặng Kèm Standee PVC,Truyện tranh,3,0.15540856489792465,40,0.3184138101052737,0.16300524520734905,True
279082301,Dấu Ấn Hoàng Gia - Tập 40,Truyện tranh,5,0.3074312533927939,5,0.3074312533927939,0.0,False
279063602,Sách Quý Ngài Hoàn Mỹ,Truyện tranh,17,0.30053871756841144,40,0.35371545707900337,0.05317673951059193,True
279059440,Doraemon Movie Story Màu: Nobita Và Đảo Giấu Vàng,Truyện tranh,10,0.005392745446933036,10,0.005392745446933036,0.0,False
278945831,Thiên Sứ Nhà Bên – (Bản Phổ Thông) [chọn Tập Lẻ,Truyện tranh,10,0.2705915137209801,40,0.36116589260576504,0.09057437888478492,True
278903287,Sách - Dấu Ấn Hoàng Gia - Tập 37,Truyện tranh,0,0.1549511805452288,40,0.3184138101052737,0.1634626295600449,True
278883286,Sách - Thám Tử Lừng Danh Conan - Hoạt Hình Màu - Nàng Dâu Halloween - Tập 2,Truyện tranh,2,0.010777230432402845,2,0.010777230432402845,0.0,False
278733177,Truyện tranh Rắc rối đáng yêu (Lovely Complex) full 17 tập - Chang Book,Truyện tranh,0,0.282708198365275,40,0.38083053436047665,0.09812233599520165,True
278596739,Sách - Thị Trấn Mèo - Tập 10 - Tặng Kèm Postcard,Truyện tranh,3,0.21003069363164262,40,0.3988182199205308,0.18878752628888817,True
278493331,Bé Lớn Lên Cùng Những Câu Chuyện Nhỏ,Truyện tranh,21,0.004672273860914835,21,0.004672273860914835,0.0,False
278293943,Cherry Magic - Tập 14,Truyện tranh,20,0.26594503038316764,40,0.3555053415437542,0.08956031116058655,True
278095717,Dấu Ấn Hoàng Gia - Tập 25,Truyện tranh,2,0.23651827643951978,40,0.321747143438607,0.08522886699908722,True
276947999,Yêu Thầm - Tập 2,Truyện tranh,20,0.5220525834676478,20,0.5220525834676478,0.0,False
276944222,Truyện - Doraemon Tranh Truyện Màu - Nobita Và Cuộc Phiêu Lưu Ở Thành Phố Dây Cót - Chọn Lẻ 2 Tập - Kim Đồng,Truyện tranh,0,0.04219635871791044,0,0.04219635871791044,0.0,False
276819713,Thám Tử Lừng Danh Conan - Giờ Trà Của Zero Tập 4 [Tặng Kèm Obi Metalize],Truyện tranh,2,0.20546898429531624,40,0.3955810377050698,0.19011205340975357,True
276589155,Truyện tranh Câu Lạc Bộ Những Kẻ Mất Ngủ - Insomniacs After School (Chang Book),Truyện tranh,0,0.00453458710414308,0,0.00453458710414308,0.0,False
276581136,Truyện tranh Dấu ấn Hoàng Gia lẻ Tập (1 -> 66) - Chang Book,Truyện tranh,0,0.06595183360700602,0,0.06595183360700602,0.0,False
276528404,Truyện Tranh - Thám Tử Lừng Danh Conan - Bản Nâng Cấp - Tập 1 Đến Tập 77,Truyện tranh,0,0.2885725557988915,40,0.3976090097330418,0.10903645393415029,True
276487775,Truyện tranh Skip and Loafer - Nhịp bước tuổi xanh (Chang Book),Truyện tranh,0,0.13977056496669385,0,0.13977056496669385,0.0,False
276425590,Bluelock Tập 24 (Bản Thường),Truyện tranh,8,0.3410475540635655,8,0.3410475540635655,0.0,False
275129547,One-Punch Man Tập 27: Tatsumaki Toàn Phần Công Lực,Truyện tranh,2,0.23651827643951978,40,0.321747143438607,0.08522886699908722,True
273952771,Tớ Là Mèo Pusheen Tập 2 - Cuộc Sống Muôn Màu Của Pusheen,Truyện tranh,22,0.2796275334168843,40,0.37283053436047664,0.09320300094359235,True
273789471,Slam Dunk - Deluxe Edition - Tập 18 - Tặng Kèm Obi + Bìa Áo Limited Ngẫu Nhiên,Truyện tranh,2,0.20346978572288196,40,0.37283053436047664,0.16936074863759468,True
272376581,Thám Tử Lừng Danh Conan - Tập 71 (Tái Bản 2023),Truyện tranh,0,0.0011220580186097426,0,0.0011220580186097426,0.0,False
270790479,Shin - Cậu Bé Bút Chì - Tập 42,Truyện tranh,5,0.30065994655870293,5,0.30065994655870293,0.0,False
254085701,Kingdom 49,Truyện tranh,11,0.3907828944926958,11,0.3907828944926958,0.0,False
250074902,Thám Tử Lừng Danh Conan Tập 3 [Tái Bản 2023],Truyện tranh,5,0.30065994655870293,5,0.30065994655870293,0.0,False
247444616,My Hero Academia - Học Viện Siêu Anh Hùng Tập 32: Kẻ Tiếp Theo,Truyện tranh,5,0.3074312533927939,5,0.3074312533927939,0.0,False
246073878,Thám Tử Lừng Danh Conan - Tuyển Tập Đặc Biệt: FBI Selection (Tái Bản),Truyện tranh,5,0.4195402140360519,40,0.6079759518072066,0.18843573777115474,True
242424351,Khu Rừng Đom Đóm (Bản Mới),Truyện tranh,12,0.3207222701547717,40,0.383138226668169,0.062415956513397264,True
215983658,Combo Đội Quân Doraemon Đặc Biệt - Trường Học Robot (3 Tập),Truyện tranh,9,0.34187653769807297,40,0.3988182199205308,0.05694168222245782,True
197990867,Doraemon Movie Story: Nobita Và Viện Bảo Tàng Bảo Bối,Truyện tranh,5,0.34601370026933076,40,0.4056973154207261,0.059683615151395364,True
192115858,Chú Thuật Hồi Chiến -  Tập 5,Truyện tranh,5,0.3074312533927939,5,0.3074312533927939,0.0,False
72970903,Doraemon Hoạt Hình Màu - Tập 1 (Tái Bản 2020),Truyện tranh,5,0.34601370026933076,40,0.4056973154207261,0.059683615151395364,True
59260763,Dr.SLUMP Ultimate Edition - Tập 2,Truyện tranh,5,0.3365937762274672,5,0.3365937762274672,0.0,False
50724989,Combo Thám Tử Lừng Danh Conan Tập 51 - 60 (Bộ 10 cuốn),Truyện tranh,5,0.5819386724973373,5,0.5819386724973373,0.0,False
279323588,Sách Dấu Ấn Hoàng Gia - Tập 52,Truyện tranh,5,0.3074312533927939,5,0.3074312533927939,0.0,False
279301375,Sách - Dấu Ấn Hoàng Gia - Tập 48,Truyện tranh,3,0.0007772304324028461,3,0.0007772304324028461,0.0,False
279290855,Sách - Nisekoi - Cặp Đôi Giả Tạo - Tập 13 - Yên Tâm - Tặng Kèm Card Nhựa Trong,Truyện tranh,3,0.1778184075549848,40,0.3976090097330418,0.21979060217805702,True
279008841,Sách - Ở Đây Có Một Con Én - Tập 2,Truyện tranh,15,0.01252270717787959,15,0.01252270717787959,0.0,False
278948832,Dấu Ấn Hoàng Gia - Tập 38,Truyện tranh,5,0.3074312533927939,5,0.3074312533927939,0.0,False
278916765,"Nhất Quỷ Nhì Ma, Thứ Ba (Vẫn Là) Takagi - Tập 19 [Tặng Kèm Postcard]",Truyện tranh,5,0.3074312533927939,5,0.3074312533927939,0.0,False
278874641,Sách Chung Một Mái Nhà - Tập 4 (Bản Giới Hạn) [Tặng Kèm Bookmark + Set 2 Thẻ Học Sinh],Truyện tranh,5,0.27675275123635523,40,0.35371545707900337,0.07696270584264814,True
278566337,Thám Tử Lừng Danh Conan - Tập 106,Truyện tranh,0,0.1601716098116256,10,0.31474883865940445,0.15457722884777886,True
278296309,Điều Kỳ Diệu Tại Cửa Tiệm Mỳ Xưa,Truyện tranh,20,0.2679205593453078,40,0.35165369748381387,0.08373313813850608,True
278147678,Sách - Spy X Family - Tập 7 (Tái Bản 2025),Truyện tranh,0,0.1549511805452288,40,0.3184138101052737,0.1634626295600449,True
278031021,Dấu Ấn Hoàng Gia - Tập 24,Truyện tranh,2,0.23651827643951978,40,0.321747143438607,0.08522886699908722,True
278028497,3x3 Eyes - Cô bé ba mắt 24,Truyện tranh,12,0.2557731267207343,40,0.36527364208128,0.10950051536054567,True
277978140,Sách - Spy X Family - Tập 2 (Tái Bản 2025),Truyện tranh,0,0.1549511805452288,40,0.3184138101052737,0.1634626295600449,True
277977222,Sách - Spy X Family - Tập 9 (Tái Bản 2025),Truyện tranh,0,0.1549511805452288,40,0.3184138101052737,0.1634626295600449,True
277591498,Truyện tranh Chú thuật hồi chiến lẻ tập (0 -> 28) - Chang Book,Truyện tranh,0,0.2982379155628532,0,0.2982379155628532,0.0,False
276910676,Truyện tranh Spy X Family - Điệp vụ tô màu (Tuyển tập tô màu),Truyện tranh,0,0.2885725557988915,40,0.3976090097330418,0.10903645393415029,True
276819733,Bluelock Tập 25 (Bản Thường),Truyện tranh,9,0.32136821763875617,9,0.32136821763875617,0.0,False
276473221,Tý Quậy - Tập 14,Truyện tranh,23,0.2959788430297141,23,0.2959788430297141,0.0,False
276173672,Bộ Thiên Ca - Tập 7,Truyện tranh,21,0.3850012291106482,21,0.3850012291106482,0.0,False
275231408,Doraemon Truyện Dài - Tập 15: Đấng Toàn Năng Nobita,Truyện tranh,0,0.1826069441836257,5,0.35528544772749404,0.17267850354386835,True
274136484,Dược Sư Tự Sự (Light Novel) - Tập 3,Truyện tranh,10,0.3830943177414357,40,0.4587166384467545,0.07562232070531877,True
273456914,Series các tập Hội con trai,Truyện tranh,30,0.2280114408354227,10,0.3212559718665974,0.09324453103117467,True
273321955,Thám Tử Lừng Danh Conan Tập 101,Truyện tranh,5,0.30065994655870293,5,0.30065994655870293,0.0,False
270465812,Shin - Cậu Bé Bút Chì - Tập 8,Truyện tranh,2,0.2412557167155478,10,0.31474883865940445,0.07349312194385665,True
267179047,Doraemon Tuyển Tập Tranh Truyện Màu - Tập 5,Truyện tranh,5,0.30147453467660296,40,0.3828901975512584,0.08141566287465546,True
263970094,Doraemon - Chú Mèo Máy Đến Từ Tương Lai Tập 4,Truyện tranh,5,0.005142745446933037,5,0.005142745446933037,0.0,False
263401181,Chú Thuật Hồi Chiến Tập 14: Biến Cố Shibuya – Đúng Sai,Truyện tranh,5,0.3074312533927939,5,0.3074312533927939,0.0,False
253366264,Doraemon - Chú Mèo Máy Đến Từ Tương Lai Tập 14 [Tái Bản 2023],Truyện tranh,12,0.3060566129249549,12,0.3060566129249549,0.0,False
252012337,Bluelock Tập 5,Truyện tranh,5,0.45070525372144665,40,0.6037360199420941,0.15303076622064749,True
247761774,Shin - Cậu Bé Bút Chì Truyện Dài Tập 4: Kho Báu Vương Quốc Ụt Ịt [Tái Bản 2023],Truyện tranh,5,0.005142745446933037,5,0.005142745446933037,0.0,False
247444626,Blue Lock Tập 3,Truyện tranh,5,0.34601370026933076,40,0.4056973154207261,0.059683615151395364,True
247444612,Doraemon Tập 17: Nobita Và Cuộc Phiêu Lưu Ở Thành Phố Dây Cót [Tái Bản 2023],Truyện tranh,5,0.30065994655870293,5,0.30065994655870293,0.0,False
242085710,Doraemon Tập 9: Nobita Và Nước Nhật Thời Nguyên Thủy [Tái Bản 2023],Truyện tranh,5,0.30065994655870293,5,0.30065994655870293,0.0,False
242085696,Doraemon Tập 5: Nobita Và Chuyến Phiêu Lưu Vào Xứ Quỷ [Tái Bản 2023],Truyện tranh,10,0.3418445555433492,10,0.3418445555433492,0.0,False
189572565,Dragon Ball Super Tập 11: Cuộc Đại Vượt Ngục (Tái Bản 2022),Truyện tranh,5,0.3074312533927939,5,0.3074312533927939,0.0,False
184036405,Người Bà Tài Giỏi Vùng Saga – Tập 2,Truyện tranh,21,0.3771402638274377,21,0.3771402638274377,0.0,False
178032047,Fullmetal Alchemist - Cang Giả Kim Thuật Sư - Fullmetal Edition Tập 14,Truyện tranh,5,0.45932575358964667,40,0.6429875216955984,0.1836617681059517,True
170706973,Chú Thuật Hồi Chiến: Tập 1,Truyện tranh,4,0.3545095858954614,40,0.5546843314546711,0.20017474555920972,True
73851449,Dr.SLUMP Ultimate Edition - Tập 4,Truyện tranh,3,0.17550252884228382,40,0.38083053436047665,0.20532800551819283,True
15257986,Thám Tử Lừng Danh Conan - Tập 36 (Tái Bản),Truyện tranh,5,0.30065994655870293,5,0.30065994655870293,0.0,False
279414789,Sách - Thám Tử Thừa Kế - Tập 1 - Tặng Kèm Standee Giấy,Truyện tranh,0,0.2973942293927053,40,0.5587413954780751,0.2613471660853698,True
279407589,Sách - Vòng Lặp Thứ 7 Của Tiểu Thư Phản Diện - Cuộc Sống Hôn Nhân Tự Tại Giữa Lòng Địch Quốc - Tập 7 - Tặng Kèm Postcard,Truyện tranh,0,0.00453458710414308,0,0.00453458710414308,0.0,False
279396003,Sách One Piece - (Bản Đặc Biệt + Bản bìa gập),Truyện tranh,5,0.005459770114942528,5,0.005459770114942528,0.0,False
279392860,Sách - Chú Thuật Hồi Chiến - Tập 27 - Kẻ Sống Còn Ngốc Nghếch - Limited Edition - Tặng Kèm Bọc Bảo Vệ Sách + Bổ Sung Trang Màu Độc Quyền,Truyện tranh,1,0.01111056376573618,1,0.01111056376573618,0.0,False
279371820,Sách - Khúc Hát Đêm Thâu - Tập 4,Truyện tranh,1,0.19282491608675664,40,0.3955810377050698,0.20275612161831316,True
279427718,Bài Giảng & Lời Giải Chi Tiết Tiếng Anh 10-11-12 (Global Success),Sách tham khảo,0,0.0,0,0.0,0.0,False
279411350,Sách Combo Vở Ôn Hè Toán Và Tiếng Việt Lớp 1 - Dành Cho Học Sinh Lớp 1 Lên Lớp 2 (Theo Chương Trình SGK Mới Nhất),Sách tham khảo,22,0.0010713345617267703,22,0.0010713345617267703,0.0,False
279376639,Combo Chinh phục các Chuyên đề - bộ Đề thi vào 10 chuyên khối chuyên Anh,Sách tham khảo,30,0.03616550116550117,30,0.03616550116550117,0.0,False
279258231,Note tốc độ - Công thức Lớp 9,Sách tham khảo,24,0.00807133456172677,24,0.00807133456172677,0.0,False
279213208,Sách - Combo Chiến Thắng Kì Thi 9 Vào 10 Chuyên Môn Vật Lí (3 Cuốn),Sách tham khảo,24,0.6894472507222095,30,0.7729477842380329,0.08350053351582343,True
278969089,Sách - 60 Đề Minh Họa Tốt Nghiệp THPT 2026 - Môn Tiếng Anh,Sách tham khảo,25,0.4180507032673601,35,0.5762958132657512,0.1582451099983911,True
278824771,Sách Nâng Cao Tư Duy Phản Biện Trong Văn Nghị Luận Xã Hội,Sách tham khảo,23,0.0010713345617267703,23,0.0010713345617267703,0.0,False
278790501,"Sách - (Combo) Viết Văn Thật Là Đơn Giản + Hành Trình Hiểu, Tư Duy Để Viết Văn Sáng Tạo",Sách tham khảo,0,0.0,0,0.0,0.0,False
278786839,Sách Luyện Thi Vào 10 Ngữ Văn – Chinh Phục Nghị Luận Xã Hội Và Nghị Luận Văn Học Theo Chương Trình Mới Nhất,Sách tham khảo,25,0.0029944114848036935,25,0.0029944114848036935,0.0,False
278038565,Combo Phiếu Ôn Hè Toán - Tiếng Việt - Tiếng Anh Lớp 2 (3 Cuốn),Sách tham khảo,27,0.3544561468374369,35,0.5534104151331022,0.19895426829566526,True
278029053,Sách Các Bài Văn Chuyên Sâu Nghị Luận Xã Hội Ngữ Văn Lớp 9,Sách tham khảo,21,0.4536404340951281,35,0.5739850450759456,0.1203446109808175,True
277742025,Sách Luyện thi vào 10 Ngữ Văn - Chinh phục bài Nghị luận xã hội theo chủ đề thường gặp,Sách tham khảo,34,0.6233841466562076,34,0.6233841466562076,0.0,False
277526020,Sách Tuyển chọn chuyên đề Hình học - Trọng tâm dành cho THCS - Thi vào lớp 10 và 10 chuyên - Nội dung định hướng từ cơ bản đến nâng cao,Sách tham khảo,30,0.3041973786567496,30,0.3041973786567496,0.0,False
277483441,Sách - Combo hướng dẫn ôn thi vào lớp 10 môn Toán- văn- Anh (theo định hướng phát triển năng lực),Sách tham khảo,0,0.09039862625502604,35,0.2305315766064754,0.14013295035144938,True
277444779,Sách - STEM Toán học – Hiểu sâu về kiến thức Toán học phổ thông,Sách tham khảo,12,0.18752602098261054,35,0.5344385543548875,0.346912533372277,True
277270058,Sách 50 Đề Thực Chiến Luyện Thi Tiếng Anh Vào Lớp 10 (Có đáp án),Sách tham khảo,30,0.4171500233578131,35,0.5260129354654264,0.10886291210761329,True
277008640,Giải bài tập và học tốt Toán Lớp 7 (Theo Sách giáo khoa Kết nối tri thức với cuộc sống),Sách tham khảo,30,0.0005379293893129771,30,0.0005379293893129771,0.0,False
276933739,Sách Sổ tay kiến thức - phương pháp - dạng bài Khoa học tự nhiên Lý - Hóa - Sinh Lớp 8,Sách tham khảo,30,0.30217067678367465,35,0.374894327882406,0.07272365109873136,True
276841065,Combo Chinh phục đề thi vào lớp 6 trường THCS Chất lượng cao môn Toán - Anh - Tiếng Việt,Sách tham khảo,30,0.5257910120680768,35,0.640642771840769,0.11485175977269224,True
275630448,Combo Bài tập bổ trợ Toán và Tiếng Việt – lớp 2 (cơ bản và nâng cao) (4 cuốn),Sách tham khảo,20,0.24806690966848255,35,0.6044760331701348,0.3564091235016522,True
275609908,SÁCH - Bồi Dưỡng Học Sinh Giỏi Hoá Học 8 Theo Chuyên Đề (dùng chung cho các bộ sgk hiện hành)HA-MK,Sách tham khảo,40,0.004435648762157383,40,0.004435648762157383,0.0,False
275538870,Combo Bồi Dưỡng Học Sinh Giỏi Qua Các Kì Thi Chuyên Đề Lý Luận Văn Học và Nghị Luận Xã Hội Theo Hướng Mở,Sách tham khảo,32,0.4452797150857309,35,0.5903084794124169,0.14502876432668604,True
274069426,Sách Take Note vào 10 - Ghi chú nhanh ôn thi cấp tốc vào lớp 10 Tiếng Anh,Sách tham khảo,30,0.18911084152631003,35,0.2503739458959112,0.061263104369601196,True
273445730,Sách English Grammar For Flyers 2 (Có đáp án),Sách tham khảo,25,0.5251173094505471,35,0.579302505393406,0.054185195942858866,True
273445122,Sách English Grammar For Flyers 1 (Có đáp án),Sách tham khảo,27,0.2923801933727581,35,0.3425494779491414,0.05016928457638331,True
272731607,Sách Giúp em viết đoạn và bài văn hay Ngữ Văn 6,Sách tham khảo,29,0.49203855948592873,35,0.5445013572203544,0.05246279773442569,True
272731600,Sách Phiếu bài tập cuối tuần Tiếng anh lớp 3 (Global),Sách tham khảo,24,0.4410287994386786,35,0.497693226307976,0.0566644268692974,True
271219459,Sách Phiếu bài tập cuối tuần Toán lớp 3,Sách tham khảo,21,0.4507657316039949,35,0.5349393846212076,0.08417365301721269,True
197639036,Sách Ngữ Pháp Tiếng Anh Lớp 9 (Theo CT Khung Của Bộ GD&ĐT),Sách tham khảo,31,0.8586159083314605,31,0.8586159083314605,0.0,False
187600387,Sách Giải Thích Bộ Đề Thi Vào 10 Chuyên - Khối Chuyên Anh,Sách tham khảo,33,0.7777481008365938,33,0.7777481008365938,0.0,False
187600381,Combo Giải Thích Chuyên Đề Và Bộ Đề Thi Vào 10 Chuyên - Khối Chuyên Anh,Sách tham khảo,30,0.7938513610237731,30,0.7938513610237731,0.0,False
186106750,Sách Bài tập bổ trợ nâng cao Tiếng Anh lớp 4,Sách tham khảo,29,0.4931502637414832,35,0.581279228918637,0.08812896517715385,True
160692417,Sách Bài Tập Đọc Hiểu Tiếng Anh (Ôn Thi Vào Lớp 10 Và 10 Chuyên),Sách tham khảo,29,0.8522683188855619,29,0.8522683188855619,0.0,False
160691041,Sách Bài Tập Từ Loại Tiếng Anh (Ôn Thi Vào Lớp 10 Và 10 Chuyên),Sách tham khảo,29,0.6403817132727646,29,0.6403817132727646,0.0,False
74426139,Sách Luyện Giải Bộ Đề Bồi Dưỡng Học Sinh Giỏi Tiếng Anh Lớp 9,Sách tham khảo,32,0.4520596851508295,35,0.5813858387267394,0.12932615357590993,True
57595572,Sách Chinh Phục Đề Thi Vào Lớp 6 Trường THCS Chất Lượng Cao Môn Toán,Sách tham khảo,33,0.4558302327446932,35,0.5594642858347842,0.10363405309009105,True
7953305,"Combo Tổng Hợp Chuyên Đề Trọng Tâm Thi Vào 10 Chuyên
Và Học Sinh Giỏi Toán 9",Sách tham khảo,30,0.7751289783339991,30,0.7751289783339991,0.0,False
1932359,Sách Sinh Học Phân Tử Của Tế Bào - Tập 1: Cơ Sở Hóa Học Và Phân Tử (Ấn Bản 7),Sách tham khảo,24,0.45593663276063795,35,0.5858835247425948,0.1299468919819568,True
638185,Sách Tự Học Đột Phá - Kĩ Năng Viết Lại Câu Tiếng Anh,Sách tham khảo,30,0.8118797237528749,30,0.8118797237528749,0.0,False
494309,Sách Chinh Phục Đề Thi 9 Vào 10 Chuyên Hóa Học,Sách tham khảo,36,0.7646719234575144,36,0.7646719234575144,0.0,False
279160200,Sách - Toán Nâng Cao Và Bồi Dưỡng Học Sinh Giỏi Lớp 2 (Tái Bản 2025),Sách tham khảo,18,0.0003816793893129771,18,0.0003816793893129771,0.0,False
278969105,Sách - 60 Đề Minh Họa Tốt Nghiệp THPT 2026 - Môn Địa Lí,Sách tham khảo,20,0.24341967585421384,35,0.5860006830421206,0.34258100718790674,True
278293890,Global Success - Bài Tập Tiếng Anh 11 - Tập 1/Tập 2 (Có Đáp Án),Sách tham khảo,6,0.0,6,0.0,0.0,False
278188933,Sách Giải Bài Tập Toán Lớp 5 (Theo Chương Trình Giáo Dục Phổ Thông Mới),Sách tham khảo,28,0.0005379293893129771,28,0.0005379293893129771,0.0,False
278029070,Sách Phiếu Ôn Hè Tiếng Anh Lớp 3,Sách tham khảo,25,0.0010713345617267703,25,0.0010713345617267703,0.0,False
278029067,Sách Giúp Em Viết Đoạn Và Bài Văn Hay Ngữ Văn Lớp 9,Sách tham khảo,22,0.0010713345617267703,22,0.0010713345617267703,0.0,False
278029057,Combo Phiếu Ôn Hè Toán - Tiếng Việt - Tiếng Anh Lớp 4 (3 Cuốn),Sách tham khảo,20,0.2544528740003393,35,0.5682710538801238,0.3138181798797845,True
278029054,Combo Phiếu Ôn Hè Toán - Tiếng Việt - Tiếng Anh Lớp 3 (3 Cuốn),Sách tham khảo,25,0.36334706050330823,35,0.5427279224712985,0.1793808619679903,True
277742021,Chinh phục 8+ luyện thi vào lớp 10 môn Tiếng Anh theo chủ đề (sách ôn luyện cho các bộ sách giáo khóa mới),Sách tham khảo,30,0.3816756426684048,35,0.5443455641411187,0.16266992147271386,True
277740978,Chinh phục 8+ luyện thi vào lớp 10 môn Ngữ Văn theo chủ đề (sách ôn luyện cho các bộ sách giáo khóa mới),Sách tham khảo,30,0.3816756426684048,35,0.5443455641411187,0.16266992147271386,True
277526022,Sách Tập đánh vần Tiếng Việt theo sơ đồ tư duy,Sách tham khảo,21,0.0010713345617267703,21,0.0010713345617267703,0.0,False
276841400,Sách Bổ trợ Tiếng Việt bài tập cơ bản và nâng cao lớp 3 tập 1,Sách tham khảo,20,0.0003816793893129771,20,0.0003816793893129771,0.0,False
276525118,Sách Giúp em viết đoạn và bài văn hay Ngữ Văn 8,Sách tham khảo,29,0.49203855948592873,35,0.5445013572203544,0.05246279773442569,True
276090232,Sách Takenote kiến thức toán và dạng toán 4,Sách tham khảo,22,0.452895276435193,35,0.5646563780852598,0.11176110165006681,True
276047952,Bài Tập Tiếng Anh 9 - Mai Lan Hương (Global Success),Sách tham khảo,0,0.13002794639955761,35,0.5301510728842993,0.4001231264847417,True
275833420,Sách - Combo Toán 7 cơ bản và nâng cao tập 1 + tập 2 ( theo chương trình giáo dục phổ thông 2018 ),Sách tham khảo,0,0.0,0,0.0,0.0,False
275697248,Bồi Dưỡng Năng Lực Tự Học Toán 9,Sách tham khảo,12,0.17849544212883262,35,0.537066291581165,0.3585708494523324,True
273385203,Sách Sổ Tay Kiến Thức - Phương Pháp - Dạng Bài Đại Số Và Hình Học Toán lớp 7,Sách tham khảo,34,0.5796974907643183,34,0.5796974907643183,0.0,False
272731606,Sách Phiếu bài tập cuối tuần Tiếng anh lớp 2 (Global),Sách tham khảo,20,0.2836922049733061,35,0.4872927323065646,0.2036005273332585,True
271360772,Sách English grammar for Movers 1 (Có đáp án),Sách tham khảo,29,0.4785795231222351,35,0.5739850450759456,0.09540552195371049,True
270853979,Sách Toán nâng cao và bồi dưỡng học sinh giỏi lớp 4 - Nâng cao kiến thức ngoài chương trình trên lớp,Sách tham khảo,28,0.8551435261332224,28,0.8551435261332224,0.0,False
270435130,Cơ sở ngôn ngữ học và Tiếng Việt,Sách tham khảo,0,0.0,0,0.0,0.0,False
252854744,Sách - Combo Bộ đề kiểm tra ngữ văn 6 - ( tập 1 + tập 2 ),Sách tham khảo,0,0.1506583348030314,35,0.281218484618148,0.13056014981511663,True
249773419,Sách Sổ tay luyện thi vào lớp 10 - Môn Ngữ văn,Sách tham khảo,30,0.8496345573275448,30,0.8496345573275448,0.0,False
249288459,Sách - để học tốt sinh học lớp 10 (Kết nối tri thức với cuộc sống),Sách tham khảo,0,0.0,0,0.0,0.0,False
199038416,Sách GLOBAL SUCCESS - Bài tập tiếng Anh lớp 6 - Tập 1 (Có đáp án) - Tái bản lần 1,Sách tham khảo,25,0.4637066465147338,25,0.4637066465147338,0.0,False
198342231,Combo Luyện chuyên sâu ngữ pháp và bài tập tiếng Anh 6 Global (2 tập),Sách tham khảo,30,0.3816756426684048,35,0.5443455641411187,0.16266992147271386,True
194098857,Combo Rèn Kỹ Năng Giải Các Dạng Bài Toán (Cơ bản và Nâng cao) Lớp 6 (2 Tập),Sách tham khảo,30,0.7616567606217299,30,0.7616567606217299,0.0,False
191489388,Combo Hướng Dẫn Học & Giải Các Dạng Bài Tập Toán Lớp 7 - tập 1 + Tập 2 (bám sát sách giáo khoa kết nối tri thức với cuộc sống),Sách tham khảo,40,0.37708402326010537,35,0.5167528811962393,0.13966885793613393,True
175147117,Sách Bài Tập Bổ Trợ Và Nâng Cao Tiếng Anh Lớp 6 Tập 2 (Có Đáp Án),Sách tham khảo,26,0.4800149537705215,35,0.5582192282449614,0.0782042744744399,True
155115299,Sách Giải Thích Chuyên Đề Thi Vào 10 Chuyên Tiếng Anh,Sách tham khảo,30,0.4384259718886199,35,0.5793765646420052,0.14095059275338523,True
145371282,Sách Bài Tập Viết Lại Câu Tiếng Anh (Ôn Thi Vào 10 Và 10 Chuyên),Sách tham khảo,29,0.808867840520809,29,0.808867840520809,0.0,False
108201660,Combo Ôn hè Toán và Tiếng Việt 3,Sách tham khảo,23,0.49551411417774305,35,0.5646563780852598,0.06914226390751677,True
74416883,Sách Luyện Giải Bộ Đề Bồi Dưỡng Học Sinh Giỏi Tiếng Anh Lớp 8,Sách tham khảo,30,0.4812734443632063,35,0.5739850450759456,0.09271160071273932,True
68350213,Sách Chinh Phục Luyện Thi Vào 10 Môn Toán Theo Chủ Đề,Sách tham khảo,30,0.8061831719103522,30,0.8061831719103522,0.0,False
43665704,Combo Chiến thắng kì thi 9 vào 10 chuyên môn Vật Lí( Tập 1 - Tập 2),Sách tham khảo,26,0.7651014433337521,26,0.7651014433337521,0.0,False
32921595,"Sách Sổ Tay Học Nhanh , Toàn Diện Kiến Thức Và Dạng Bài Hóa Học Lớp 8 - 9",Sách tham khảo,29,0.8459197717506656,29,0.8459197717506656,0.0,False
13443851,Sách Cùng Khủng Long Học Tiếng Anh Theo Chủ Đề Lớp 1 (Tái Bản),Sách tham khảo,21,0.7981000324339458,35,0.8673247248704605,0.06922469243651475,True
13443843,Sách Cùng Khủng Long Học Tiếng Anh Theo Chủ Đề Lớp 2 (Tái Bản),Sách tham khảo,21,0.4646358253990887,35,0.5646563780852598,0.1000205526861711,True
570585,Sách 22 Chuyên Đề Hay Và Khó - Bồi Dưỡng Học Sinh Giỏi Hóa Học THCS (Tập 1) (Tái Bản),Sách tham khảo,24,0.7521396414487156,24,0.7521396414487156,0.0,False
279416770,Sách Vở Ôn Hè Toán Lớp 3 - Dành Cho Học Sinh Lớp 3 Lên Lớp 4 (Theo Chương Trình SGK Mới Nhất),Sách tham khảo,26,0.0010713345617267703,26,0.0010713345617267703,0.0,False
279214542,35 Đề Tiếng Anh Ôn Thi Vào Lớp 10 - Mai Lan Hương,Sách tham khảo,8,0.0009090909090909091,8,0.0009090909090909091,0.0,False
278906896,Sách - Đột Phá Tư Duy Kì Thi Tốt Nghiệp THPT - Môn Giáo Dục Kinh Tế Và Pháp Luật,Sách tham khảo,13,0.15878821887809613,35,0.5400679347109972,0.3812797158329011,True
278890722,Sách 30 Đề Luyện Thi Tốt Nghiệp 2026 Tiếng Anh,Sách tham khảo,30,0.007165501165501164,30,0.007165501165501164,0.0,False
278760600,Sách - Giỏi Toán Từ Gốc - Thành Thạo Tính Nhanh - Cộng Trừ Trong Phạm Vi 20,Sách tham khảo,8,0.02239449990213349,8,0.02239449990213349,0.0,False
277619669,"Tuyển tập đề thi Tin học trẻ Bảng A, D1. Volume 3",Sách tham khảo,0,0.0,0,0.0,0.0,False
277607679,Sách - Tuyển chọn đề thi học sinh giỏi lớp 8 môn tiếng anh,Sách tham khảo,0,0.0,0,0.0,0.0,False
276860550,Sách Luyện Chuyên Sâu Ngữ Pháp Và Từ Vựng Tiếng Anh Lớp 6 Tập 2,Sách tham khảo,33,0.3769996398146334,35,0.4859482672192987,0.10894862740466527,True
276841062,Sách Bồi dưỡng học sinh giỏi Tiếng Anh 3,Sách tham khảo,21,0.0010713345617267703,21,0.0010713345617267703,0.0,False
276717669,Sách Tham Khảo Toán Lớp 12 - Dùng Chung Cho SGK Hiện Hành - Hồng Ân,Sách tham khảo,37,0.4059342581852433,35,0.5858835247425948,0.17994926655735144,True
276585197,Sách Giúp em viết đoạn và bài văn hay Ngữ Văn 7,Sách tham khảo,29,0.41221906801194985,35,0.48419996941172255,0.0719809013997727,True
276090233,Sách Phiếu bài tập cuối tuần Toán lớp 4,Sách tham khảo,17,0.2299403693965473,35,0.5646563780852598,0.33471600868871254,True
275799406,Bài tập tiếng Anh lớp 6  Global Success  Kết nối tri thức  4 kỹ năng (Có đáp án) – ThS. Lê Vy – Ngoại ngữ Vivian,Sách tham khảo,8,0.002540770298403886,8,0.002540770298403886,0.0,False
275799238,Bài tập tiếng Anh lớp 7 Global Success  Kết nối tri thức 4 kỹ năng (Có đáp án) – ThS. Lê Vy – Ngoại ngữ Vivian,Sách tham khảo,8,0.002540770298403886,8,0.002540770298403886,0.0,False
275696829,Bài tập tiếng anh 12 - Global Success - Kết nối tri thức (Tặng kèm đáp án bản mềm),Sách tham khảo,0,0.2412516545490605,35,0.4938245618573634,0.2525729073083029,True
275155653,Sách - Kì Thi Toán Quốc Tế Kangaroo - Các chuyên đề chọn lọc - Cấp độ 3 (2023),Sách tham khảo,0,0.0,0,0.0,0.0,False
274662815,"Combo sách Đánh thức tài năng toán học 1 và 50 thủ thuật toán học ( bộ 2 cuốn ) tổng hợp kiến thức toán lớp 1, lớp 2 - Hiệu sách Genbooks",Sách tham khảo,25,0.39403247535656044,35,0.6332388888217377,0.2392064134651773,True
272353395,Combo Vở luyện viết chính tả (âm - vần - đoạn - chữ hoa - dấu thanh) lớp 1 (2 cuốn),Sách tham khảo,22,0.16914785747991645,35,0.29191644754258805,0.1227685900626716,True
271660793,Combo Bài tập bổ trợ môn Toán và Tiếng Việt (cơ bản và nâng cao) Lớp 1 (4 cuốn),Sách tham khảo,20,0.24806690966848255,35,0.6044760331701348,0.3564091235016522,True
271360777,Sách English grammar for Movers 2 (Có đáp án),Sách tham khảo,30,0.49573799405890967,35,0.5787273725494269,0.08298937849051718,True
271219467,Combo Phiếu Bài Tập Cuối Tuần Toán Và Tiếng Việt Lớp 3,Sách tham khảo,21,0.35573386747152896,35,0.5427279224712985,0.18699405499976957,True
270070988, Bồi Dưỡng Học Sinh Giỏi Hóa Học 8 Theo Chuyên Đề (dùng chung cho các bộ sgk hiện hành),Sách tham khảo,40,0.2308984763541537,35,0.2927117682952553,0.061813291941101606,True
263484162,Sách Phiếu ôn hè Tiếng Việt lớp 2,Sách tham khảo,25,0.7864914382557153,25,0.7864914382557153,0.0,False
263107225,Sách Sổ tay Luyện thi vào lớp 10 môn Toán,Sách tham khảo,30,0.4274247486325384,35,0.5415324159849069,0.11410766735236849,True
253395397,Những Bài Văn Đạt Điểm Cao Của Học Sinh Giỏi Lớp 4 (Dùng Chung Cho Các Bộ SGK Hiện Hành) _HA,Sách tham khảo,27,0.0005379293893129771,27,0.0005379293893129771,0.0,False
252857759,Sách Hướng Dẫn Học Tốt Tiếng Anh 6 Global Sucess,Sách tham khảo,27,0.43173976207405007,35,0.4872927323065646,0.05555297023251454,True
224164920,"Sách - 600 câu hỏi dùng cho sát hạch, cấp giấy phép lái xe cơ giới đường bộ( Bản cập nhật mới nhất 2025 ) - ndbooks",Sách tham khảo,0,0.18412997426749445,35,0.5739850450759456,0.38985507080845117,True
202417373,"Sách Sổ tay học nhanh, toàn diện kiến thức và dạng bài Hóa học lớp 8-9",Sách tham khảo,0,0.18449849027873852,35,0.478161507873261,0.2936630175945225,True
195797769,"Combo Giải Thích Chuyên Sâu Ngữ Pháp - Đọc Hiểu, Từ Vựng Tiếng Anh",Sách tham khảo,28,0.3608741587149662,35,0.6044760331701348,0.24360187445516857,True
195797765,Sách Giải thích chuyên sâu bài đọc hiểu - từ vựng tiếng Anh,Sách tham khảo,35,0.5415324159849069,35,0.5415324159849069,0.0,False
176813693,Tổng Ôn Tập Đề Thi Olympic 30 Tháng 4 Tiếng Anh 10(bc),Sách tham khảo,25,0.18078865308670153,35,0.26048464022925755,0.07969598714255602,True
175445792,"Sách Đánh Thức Tài Năng Toán Học 3 Và 4,  ( Bộ 2 cuốn, 9 - 12 tuổi )",Sách tham khảo,0,0.021726190476190475,0,0.021726190476190475,0.0,False
168114449,Tổng ôn cấp tốc luyện thi Đánh giá năng lực (Theo cấu trúc đề thi của ĐHQGHN),Sách tham khảo,0,0.13954918595727597,35,0.26798294691797836,0.1284337609607024,True
147761097,Sách Bài Tập Từ Đồng Nghĩa Trái Nghĩa Tiếng Anh - Ôn Thi Vào Lớp 10 & 10 Chuyên,Sách tham khảo,33,0.6129238472718341,33,0.6129238472718341,0.0,False
68454446,Sách Bài Tập Thực Hành Tiếng Anh 8 - Có Đáp Án (Theo Chương Trình Mới Của Bộ GD&ĐT),Sách tham khảo,25,0.5435251410944995,25,0.5435251410944995,0.0,False
58930419,"Combo Chuyên Đề Bồi Dưỡng Học Sinh Khá, Giỏi Toán THCS Phần Đại Số, Số Học Và Hình Học ",Sách tham khảo,36,0.6425332441348567,36,0.6425332441348567,0.0,False
14699357,Sách Câu Hỏi Trắc Nghiệm Chuyên Đề Từ Vựng Tiếng Anh,Sách tham khảo,40,0.28136988829181336,35,0.5594642858347842,0.2780943975429709,True
14504695,Sách Luyện Thi Vào Lớp 10 Chuyên Môn Sinh Học,Sách tham khảo,40,0.30240971879209305,35,0.5349393846212076,0.23252966582911455,True
10775723,Sách Sổ Tay Kiến Thức Toán Trung Học Phổ Thông,Sách tham khảo,25,0.7864914382557153,25,0.7864914382557153,0.0,False
595647,Sách Chiến Thắng Kì Thi 9 Vào 10 Chuyên Vật Lí Tập 2,Sách tham khảo,24,0.4146088561784857,35,0.5390679347109972,0.12445907853251154,True
279337192,Sách - Sổ Tay Trọng Tâm Kiến Thức Toán 8,Sách tham khảo,8,0.01745743696507055,8,0.01745743696507055,0.0,False
278728869,Sách - Bồi dưỡng học sinh giỏi Sinh học 7+8+9+10+11+12,Sách tham khảo,23,0.0010713345617267703,23,0.0010713345617267703,0.0,False
278675896,Sách Phiếu Bài Tập Cuối Tuần Toán Lớp 5,Sách tham khảo,21,0.0077380012283934365,21,0.0077380012283934365,0.0,False
278525269,Sách - Chuyên Đề Bồi Dưỡng Học Sinh Giỏi Và Ôn Thi Vào Lớp 10 Chuyên Hóa Phần Hóa Vô Cơ (Theo Chương Trình Mới),Sách tham khảo,24,0.38528009750072356,35,0.5903084794124169,0.20502838191169337,True
278092905,Sách - Global Success - Bài Tập Cuối Tuần Tiếng Anh Lớp 8 - Tập 1 (Có Đáp Án),Sách tham khảo,13,0.0003816793893129771,13,0.0003816793893129771,0.0,False
277922556,Sách - Bộ Đề Ôn Tập Hè Tiếng Việt và Bộ Đề Ôn Tập Hè Vui Học Toán Hè (lớp 1.2.3.4.5) tùy chọn,Sách tham khảo,0,0.0,0,0.0,0.0,False
277809022,Sách - Bộ Đề Thi Học Sinh Giỏi Và Ôn Thi Vào Lớp 10 Chuyên Hóa (Có Lời Giải Chi Tiết),Sách tham khảo,26,0.0028321678321678325,26,0.0028321678321678325,0.0,False
277267272,Sách - Combo Lí luận văn học 3 tập #huongbook,Sách tham khảo,0,0.0,0,0.0,0.0,False
276478189,Sách GLOBAL SUCCESS - Bài tập bổ trợ và nâng cao tiếng Anh lớp 5 tập 1 (Có đáp án),Sách tham khảo,29,0.4859803167730288,35,0.5813858387267394,0.09540552195371066,True
276450767,Sách Củng cố và ôn luyện Toán lớp 6 tập 1,Sách tham khảo,29,0.4859803167730288,35,0.5813858387267394,0.09540552195371066,True
276304076,Sách Sổ tay 250 Phím Tắt & Thủ thuật Tin học văn phòng Unica,Sách tham khảo,5,0.0003816793893129771,5,0.0003816793893129771,0.0,False
275630451,Sách Takenote Sổ tay kiến thức và dạng toán 7,Sách tham khảo,21,0.0010713345617267703,21,0.0010713345617267703,0.0,False
275573452,Combo Bài tập bổ trợ Toán – lớp 2 (cơ bản và nâng cao) (2 Tập),Sách tham khảo,21,0.15542089996662506,35,0.26965551338502586,0.1142346134184008,True
275429499,Sách Ngữ Pháp Tiếng Anh Nâng Cao Lớp 8 Tập 1 (Global),Sách tham khảo,29,0.0005379293893129771,29,0.0005379293893129771,0.0,False
275150643,Sách - Combo Bồi dưỡng toán 9 tập 1 + 2 ( kết nối ),Sách tham khảo,0,0.0,0,0.0,0.0,False
274792554,Sách - Combo Toán 8 cơ bản và nâng cao - tập 1 + 2 ( kết nối tri thức ),Sách tham khảo,0,0.0,0,0.0,0.0,False
272032107,Sách: Rèn Kĩ Năng Giải Toán Lớp 1 - Tập 2,Sách tham khảo,32,0.41797679094603196,35,0.5370013572203544,0.1190245662743224,True
271479852,Sách Primary Grammar - Ngữ Pháp Tiếng Anh Theo Chủ Đề Lớp 4 Tập 2,Sách tham khảo,29,0.40221906801194984,35,0.4741999694117226,0.07198090139977276,True
271044328,Sách - Toán 8 cơ bản và nâng cao - tập 1 ( kết nối tri thức ),Sách tham khảo,0,0.0,0,0.0,0.0,False
270764451,Bài Tập Tiếng Anh 4 (Dùng Kèm I Learn Smart Start) - Có Đáp Án,Sách tham khảo,0,0.0,0,0.0,0.0,False
263693096,40 Đề Tiếng Anh Thi Vào Lớp 10,Sách tham khảo,15,0.2452283218655342,35,0.5737246150329707,0.32849629316743645,True
262646192,Sách Rèn Kĩ Năng Học Tốt Toán 5 - Hỗ Trợ Phát Triển Năng Lực Giải Toán (TB),Sách tham khảo,20,0.300836346150201,35,0.5737246150329707,0.2728882688827697,True
252035424,Sách Chinh Phục Kỳ Thi Môn Tiếng Anh Vào Lớp 6 (Có Đáp Án Và Giải Thích Chi Tiết),Sách tham khảo,33,0.02138257493984088,33,0.02138257493984088,0.0,False
249568365,Sách - Bồi Dưỡng Học Sinh Giỏi Toán Trung Học Cơ Sở Đại Số,Sách tham khảo,0,0.0,0,0.0,0.0,False
242091338,Sách Big Hero Chinh phục tiếng Anh theo chủ đề lớp 4,Sách tham khảo,22,0.43478999502134236,35,0.5739850450759456,0.13919505005460325,True
222657898,Giải Bài Tập Và Học Tốt Toán 6 Tập 1 (Theo Sách Giáo Khoa Kết Nối Tri Thức Với Cuộc Sống),Sách tham khảo,26,0.4940509698284853,35,0.5774036308325126,0.08335266100402727,True
208285251,Bài tập tiếng anh 6 - Global Success - Kết nối tri thức với cuộc sống (Tặng kèm đáp án),Sách tham khảo,0,0.0,0,0.0,0.0,False
199897451,Sách - Sổ tay ngữ văn cấp 3 - All in one,Sách tham khảo,10,0.2528210182103312,35,0.536722413475554,0.28390139526522284,True
198342220,Sách Luyện chuyên sâu ngữ pháp và bài tập tiếng Anh 6 tập 1 (Global),Sách tham khảo,22,0.7899169023546524,35,0.8673247248704605,0.07740782251580813,True
197687566,199 Bài Và Đoạn Văn Hay Lớp 3,Sách tham khảo,15,0.007381679389312977,15,0.007381679389312977,0.0,False
195623873,Sách Tự học nâng cao kiến thức Toán 7,Sách tham khảo,31,0.42359191456185047,35,0.5285983739556636,0.10500645939381309,True
194406464,100 Đề Kiểm Tra Tiếng Anh 6 (Biên Soạn Theo Chương Trình Của Bộ Giáo Dục Và Đào Tạo)_KV,Sách tham khảo,0,0.0,0,0.0,0.0,False
189940691,Sách Cây Vĩ Cầm Cuồng Nộ (Tái bản),Sách tham khảo,23,0.7180623664606963,30,0.7812035680641375,0.06314120160344117,True
186112397,Sách Gieo Thói Quen Nhỏ Gặt Thành Công Lớn (Tái bản),Sách tham khảo,35,0.8358268115782599,35,0.8358268115782599,0.0,False
186106736,Sách Tất tần tật mẫu câu và ngữ pháp tiếng Anh lớp 5,Sách tham khảo,15,0.3101912216119844,25,0.6431302361772265,0.3329390145652421,True
186106724,Sách Bài tập bổ trợ nâng cao Tiếng Anh 3,Sách tham khảo,25,0.5305752557869765,35,0.5813858387267394,0.05081058293976293,True
72744618,Sách Sổ Tay Học Nhanh Toàn Diện Tiếng Anh THCS,Sách tham khảo,27,0.6577799399815855,27,0.6577799399815855,0.0,False
58547334,Sách Bài Tập Tiếng Anh 9 - Không Đáp Án (Tái Bản 2020),Sách tham khảo,30,0.6417385130605396,30,0.6417385130605396,0.0,False
17960480,Sách Luyện Viết Tiếng Anh Lớp 4 (Tập 1) (Tái Bản),Sách tham khảo,27,0.7906467767470058,27,0.7906467767470058,0.0,False
545285,Sách Bồi Dưỡng Học Sinh Giỏi Hóa Học Lớp 8 (2016),Sách tham khảo,27,0.7919210631435943,27,0.7919210631435943,0.0,False
279213008,Sách - Chiến Thắng Kì Thi 9 Vào 10 Chuyên Môn Vật Lí Tập 3,Sách tham khảo,24,0.4633315907438312,35,0.5858835247425948,0.12255193399876357,True
278969842,Sách - 50 Đề Luyện Thi Tốt Nghiệp THPT 2026 - Ngữ Văn,Sách tham khảo,15,0.19684916609790062,35,0.5860006830421206,0.38915151694422,True
278487693,Sách - Các Chuyên Đề Luyện Thi Vào Lớp 10 Chuyên Toán - Văn Phú Quốc,Sách tham khảo,0,0.021726190476190475,0,0.021726190476190475,0.0,False
278370729,Sách Bồi Dưỡng Và Nâng Cao Kỹ Năng Đọc Hiểu Ngữ Văn Lớp 7,Sách tham khảo,30,0.0005379293893129771,30,0.0005379293893129771,0.0,False
278325424,Sách - Bồi Dưỡng Học Sinh Giỏi Hóa Học Theo Chuyên Đề - HA,Sách tham khảo,32,0.0057943396457232335,32,0.0057943396457232335,0.0,False
278103642,Sách - Toán 1.2.3.4.5 - Các Bài Toán Thực Tế Combo/Lẻ,Sách tham khảo,0,0.0,0,0.0,0.0,False
278038561,Tập Đánh Vần Tiếng Việt Theo Sơ Đồ Tư Duy - Sách Giúp Con Đọc Thành Thạo Tiếng Việt Sớm (4-6 Tuổi) (Gáy Lò Xo),Sách tham khảo,24,0.48290704759253594,35,0.5739850450759456,0.09107799748340967,True
277353110,"Sách - Combo 4 cuốn: Bồi dưỡng kiến thức Sinh Học Trong KHTN 6 + Bồi dưỡng học sinh giỏi Sinh học 7,8,9 - HA",Sách tham khảo,35,0.0035897435897435897,35,0.0035897435897435897,0.0,False
277164050,Sách - Bồi Dưỡng Học Sinh Giỏi Tiếng Anh Lớp 3 ( Chương Trình Mới ),Sách tham khảo,0,0.0,0,0.0,0.0,False
276331313,Sách - Chuyên đề nâng cao môn lịch sử (chương trình GD nâng cao của bộ GDĐT ban hành năm 2025),Sách tham khảo,0,0.0,0,0.0,0.0,False
276306178,Sách - Đánh thức tài năng toán học 3 (9 - 10 tuổi),Sách tham khảo,0,0.021726190476190475,0,0.021726190476190475,0.0,False
276042993,Bài Tập Thực Hành Tiếng Anh 7 (Dùng Kèm SGK Tiếng Anh 7 Global Success) (HASA),Sách tham khảo,0,0.0,0,0.0,0.0,False
276005402,Sách - Đề Kiểm Tra Toán Lớp 5 - Học Kì 2 - Kết Nối Tri Thức Với Cuộc Sống (1 cuốn),Sách tham khảo,0,0.0,0,0.0,0.0,False
275609971,Sách - Bồi Dưỡng Vật Lí 8 (Dùng Chung Các Bộ SGK Hiện Hành) (HA-MK),Sách tham khảo,27,0.19861632978781518,35,0.258983610812195,0.060367281024379826,True
275137771,Toán Thực Tế - Lớp 10,Sách tham khảo,15,0.0003816793893129771,15,0.0003816793893129771,0.0,False
275082790,Sách - Combo Em Học Toán Lớp 9 Tập 1 + 2 (Dùng Chung Cho Các Bộ SGK Hiện Hành) (Bộ 2 Cuốn)HA,Sách tham khảo,40,0.01599599358974359,40,0.01599599358974359,0.0,False
274626080,Làm Chủ Kiến Thức Ngữ Văn Bằng Sơ Đồ Tư Duy Lớp 8 - Tập 2 (Theo Chương Trình Của Bộ Sách Kết Nối Tri Thức Với Cuộc Sống),Sách tham khảo,5,0.00125,5,0.00125,0.0,False
274361636,Sách - Tự học Vật lý 11 - Tập 2 (Moon),Sách tham khảo,1,0.0,1,0.0,0.0,False
274192259,Không có bản sắc văn hóa,Sách tham khảo,0,0.0,0,0.0,0.0,False
271441634,Global Success - Hướng Dẫn Học Tốt Tiếng Anh 7 (Dùng Kèm SGK Tiếng Anh 7),Sách tham khảo,12,0.000881679389312977,12,0.000881679389312977,0.0,False
271400476,Giải Thích Ngữ Pháp Tiếng Anh (Mai Lan Hương),Sách tham khảo,0,0.013392857142857144,0,0.013392857142857144,0.0,False
271360771,Sách GLOBAL SUCCESS - Trọng tâm kiến thức và bài tập thực hành tiếng anh lớp 6 tập 2 (Có đáp án),Sách tham khảo,32,0.0005379293893129771,32,0.0005379293893129771,0.0,False
270887616,Bài Tập Tiếng Anh 6 (Global Success) - Mai Lan Hương,Sách tham khảo,0,0.0,0,0.0,0.0,False
270107729,Sách - Chiến Thắng Kì Thi Lớp 9 Vào Lớp 10 Chuyên Vật Lí - tập 2,Sách tham khảo,0,0.0,0,0.0,0.0,False
263436126,Sách - Luyện tập tiếng việt lớp 3 tập 1 ( Kết nối tri thức ),Sách tham khảo,0,0.0,0,0.0,0.0,False
262802535,Sách - Luyện tập toán lớp 4 tập 1 ( Kết Nối Tri Thức Và Cuộc Sống ),Sách tham khảo,0,0.0,0,0.0,0.0,False
216334619,Sách Ngữ Pháp Tiếng Anh Nâng Cao 7 Tập 2 (Global),Sách tham khảo,30,0.0005379293893129771,30,0.0005379293893129771,0.0,False
214841261,Combo Big 4 bộ đề tự kiểm tra 4 kỹ năng Nghe - Nói - Đọc - Viết tiếng Anh (cơ bản và nâng cao) Lớp 6 (Global),Sách tham khảo,23,0.4027281330818537,35,0.5413639144882088,0.13863578140635507,True
195623895,Sách Sổ tay kiến thức toán trung học cơ sở B50,Sách tham khảo,23,0.5679952580497201,25,0.641466896153561,0.07347163810384094,True
182711608,Combo Phương Pháp Giải Toán Chuyên Đề Đại Số + Hình Học Lớp 10 (Biên Soạn Theo Chương Trình GDPT Mới) (Bộ 2 Cuốn),Sách tham khảo,40,0.33160469828547795,35,0.5663960538801238,0.23479135559464587,True
152705182,Bài Tập Tìm Sửa Lỗi Sai Tiếng Anh (Ôn Thi Vào Lớp 10 Và 10 Chuyên),Sách tham khảo,10,0.23614642774772684,25,0.5783177905952036,0.34217136284747673,True
148866407,Bài Tập Hoàn Thành Câu Tiếng Anh ( Ôn Thi Vào Lớp 10 Và 10 Chuyên ),Sách tham khảo,10,0.000881679389312977,10,0.000881679389312977,0.0,False
134605025,Sách Phiếu Luyện Viết Cùng Gấu Kiki 2. Luyện Viết Bảng Chữ Cái,Sách tham khảo,21,0.4971693127838905,25,0.5732559942984601,0.0760866815145696,True
115092210,Sách đánh thức tài năng toán học 6 ( 11 - 13 tuổi ),Sách tham khảo,0,0.154129760521379,35,0.5903084794124169,0.43617871889103793,True
101870465,Học Toán Thật Đơn Giản: 4-5 Tuổi - Tập 2,Sách tham khảo,8,0.016548346055979643,8,0.016548346055979643,0.0,False
75437358,Bồi Dưỡng Môn Toán - Ôn Luyện Thi Vào Lớp 10 Chuyên Toán ,Sách tham khảo,33,0.3932915219811438,35,0.5149884256615048,0.12169690368036101,True
74416878,Sách Luyện Giải Bộ Đề Bồi Dưỡng Học Sinh Giỏi Tiếng Anh Lớp 7,Sách tham khảo,30,0.48554673097447404,35,0.5646563780852598,0.07910964711078577,True
54487089,Phương Pháp Tư Duy Sáng Tạo Trong Giải Nhanh Bồi Dưỡng Học Sinh Giỏi Vật Lí 11 Tập 2 ( Mới nhất),Sách tham khảo,34,0.5663016070373821,34,0.5663016070373821,0.0,False
19370573,Sách Bồi Dưỡng Học Sinh Giỏi Sinh Học 11,Sách tham khảo,35,0.7625276110958413,35,0.7625276110958413,0.0,False
3055217,Sách Big 4 Bộ Đề Tự Kiểm Tra 4 Kỹ Năng Nghe - Nói - Đọc - Viết (Cơ Bản Và Nâng Cao) Tiếng Anh Lớp 9 Tập 2,Sách tham khảo,40,0.7625964549646979,35,0.8615695088845656,0.09897305391986777,True
279327734,Sách - Học tính để giỏi toán lớp 1 - HA,Sách tham khảo,0,0.0,0,0.0,0.0,False
279286981,Sách - Tuyển Chọn Đề Ôn Luyện Và Tự Kiểm Tra Toán 3 (Tái Bản 2025),Sách tham khảo,17,0.0003816793893129771,17,0.0003816793893129771,0.0,False
279258218,Vở bài tập Toán tăng cường (Sách áp dụng chương trình cho bộ SGK mới),Sách tham khảo,25,0.0010713345617267703,25,0.0010713345617267703,0.0,False
279112546,Sách - Ôn Luyện Thi Tốt Nghiệp THPT Theo Chương Trình GDPT Mới - Môn Toán,Sách tham khảo,15,0.001875,15,0.001875,0.0,False
278227744,Sách - Bồi Dưỡng Và Nâng Cao Tiếng Việt 3 Tập 1+2 ( Theo Chương Trình GDPT Mới ),Sách tham khảo,0,0.0,0,0.0,0.0,False
278171051,Sách Rèn Luyện Kĩ Năng Học Tốt Toán 5,Sách tham khảo,25,0.47993806181152343,35,0.5800165285020042,0.10007846669048082,True
278155335,Sách - Combo/ Lẻ Đề Kiểm Tra Và Bài Tập Tuần Toán Và Tiếng Việt Lớp 5 - Kết Nối,Sách tham khảo,0,0.0,0,0.0,0.0,False
278092519,Sách - Phiếu Ôn Hè Tiếng Anh Lớp 3,Sách tham khảo,10,0.000881679389312977,10,0.000881679389312977,0.0,False
277356413, Combo Làm chủ kiến thức Tiếng Anh bằng sơ đồ tư duy lớp 8 ( Tập 1 + Tập 2 ),Sách tham khảo,12,0.13570105643313235,35,0.5427279224712985,0.4070268660381662,True
277139294,"Bộ sách Công Thức Viết Văn Siêu Tốc cấp 2 - cô Phan Hồ Điệp, có kèm video hướng dẫn( SP chính hãng)",Sách tham khảo,0,0.37602059392474224,35,0.6585983252155746,0.28257773129083236,True
277038171,Sách - Đột Phá Tư Duy Hóa Học 10 - Tập 2,Sách tham khảo,13,0.0,13,0.0,0.0,False
276862180,Làm Chủ Kiến Thức Toán Bằng Sơ Đồ Tư Duy Lớp 9 – Luyện Thi Vào 10,Sách tham khảo,12,0.1348120081308846,35,0.5335861367104309,0.3987741285795463,True
276624136,"Sách Từ Làng Sen đến Bến Nhà Rồng (Ký) (Xuất bản lần thứ 22, có sửa chữa, bổ sung)",Sách tham khảo,0,0.13705497342658465,35,0.5392784444027386,0.40222347097615396,True
276478470,Sách tham khảo toán 10 - Quyển 2 (Dùng chung cho các bộ SGK),Sách tham khảo,0,0.0,0,0.0,0.0,False
275137871,Ôn Tập-Kiểm Tra Nâng Cao Và Phát Triển Năng Lực Toán 8 - Tập 1,Sách tham khảo,12,0.27736699289686345,25,0.6431302361772265,0.3657632432803631,True
275137687,Toán Thực Tế - Lớp 11,Sách tham khảo,15,0.24053171291892528,35,0.5813858387267394,0.34085412580781416,True
274933758,"Sách - Bộ đề luyện thi môn Tiếng anh vào lớp 6 trường chuyên , chất lượng cao (có đáp án)",Sách tham khảo,30,0.0025379293893129772,30,0.0025379293893129772,0.0,False
274884187,Sách - Notebook toán 6 (Dùng Chung Cho Các Bộ SGK Hiện Hành) (HA),Sách tham khảo,0,0.0,0,0.0,0.0,False
274194081,Tổng Tập Đề Thi Olympic 30 Tháng 4 Môn Tiếng Anh Lớp 10 (Cập Nhật Đề Thi Tới Năm 2023) - HA,Sách tham khảo,25,0.37113150296481784,35,0.5351731496601606,0.16404164669534277,True
274020532,Làm Chủ Kiến Thức Tiếng Anh Bằng Sơ Đồ Tư Duy Lớp 8 - Tập 2,Sách tham khảo,5,0.0,5,0.0,0.0,False
273219217,Bồi Dưỡng Học Sinh Giỏi Sinh Học 789 - Phan Khắc Nghệ - HA,Sách tham khảo,27,0.0005379293893129771,27,0.0005379293893129771,0.0,False
273215880,Combo Làm chủ  kiến thức ngữ văn lớp 7 ( Tập 1 + Tập 2 ),Sách tham khảo,12,0.22725462937298563,35,0.6368218386755736,0.409567209302588,True
273128752,Bồi Dưỡng Học Sinh Giỏi Khoa Học Tự Nhiên 8,Sách tham khảo,0,0.0,0,0.0,0.0,False
271451061,Sách - Đề Kiểm Tra Toán Lớp 8,Sách tham khảo,0,0.0,0,0.0,0.0,False
271371555,Hướng Dẫn Học Tốt Tiếng Anh 6-7-8 (Dùng Kèm Global Success) - Mai Lan Hương,Sách tham khảo,0,0.0,0,0.0,0.0,False
263572519,sách - combo hướng dẫn học và giải các dạng bài tập toán 8 tập 1 + 2 (bám sát sgk kết nối tri thức với cuộc sống),Sách tham khảo,37,0.3934088895959127,35,0.585114249961836,0.19170536036592334,True
263208556,Luyện Viết Chữ Đẹp Lớp 3 - Tập 2,Sách tham khảo,20,0.5039771697592638,25,0.5943725121227138,0.09039534236345004,True
250340192,Sách - Vở bài tập Toán tư duy lớp 2 (Tập 1),Sách tham khảo,0,0.0,0,0.0,0.0,False
249392711,Sách Luyện Chuyên Sâu Ngữ Pháp Và Bài Tập Tiếng Anh Lớp 7 Tập 2 (Global),Sách tham khảo,35,0.5445013572203544,35,0.5445013572203544,0.0,False
217500596,Rèn Kĩ Năng Giải Toán Lớp 7 - Tập 2,Sách tham khảo,18,0.2177734445492427,35,0.5739850450759456,0.3562116005267029,True
199038426,Sách GLOBAL SUCCESS - Bài tập tiếng anh lớp 3 tập 2 (Có đáp án),Sách tham khảo,29,0.18445503349507303,35,0.2767897153356908,0.09233468184061777,True
198518619,Sách Hướng dẫn giải Violympic Toán 3 + Bộ Đề Luyện Thi Violympic Trạng Nguyên Tiếng Việt Lớp 3 Trên Internet (Dùng Chung Cho Các SGK Mới Hiện Hành),Sách tham khảo,27,0.3544561468374369,35,0.5534104151331022,0.19895426829566526,True
191651723,Sách Combo Đề Kiểm Tra Toán Lớp 3 - Kết Nối Tri Thức Với Cuộc Sống - BẢN QUYỀN,Sách tham khảo,8,0.26501126313590356,25,0.6608147740820841,0.39580351094618055,True
176025057,Rèn kĩ năng giải toán lớp 1 tập 2,Sách tham khảo,0,0.0,0,0.0,0.0,False
172175785,Sách The Langmaster - Em Học Giỏi Tiếng Anh Lớp 6-Tập 1 (Có Đáp Án ),Sách tham khảo,30,0.8540301617231494,30,0.8540301617231494,0.0,False
165021231,Bài Tập Đọc Hiểu Tiếng Anh - Ôn Thi Vào Lớp 10 Và 10 Chuyên,Sách tham khảo,10,0.23614642774772684,25,0.5783177905952036,0.34217136284747673,True
134605022,Sách Phiếu Luyện Viết Cùng Gấu Kiki 3. Luyện Viết Bảng Chữ Cái Và Chữ Ghép,Sách tham khảo,21,0.48191290252748026,25,0.557510695153161,0.07559779262568073,True
102875283,Bộ Đề Bồi Dưỡng Học Sinh Giỏi Tiếng Anh Toàn Diện 8,Sách tham khảo,36,0.8317120002481855,36,0.8317120002481855,0.0,False
58442282,Tủ Sách Cho Bé Vào Lớp 1 - Vở Tập Viết Chữ Số (Dành Cho Trẻ Mẫu Giáo 5 - 6 Tuổi) - Tái Bản 2020,Sách tham khảo,12,0.5047477639385279,25,0.5839367575178416,0.07918899357931364,True
56048869,Chuyên đề bồi dưỡng học sinh giỏi Toán 8 ,Sách tham khảo,35,0.8591062451046122,35,0.8591062451046122,0.0,False
279411633,Sách Vở Ôn Hè Tiếng Việt Lớp 1- Dành Cho Học Sinh Lớp 1 Lên Lớp 2 (Theo Chương Trình SGK Mới Nhất),Sách tham khảo,20,0.0003816793893129771,20,0.0003816793893129771,0.0,False
279203492,Sách - Giải mã kiến thức thi tốt nghiệm trung học phổ thông môn tin học - HA,Sách tham khảo,20,0.21905583987834126,35,0.5301510728842993,0.31109523300595804,True
279106112,Sổ tay kiến thức - phương pháp - dạng bài Khoa học tự nhiên Lý - Hóa - Sinh lớp 9,Sách tham khảo,30,0.4264712296644634,35,0.5285983739556636,0.10212714429120018,True
278969065,Sách - 60 Đề Minh Họa Tốt Nghiệp THPT 2026 - Môn Vật Lí,Sách tham khảo,20,0.24341967585421384,35,0.5860006830421206,0.34258100718790674,True
278692684,Sách - Chuyên đề Bồi dưỡng học sinh giỏi Vật lí 11 (Tập 1 + 2) Dùng cho chương trình GDPT mới,Sách tham khảo,0,0.0,0,0.0,0.0,False
278583503,Combo Tổng ôn từ vựng Tiếng Anh (Tập 1 + Tập 2) - MoonBook,Sách tham khảo,1,0.0,1,0.0,0.0,False
278442988,Sách GLOBAL SUCCESS - Bài Tập Tiếng Anh Lớp 9 (Không Đáp Án),Sách tham khảo,29,0.0024610063123899004,29,0.0024610063123899004,0.0,False
278275357,Sách - 250 Bài Toán Chọn Lọc Lớp 5 – Theo Chương Trình Mới - Cùng con chinh phục môn Toán,Sách tham khảo,24,0.0028321678321678325,24,0.0028321678321678325,0.0,False
278243556, Chinh Phục Đề Thi Vào Lớp 6 Trường THCS Chất Lượng Cao Môn Toán - Tiếng Việt - Tiếng Anh - MEGA - Toán,Sách tham khảo,0,0.13908781257850558,35,0.5427279224712985,0.403640109892793,True
278045248,Sách - Combo sách tham khảo Toán 12 + Vật Lí 12 + Hóa Học 12 (Theo chương trình GDPT mới) HAB,Sách tham khảo,37,0.007768982095490717,37,0.007768982095490717,0.0,False
277977062,Sách - Học Tốt Toán 9,Sách tham khảo,15,0.0003816793893129771,15,0.0003816793893129771,0.0,False
277519792,STEM Hóa Học – Cuốn Sổ Tay Ma Thuật - Giúp bạn hiểu sau về kiến thức Hóa học phổ thông,Sách tham khảo,18,0.0003816793893129771,18,0.0003816793893129771,0.0,False
277354461,Sách - Cẩm Nang Chứng Minh Ba Điểm Thẳng Hàng + Cẩm Nang Vẽ Thêm Hình Phụ Trong Giải Toán Hình Học Phẳng - Combo 2 Cuốn - Khang Việt Book,Sách tham khảo,0,0.021726190476190475,0,0.021726190476190475,0.0,False
277253316,Sách - Giáo trình Cơ học lượng tử #huongbook,Sách tham khảo,0,0.0,0,0.0,0.0,False
276700531,Sách - Bồi dưỡng Toán lớp 4 tập 2 (Kết nối tri thức với cuộc sống) #huongbook,Sách tham khảo,0,0.0,0,0.0,0.0,False
276522314,Củng Cố Và Ôn Luyện Toán 6 - Tập 1,Sách tham khảo,15,0.0003816793893129771,15,0.0003816793893129771,0.0,False
275540832,Đề kiểm tra tiếng anh 9 - Kết nối tri thức - Global success,Sách tham khảo,0,0.0,0,0.0,0.0,False
275041130,Bài Tập Tiếng Anh 8 - Có Đáp Án (Dùng Kèm SGK Tiếng Anh 8 Global Success),Sách tham khảo,1,0.0,1,0.0,0.0,False
273357032,Sách GLOBAL SUCCESS - Bài Tập Tiếng Anh Lớp 8 (Không đáp án),Sách tham khảo,30,0.4171500233578131,35,0.5260129354654264,0.10886291210761329,True
273128577,Sách - Combo Bồi Dưỡng Ngữ Văn 6 (Tập 1 + Tập 2) Bộ Kết Nối,Sách tham khảo,0,0.0,0,0.0,0.0,False
272437889,Vở Luyện Viết Chính Tả Lớp 1 - Âm - Vần - Đoạn - Chữ Hoa,Sách tham khảo,5,0.0003816793893129771,5,0.0003816793893129771,0.0,False
272035234,Bài Tập Bổ Trợ Nâng Cao Tiếng Anh Lớp 1,Sách tham khảo,7,0.1911619555665696,35,0.550354148879882,0.3591921933133124,True
270989435,Bài Tập Phát Triển Năng Lực Tiếng Anh (Dùng Kèm Global Success),Sách tham khảo,0,0.0,0,0.0,0.0,False
270769364,COMBO SÁCH Giải tích vectơ + Bài tập giải tích vectơ,Sách tham khảo,0,0.0,0,0.0,0.0,False
270706384,Hello Chào Lớp 1 - Làm Quen Tiếng Anh,Sách tham khảo,0,0.012340425531914894,0,0.012340425531914894,0.0,False
263625779,Vở Ô Li Bài Tập Toán Lớp 4 - Quyển 2 (Dùng Chung Cho Các Bộ SGK Hiện Hành)_HA,Sách tham khảo,0,0.0,0,0.0,0.0,False
263560084,Sổ Tay Sửa Lỗi Hành Văn (Tái bản năm 2021),Sách tham khảo,40,0.0025125718390804595,40,0.0025125718390804595,0.0,False
262802863,Sách - Combo Luyện tập toán lớp 4 tập 1 + 2 ( Kết Nối Tri Thức Và Cuộc Sống ),Sách tham khảo,0,0.0,0,0.0,0.0,False
262061626,Sách - Combo Vở Bài Tập Nâng Cao Toán Lớp 4 (Bám Sát SGK Kết Nối Tri Thức Với Cuộc Sống -Bộ 2 Cuốn),Sách tham khảo,27,0.4999271957530983,35,0.5596563780852598,0.05972918233216151,True
222657896,Giải Bài Tập Và Học Tốt Toán 6 Tập 2 (Theo Sách Giáo Khoa Kết Nối Tri Thức Với Cuộc Sống),Sách tham khảo,29,0.4549410755526509,35,0.5349393846212076,0.0799983090685567,True
216967835,Combo Luyện Thi Vào Lớp 10 Chuyên Môn Sinh Học + Bồi Dưỡng Học Sinh Giỏi Sinh Học 9 + Bộ Đề Thi Chuyên Sinh Học 9,Sách tham khảo,40,0.5438680471402675,30,0.7434545190020933,0.19958647186182576,True
214841265,Sách Từ vựng Tiếng Anh nâng cao 7,Sách tham khảo,19,0.223194947531018,35,0.4872927323065646,0.2640977847755466,True
205685138,Bộ Đề Luyện Thi THPT Môn Tiếng Anh (2022),Sách tham khảo,15,0.0003816793893129771,15,0.0003816793893129771,0.0,False
195649282,Sách HBR Onpoint 2021: Quản Lý Rủi Ro,Sách tham khảo,35,0.5903084794124169,35,0.5903084794124169,0.0,False
191683474,Toán 7 Và Các Bài Toán Thực Tế - Tập 2,Sách tham khảo,30,0.44511545179613615,35,0.5349393846212076,0.08982393282507145,True
186880675,Sách Thế Chiến Thứ Hai,Sách tham khảo,23,0.7389767324339602,23,0.7389767324339602,0.0,False
113353487,Sách Flashcard Vui Học Hóa: Nguyên Tố - Hợp Chất Hóa Học,Sách tham khảo,21,0.42181652358817245,35,0.4872927323065646,0.06547620871839216,True
94887223,Chuyên đề bồi dưỡng học sinh giỏi Vật lí 8,Sách tham khảo,36,0.7986409186561596,36,0.7986409186561596,0.0,False
83470236,Trắc nghiệm toán 9 Đáp án - lời giải chi tiết,Sách tham khảo,0,0.154129760521379,35,0.5903084794124169,0.43617871889103793,True
71663463,Combo Bồi Dưỡng Học Sinh Giỏi Vật Lí 10 - 11 - 12,Sách tham khảo,35,0.6481170500091218,35,0.6481170500091218,0.0,False
279258529,Sách Global Success - Bộ đề kiểm tra tiếng anh lớp 5 tập 2 (Có đáp án),Sách tham khảo,31,0.0005379293893129771,31,0.0005379293893129771,0.0,False
279213777,"Chill Cùng Logistics - Học Không Áp Lực, Làm Cực Mát Tay - Halogi - Alpha Books",Sách tham khảo,32,0.006165501165501166,32,0.006165501165501166,0.0,False
279209802,Sách - Combo Chuyên Đề Bồi Dưỡng Học Sinh Giỏi Và Ôn Thi Vào Lớp 10 Chuyên Hóa (2 Cuốn),Sách tham khảo,25,0.0028321678321678325,25,0.0028321678321678325,0.0,False
278969071,Sách - 60 Đề Minh Họa Tốt Nghiệp THPT 2026 - Môn Toán,Sách tham khảo,20,0.24341967585421384,35,0.5860006830421206,0.34258100718790674,True
278700030,Academy Stars Pupil’s Book + Workbook 2 - Sách học tiếng Anh cho trẻ chuẩn Cambridge,Sách tham khảo,12,0.09454695111980867,35,0.26609058405918323,0.17154363293937458,True
278698586,Sách Sổ Tay Kiến Thức Toán Văn Anh THCS,Sách tham khảo,19,0.0003816793893129771,19,0.0003816793893129771,0.0,False
278698571,Sách 250 Bài Toán Chọn Lọc Lớp 4,Sách tham khảo,24,0.004771823004581626,24,0.004771823004581626,0.0,False
278038562,Combo Phiếu Ôn Hè Toán - Tiếng Việt - Tiếng Anh Lớp 1 (3 Cuốn),Sách tham khảo,28,0.014238417832167831,28,0.014238417832167831,0.0,False
278000785,Combo Bổ trợ Tiếng Việt bài tập cơ bản và nâng cao lớp 3 (2 Tập),Sách tham khảo,25,0.0029944114848036935,25,0.0029944114848036935,0.0,False
277941193,Bài Tập Cơ Bản và Nâng Cao Khoa Học Tự Nhiên 8,Sách tham khảo,0,0.0,0,0.0,0.0,False
277837405,Python: Thuật toán & Cấu trúc dữ liệu. Bài tập và lời giải. Volume 2,Sách tham khảo,0,0.3717969683625701,35,0.5175808049105403,0.14578383654797017,True
276841064,Combo Vở bài tập Toán tăng cường lớp 4 (2 Tập) (Theo sách giáo khoa kết nối tri thức với cuộc sống),Sách tham khảo,21,0.3977533394301476,35,0.537066291581165,0.1393129521510174,True
276331293,Sách Tiếng Anh 3 - Global Success - Tập 1+2- Sách Bài Học,Sách tham khảo,0,0.09039862625502604,35,0.22556362788852674,0.1351650016335007,True
276309628,Big 4 - Bộ Đề Tự Kiểm Tra 4 Kỹ Năng Nghe-Nói-Đọc-Viết Tiếng Anh Lớp 4 - Tập 1 (Cơ Bản Và Nâng Cao),Sách tham khảo,0,0.0,0,0.0,0.0,False
275401492,Sách - 500 Bài Tập Vật Lí THCS (dùng chung cho các bộ sgk hiện hành),Sách tham khảo,0,0.1432025035905707,35,0.26507816510558785,0.12187566151501714,True
275268390,Sách Takenote Khoa học tự nhiên Lý - Hóa - Sinh Lớp 7,Sách tham khảo,24,0.7766767518946991,35,0.8358268115782599,0.059150059683560796,True
275173615,"Sách - Bồi Dưỡng Học Sinh Giỏi Địa Lí 9 - Theo chương trình GDPT 2018, chỉnh sửa 2025 - ndbooks",Sách tham khảo,0,0.5112945612679887,35,0.8591062451046122,0.34781168383662353,True
275169902,Sách - Luyện chuyên sâu bộ đề thi tiếng anh vào lớp 6,Sách tham khảo,30,0.0005379293893129771,30,0.0005379293893129771,0.0,False
270875698,Sách: Combo 2 Cuốn Toán Nâng Cao Lớp 4,Sách tham khảo,25,0.4429182717397667,35,0.5526308866969769,0.10971261495721019,True
270854004,Sách Toán nâng cao và bồi dưỡng học sinh giỏi lớp 5 - Nâng cao kiến thức ngoài chương trình trên lớp,Sách tham khảo,23,0.5363243071422426,25,0.5868248527420963,0.05050054559985373,True
270004702,Bồi dưỡng học sinh giỏi Hóa học 8 theo chuyên đề (dùng chung cho các bộ SGK hiện hành),Sách tham khảo,40,0.004435648762157383,40,0.004435648762157383,0.0,False
263970973,Bí kíp làm văn - Dành cho học sinh lớp 2 - 3 - 4,Sách tham khảo,5,0.13173861565224068,35,0.5390679347109972,0.4073293190587566,True
207852942,Sách HORRIBLE SCIENCE: TOÁN HỌC ĐỘC ĐÁO VÔ CÙNG (Tập 2),Sách tham khảo,22,0.5093425506776811,25,0.571651123928537,0.062308573250855925,True
200780730,Sách Ngữ Pháp Tiếng Anh Nâng Cao Lớp 6 Tập 1 (Global),Sách tham khảo,30,0.4013021328148265,35,0.4872927323065646,0.0859905994917381,True
195649281,Sách Đọc Vị Tâm Lý Hành Vi Của Giới Giàu Và Siêu Giàu,Sách tham khảo,29,0.6660098609892011,30,0.7271110601765429,0.061101199187341804,True
194819040,Đề Ôn Tập Từ Vựng Và Cấu Trúc Tiếng Anh Lớp 3,Sách tham khảo,13,0.21621487169023154,35,0.5739850450759456,0.35777017338571404,True
193450821,Sách Đề ôn tập từ vựng và cấu trúc tiếng Anh lớp 3,Sách tham khảo,27,0.4662127796136821,35,0.5269036703354932,0.06069089072181111,True
193450820,Sách Đề ôn tập từ vựng và cấu trúc tiếng Anh lớp 2,Sách tham khảo,20,0.13545073652240253,35,0.293808977146216,0.15835824062381348,True
186880669,Sách Phi Lý Một Cách Hợp Lý ( Tái bản),Sách tham khảo,33,0.3170450151581946,33,0.3170450151581946,0.0,False
183058543,Sách OSHO - Trưởng Thành,Sách tham khảo,26,0.4465236789970462,35,0.526679602132093,0.08015592313504677,True
160691037,Sách Bài Tập Phát Âm Trọng Âm Tiếng Anh (Ôn Thi Vào Lớp 10 Và 10 Chuyên),Sách tham khảo,29,0.6403817132727646,29,0.6403817132727646,0.0,False
147988188,Combo 5 Cuốn: Phiếu Luyện Toán Tư Duy Cùng Gấu Kiki,Sách tham khảo,21,0.7025719209219926,30,0.7843008776278235,0.08172895670583091,True
110181080,Ôn Hè Toán 2 (Dành Cho Học Sinh Lớp 2 Lên Lớp 3),Sách tham khảo,30,0.21027120364680363,0,0.31512760266738926,0.10485639902058563,True
91906733,"TUYỂN CHỌN NHỮNG BÀI VĂN ĐẠT GIẢI CẤP TỈNH, THÀNH PHỐ VÀ QUỐC GIA TRUNG HỌC CƠ SỞ ",Sách tham khảo,36,0.605604335656286,36,0.605604335656286,0.0,False
68456842,Sách Bài Tập Tiếng Anh 8 - Không Đáp Án,Sách tham khảo,30,0.5624719522235462,30,0.5624719522235462,0.0,False
59077209,Combo 22 chuyên đề hay và khó bồi dưỡng học sinh giỏi hóa học THCS ( Tập 1 + 2 ) Phiên bản mới nhất,Sách tham khảo,26,0.7515459192323733,26,0.7515459192323733,0.0,False
51845988,Sách Chinh Phục Đề Thi Vào Lớp 6 Trường THCS Chất Lượng Cao Môn Tiếng Anh,Sách tham khảo,30,0.8381823955318819,30,0.8381823955318819,0.0,False
20702590,Sách Bồi Dưỡng Học Sinh Giỏi Sinh Học 9,Sách tham khảo,40,0.7276660053949016,35,0.8538406412343571,0.12617463583945554,True
4077693,Sách Bài Tập Trắc Nghiệm Tiếng Anh 11 (Không Đáp Án),Sách tham khảo,27,0.654446606648252,27,0.654446606648252,0.0,False
469651,Sách Công Phá Đề Thi Học Sinh Giỏi Chuyên Đề Toán Rời Rạc Và Tổ Hợp (2015),Sách tham khảo,36,0.5772068180322215,36,0.5772068180322215,0.0,False
279273574,Sách - Tăng Tốc 9+ Ôn Thi Vào Lớp 10 Môn Ngữ Văn,Sách tham khảo,0,0.0,0,0.0,0.0,False
279269734,Sách - Chiến Thắng Kì Thi 9 Vào 10 Chuyên Vật Lý - Tập 3,Sách tham khảo,22,0.0,22,0.0,0.0,False
279237290,"Sách - Hướng Dân Ôn Thi Tuyển Sinh Và Luyện Đề Thực Tế Vào 10 Môn Toán, Ngữ Văn, Tiếng Anh Mới Nhất (2026)",Sách tham khảo,18,0.4857807723670106,35,0.8109416651457453,0.32516089277873467,True
279212047,Sách - Đề Ôn Thi Tuyển Sinh 10 - Môn Ngữ Văn,Sách tham khảo,18,0.13310322676772526,35,0.30338490617949154,0.17028167941176628,True
278890366,Sách 30 Đề Luyện Thi Tốt Nghiệp 2026 Môn Toán,Sách tham khảo,30,0.4015761494272879,35,0.5339568235998862,0.13238067417259824,True
278685096,"Sách Đánh Vần Và Tập Đọc Tiếng Việt Theo Sơ Đồ Tư Duy - Dạy Bé Tập Đánh Vần, Tập Đọc Nhàn Tênh, Con Hiểu Nhanh, Nhớ Lâu",Sách tham khảo,32,0.0005379293893129771,32,0.0005379293893129771,0.0,False
278325407,Sách - Bồi Dưỡng Học Sinh Giỏi Hóa Học Theo Chuyên Đề - HA,Sách tham khảo,40,0.004435648762157383,40,0.004435648762157383,0.0,False
278020740,Sách - Ứng Dụng Trí Tuệ Nhân Tạo AI Trong Dạy Và Học Môn Khoa Học Tự Nhiên,Sách tham khảo,0,0.0,0,0.0,0.0,False
278003916,Sách Bài Tập Tiếng Anh 8 - Không đáp án (Dùng kèm SGK Tiếng Anh 8 Global Success),Sách tham khảo,27,0.47877771192828966,35,0.5737246150329707,0.09494690310468101,True
278001881,500 câu hỏi luyện thi Đánh giá năng lực – Đại học Quốc gia Hà Nội (Kèm đáp án - lời giải) Ngoại ngữ Tiếng Anh,Sách tham khảo,1,0.0,1,0.0,0.0,False
278000753,Combo Bổ trợ Toán bài tập cơ bản và nâng cao lớp 3 (2 Tập),Sách tham khảo,20,0.223222506545008,35,0.5301510728842993,0.30692856633929133,True
278000750,Sách Phiếu ôn hè Toán lớp 4,Sách tham khảo,22,0.5140996128245737,25,0.5868248527420963,0.07272523991752256,True
277938421,Sách Phiếu bài tập cuối tuần Tiếng Anh lớp 5,Sách tham khảo,24,0.4253253367989802,35,0.478161507873261,0.05283617107428079,True
277212490,Sách - Trò Chơi Rèn Luyện Khả Năng Tư Duy - Sân Chơi Trí Tuệ Của Chim Đa Đa - NXB Phụ Nữ,Sách tham khảo,0,0.002340425531914894,0,0.002340425531914894,0.0,False
276641617,Combo Bộ đề ôn luyện và kiểm tra Toán và Tiếng Việt lớp 3 (4 Cuốn),Sách tham khảo,24,0.20188878655052275,35,0.2637193719379711,0.06183058538744837,True
276641607,Combo Bộ đề ôn luyện và kiểm tra Toán lớp 3 (2 Tập),Sách tham khảo,27,0.0005379293893129771,27,0.0005379293893129771,0.0,False
276562329,Sách - Từ vựng luyện thi IELTS,Sách tham khảo,33,0.018049241606507546,33,0.018049241606507546,0.0,False
275137790,Ôn Hè Toán 4 - Dành Cho Học Sinh Lớp 4 Lên Lớp 5,Sách tham khảo,15,0.007381679389312977,15,0.007381679389312977,0.0,False
275056158,Sách - Bồi dưỡng học sinh giỏi Hoá học 9 theo chuyên đề ( Dùng chung cho các bộ SGK hiện hành ),Sách tham khảo,33,0.734611715759105,33,0.734611715759105,0.0,False
274086559,Sách - Bồi Dưỡng Học Sinh Giỏi Khoa Học Tự Nhiên 8 - Biên soạn theo chương trình GDPT mới - ndbooks,Sách tham khảo,0,0.40388308738313794,30,0.781671071209841,0.3777879838267031,True
273125913,Sách: Combo 2 Cuốn Lớp 5: Đề Ôn Luyện Và Tự Kiểm Tra + Bài Tập Trắc Nghiệm Và Đề Tự Kiểm Tra Toán,Sách tham khảo,25,0.37113150296481784,35,0.5351731496601606,0.16404164669534277,True
272731610,"Combo Phiếu Bài Tập Cuối Tuần Toán, Tiếng Việt, Tiếng Anh Lớp 2 (Global)",Sách tham khảo,25,0.0028321678321678325,25,0.0028321678321678325,0.0,False
272731603,Sách Bồi dưỡng và nâng cao kỹ năng đọc hiểu Ngữ Văn 6,Sách tham khảo,30,0.5452554927223001,35,0.6083841466562077,0.06312865393390754,True
271341017,Sách - Combo nâng cao và phát triển toán 11 - tập 1 + 2,Sách tham khảo,0,0.0,0,0.0,0.0,False
254410808,ComBo Bồi Dưỡng Học Sinh Giỏi Hoá Học 11 Theo Chuyên Đề Hoá Hữu Cơ + Vô Cơ ( 2 Tập - Dùng Chung Cho Các Bộ SGK Hiện Hành),Sách tham khảo,37,0.21039887902508694,37,0.21039887902508694,0.0,False
252877153,Sách - Bài Tập Nâng Cao Và Một Số Chuyên Đề Toán 9,Sách tham khảo,0,0.0,0,0.0,0.0,False
208559490,Sách Giải Thích Và Ôn Luyện Chuyên Đề Tiếng Anh Thi Vào Lớp 6 Trường THCS Chất Lượng Cao,Sách tham khảo,30,0.48112256573411666,35,0.558354148879882,0.07723158314576534,True
207852922,Sách HORRIBLE SCIENCE: TOÁN HỌC ĐỘC ĐÁO VÔ CÙNG (Tập 1),Sách tham khảo,20,0.4135951052763715,25,0.5679340186653791,0.15433891338900757,True
198342226,Sách Luyện chuyên sâu ngữ pháp và bài tập tiếng Anh 6 tập 2 (Global),Sách tham khảo,34,0.820071595592365,34,0.820071595592365,0.0,False
195623876,Sách Luyện tập làm văn lớp 3 B25,Sách tham khảo,31,0.4937316915194752,25,0.5768215523096131,0.08308986079013786,True
195623857,Sách Tự học - Nâng cao kiến thức Toán 8 B155,Sách tham khảo,32,0.7792171704571039,32,0.7792171704571039,0.0,False
189940677,Sách Luật Trí Não (Tái bản),Sách tham khảo,32,0.36250289242598044,32,0.36250289242598044,0.0,False
165989508,Sách Bộ Đề Kiểm Tra Tiếng Anh Lớp 6 (Theo CT Mới Của Bộ GD&ĐT),Sách tham khảo,23,0.5057647915730771,23,0.5057647915730771,0.0,False
165659884,Sách BABOK v3 - phiên bản tiếng Việt (Hướng dẫn kiến thức cốt lõi phân tích nghiệp vụ),Sách tham khảo,0,0.6365058983976819,30,0.768005216796539,0.1314993183988571,True
152740756,Sách Bộ đề kiểm tra tiếng Anh 7 (Chương Trình Thí Điểm),Sách tham khảo,31,0.6046177347903933,31,0.6046177347903933,0.0,False
108201883,Combo Ôn hè Toán và Tiếng Việt 4,Sách tham khảo,0,0.17969431372260303,35,0.5594642858347842,0.3797699721121812,True
68580163,Sách Sổ Tay Học Nhanh Toàn Diện Kiến Thức Và Dạng Bài Hóa Học Lớp 10 - 11 - 12,Sách tham khảo,30,0.8381823955318819,30,0.8381823955318819,0.0,False
55799127,"Chuyên đề bồi dưỡng học sinh khá, giỏi Toán THCS Phần Số Học  ",Sách tham khảo,32,0.804424127459222,32,0.804424127459222,0.0,False
33030566,Sách Chuyên Đề Bồi Dưỡng Học Sinh Giỏi Đa Thức,Sách tham khảo,36,0.7936350042802712,36,0.7936350042802712,0.0,False
7953303,Sách Tổng Hợp Chuyên Đề Trọng Tâm Thi Vào Lớp 10 Chuyên Và Học Sinh Giỏi - Đại Số 9,Sách tham khảo,33,0.7574572735960757,33,0.7574572735960757,0.0,False
278969091,Sách - 100 Đề Minh Họa Thi Vào 10 - Môn Toán,Sách tham khảo,22,0.31499039028404296,35,0.5840520934589878,0.2690617031749448,True
278722292,Sách - 90 Ngày Ôn Hè Toán 5 (Dành Cho Học Sinh Lớp 5 Lên Lớp 6),Sách tham khảo,10,0.000881679389312977,10,0.000881679389312977,0.0,False
278698427,Academy Stars Pupil’s Book + Workbook - Sách học tiếng Anh cho trẻ chuẩn Cambridge,Sách tham khảo,12,0.000881679389312977,12,0.000881679389312977,0.0,False
278617392,Sách - 250+ Bài Toán Chọn Lọc Lớp 6,Sách tham khảo,23,0.0009090909090909091,23,0.0009090909090909091,0.0,False
278038581,Sách Phiếu Ôn Hè Tiếng Anh Lớp 1,Sách tham khảo,22,0.0010713345617267703,22,0.0010713345617267703,0.0,False
278029123,Sách Chinh Phục Ngữ Văn - Kỹ Năng Đọc Hiểu Và Viết Theo Các Thể Loại Lớp 6,Sách tham khảo,20,0.2653554462385779,35,0.5344385543548875,0.26908310811630964,True
277916703,Sách - Combo Bộ Đề Ôn Tập Hè Tiếng Việt Lớp 3 Lên Lớp 4 và Vui Học Toán Hè Lớp 3 Lên Lớp 4,Sách tham khảo,0,0.0,0,0.0,0.0,False
277348521,Combo Luyện chuyên sâu ngữ pháp và bài tập tiếng anh Lớp 9 (2 Tập) (Global),Sách tham khảo,21,0.345366684282983,35,0.5351273477586548,0.18976066347567178,True
276923151,Sách - Bài Tập Tiếng Anh 9 - Không Đáp Án (Dùng Kèm SGK Global Success),Sách tham khảo,15,0.0003816793893129771,15,0.0003816793893129771,0.0,False
276861603,Sách Combo Chinh phục đề thi vào lớp 6 trường THCS Chất lượng cao môn Toán - Anh - Tiếng Việt -MG ,Sách tham khảo,0,0.021726190476190475,0,0.021726190476190475,0.0,False
276841378,Sách Sổ tay kiến thức - phương pháp - dạng bài Khoa học tự nhiên Lý - Hóa - Sinh 7,Sách tham khảo,33,0.3908874560461678,35,0.497693226307976,0.10680577026180821,True
276462537,Sách - Bồi Dưỡng Học Sinh Giỏi Lịch Sử 12 (Theo chương trình GDPT mới) - ndbooks,Sách tham khảo,0,0.14294386231547354,35,0.542649628773923,0.39970576645844946,True
276411405,Sách - 250 Bài Toán Chọn Lọc lớp 5,Sách tham khảo,23,0.40140051617163236,35,0.57643470215464,0.17503418598300763,True
276398270,Công ty thông thái - Bí quyết đổi mới không ngừng,Sách tham khảo,0,0.365110747289718,35,0.6581170500091218,0.2930063027194038,True
275798544,Bài tập tiếng Anh lớp 9 Global Success Kết nối tri thức 4 kỹ năng Có đáp án  – ThS. Lê Vy – Ngoại ngữ Vivian,Sách tham khảo,17,0.4042993167805962,30,0.7745594068298987,0.37026009004930244,True
275337182,Sách - Tuyển chọn đề thi học sinh giỏi lớp 8 môn toán,Sách tham khảo,0,0.0,0,0.0,0.0,False
275192736,Sách - Để học tốt Ngữ Văn 9 - tập 2 (Kết Nối),Sách tham khảo,0,0.0,0,0.0,0.0,False
274069418,Sách Luyện chuyên sâu ngữ pháp và bài tập tiếng Anh 3 - tập 1 (Global),Sách tham khảo,19,0.22402291012559505,35,0.5269036703354932,0.3028807602098982,True
273925714,Sách - Củng Cố và Ôn Luyện Khoa Học Tự Nhiên Lớp 8 - Dùng chung cho các bộ SGK hiện hành - ndbooks,Sách tham khảo,0,0.13624349165158164,35,0.25719177453537373,0.12094828288379209,True
273085451,Luyện Chuyên Sâu Ngữ Pháp Và Từ Vựng Tiếng Anh Lớp 4 - Tập 2,Sách tham khảo,13,0.21621487169023154,35,0.5739850450759456,0.35777017338571404,True
270224489,Phiếu Ôn Hè Tiếng Việt Lớp 3,Sách tham khảo,0,0.0,0,0.0,0.0,False
263583132,Bài Tập Tiếng Anh 8 ( Theo chương trình GDPT Mới - Kết Nối Tri Thức -Tặng File Đáp Án),Sách tham khảo,33,0.38864866483828664,35,0.5103455685186477,0.12169690368036101,True
262391569,Sách sổ tay Business Analyst,Sách tham khảo,0,0.1458491661155142,35,0.5507850149190847,0.4049358488035705,True
252760970,Sách Big 4 bộ đề tự kiểm tra 4 kỹ năng Nghe - Nói - Đọc - Viết tiếng Anh (cơ bản và nâng cao) lớp 7 tập 1 (Global),Sách tham khảo,33,0.8024742482450179,33,0.8024742482450179,0.0,False
206491163,Sách Từ Vựng Tiếng Anh Nâng Cao 6,Sách tham khảo,29,0.48453855948592867,35,0.5370013572203544,0.05246279773442569,True
203770410,Sách Luyện giải bộ đề bồi dưỡng học sinh giỏi tiếng anh lớp 11,Sách tham khảo,26,0.8328206191197762,26,0.8328206191197762,0.0,False
198120959,Sách: Toán Nâng Cao & Bồi Dưỡng Học Sinh Giỏi Lớp 3 - TB,Sách tham khảo,25,0.6431302361772265,25,0.6431302361772265,0.0,False
194098866,Sách Rèn Kỹ Năng Giải Các Dạng Bài Toán (Cơ bản và Nâng cao) Lớp 6 - Tập 2,Sách tham khảo,24,0.484206287545657,35,0.5787273725494269,0.09452108500376988,True
186880673,Sách Hackers Toeic Start Reading ( Tái bản),Sách tham khảo,30,0.7683096269251095,30,0.7683096269251095,0.0,False
175146845,Sách Trọng Tâm Kiến Thức Tiếng Anh Luyện Thi Vào Lớp 6 Tập 1 (Không Đáp Án),Sách tham khảo,33,0.8354103194157324,33,0.8354103194157324,0.0,False
164823057,Sách Hóa học nâng cao bồi dưỡng học sinh giỏi các lớp 8 -9,Sách tham khảo,35,0.258983610812195,35,0.258983610812195,0.0,False
163739117,Bài Tập Tiếng Anh Lớp 6 (Không Đáp Án) (Sách Màu),Sách tham khảo,13,0.20011636543612316,35,0.532042818400108,0.3319264529639849,True
106599960,"Ôn hè tiếng việt lớp 2 , dành cho học sinh lớp 2 lên lớp 3",Sách tham khảo,30,0.21027120364680363,0,0.31512760266738926,0.10485639902058563,True
73280951,Sách Phát Triển Tư Duy Toán 3,Sách tham khảo,15,0.2855611849819478,25,0.571651123928537,0.2860899389465892,True
46253839,Sách Bài Tập Tiếng Anh Lớp 8 - Tập 2,Sách tham khảo,27,0.8581789558931427,27,0.8581789558931427,0.0,False
32647682,Sách Chuyên Khảo Phương Trình Hàm,Sách tham khảo,0,0.1538463224947205,35,0.5903084794124169,0.4364621569176964,True
32219761,Sổ Tay Toán Cấp 2,Sách tham khảo,15,0.5799785343322249,35,0.8185636953480205,0.23858516101579563,True
28727743,Sách All In One - Hóa Học Trung Học Phổ Thông,Sách tham khảo,23,0.7427847513612501,30,0.8061831719103522,0.06339842054910205,True
25204531,Sách Hành Trang Giúp Con Tự Tin Vào Lớp 1 - Quyển 2: Cùng Con Học Toán,Sách tham khảo,14,0.5688025795550044,25,0.7530499843563515,0.18424740480134716,True
14504542,Sách Tổng Ôn Tập Đề Thi Olympic 30 Tháng 4 Tiếng Anh 11,Sách tham khảo,25,0.39474783244141115,35,0.4971257944370442,0.10237796199563304,True
279415275,Bài Tập Cơ Bản và Nâng Cao Khoa Học Tự Nhiên 7,Sách tham khảo,0,0.0,0,0.0,0.0,False
279106097,Đề ôn luyện và tự kiểm tra Toán Lớp 4,Sách tham khảo,16,0.0003816793893129771,16,0.0003816793893129771,0.0,False
279005777,"Sách - P.H.A.O Toán Ôn Luyện Thi Tốt Nghiệp THPT, ĐGNL",Sách tham khảo,1,0.16855295871722362,35,0.581279228918637,0.4127262702014134,True
278871254,Sách - 30 Năm Đề Thi Tuyển Sinh Vào Lớp 10 Phổ Thông Năng Khiếu Môn Toán (1996 - 2025) - HA2,Sách tham khảo,40,0.005941143267651888,40,0.005941143267651888,0.0,False
278803489,Bài Tập Thực Hành Tiếng Anh 6 - Mai Lan Hương,Sách tham khảo,0,0.0,0,0.0,0.0,False
278450719,Sách - Bất Đẳng Thức Trong Các Bài Toàn Thực Tế - Dành cho học sinh Trung Học Cơ Sở,Sách tham khảo,0,0.0,0,0.0,0.0,False
278008325, Sách - BÍ KÍP ÔN THI CHUYÊN TOÁN (Tập 1 + Tập 2) tùy chọn,Sách tham khảo,0,0.0,30,0.05616550116550116,0.05616550116550116,True
278003906,Sách Đề Thi Tuyển Sinh Vào Lớp 10 Môn Tiếng Anh,Sách tham khảo,27,0.0005379293893129771,27,0.0005379293893129771,0.0,False
277827037,Sổ Tay Sinh Học Cấp 3- All In One (Cập Nhật Chương Trình SGK Mới),Sách tham khảo,12,0.13534231193092525,35,0.5400679347109972,0.40472562278007196,True
277729617,Sách Câu Hỏi Trắc Nghiệm Tiếng Anh - Vĩnh Bá (Bộ 6 Cuốn),Sách tham khảo,40,0.005941143267651888,40,0.005941143267651888,0.0,False
277212119,Sách - 100 Từ Pháp - Việt Đầu Tiên - NXB Phụ Nữ,Sách tham khảo,0,0.0,0,0.0,0.0,False
276897648,"Đề Luyện Thi Tốt Nghiệp THPT Môn Tiếng Anh - Theo Định Dạng Đề Thi Từ 2025 (Trần Thanh Hương, Hoàng Thị Hồng Nhung)",Sách tham khảo,15,0.0,15,0.0,0.0,False
276260529,Sách - Bài tập phát triển năng lực Tiếng Anh Lớp 2,Sách tham khảo,0,0.0,0,0.0,0.0,False
275906170,Luyện viết chữ từ vựng Tiếng anh theo chương trình sách giáo khoa 4,Sách tham khảo,20,0.3846737718097152,25,0.5742559942984601,0.1895822224887449,True
275215416,Sách - Bồi dưỡng năng lực tự học toán lớp 9,Sách tham khảo,0,0.0,0,0.0,0.0,False
275000961,Global Success - Chinh Phục Ngữ Pháp Và Bài Tập Tiếng Anh Lớp 4 - Tập 2 (Có Đáp Án),Sách tham khảo,13,0.000881679389312977,13,0.000881679389312977,0.0,False
273314638,Đề Thi Olympic 30 Tháng 4 Tiếng Anh (HA),Sách tham khảo,25,0.0028321678321678325,25,0.0028321678321678325,0.0,False
273059033,Sách English Grammar For Kids - Ngữ pháp tiếng anh tiểu học tập 1 (Có đáp án) - Tái bản,Sách tham khảo,30,0.4761165521326298,35,0.571494819512036,0.09537826737940613,True
271517181,Sách Học tốt Tiếng Anh 11,Sách tham khảo,31,0.4594514222714176,35,0.5793765646420052,0.11992514237058755,True
270699980,Vở Luyện Viết Lớp 2 - Tập 1 (Chân Trời Sáng Tạo),Sách tham khảo,17,0.28183675559840304,25,0.5711464117557656,0.2893096561573626,True
270224621,Phiếu Ôn Hè Tiếng Việt Lớp 1,Sách tham khảo,0,0.0,0,0.0,0.0,False
263206678,Bảng Hệ Thống Tuần Hoàn Các Nguyên Tố Hóa Học,Sách tham khảo,0,0.3776242759238268,25,0.6811176028526618,0.30349332692883496,True
263107227,Sách Giải thích và ôn luyện Vật Lý 10,Sách tham khảo,30,0.49573799405890967,35,0.5787273725494269,0.08298937849051718,True
216090622,Sách GLOBAL SUCCESS - Vở bài tập tiếng anh lớp 6 tập 2 (có đáp án),Sách tham khảo,32,0.34600873647073355,35,0.4741999694117226,0.12819123294098905,True
199515649,Sách: Tuyển Chọn Đề Ôn Luyện Và Tự Kiểm Tra Toán Lớp 1,Sách tham khảo,25,0.5323605873708156,25,0.5323605873708156,0.0,False
197636440,Sách Renoir Cuộc Đời Và Tác Phẩm Qua 500 Hình Ảnh,Sách tham khảo,31,0.5877663019145034,35,0.6581170500091218,0.07035074809461839,True
195797760,Sách Phiếu bài tập cuối tuần Toán 2,Sách tham khảo,20,0.2836922049733061,35,0.4872927323065646,0.2036005273332585,True
159035362,Sách Cẩm Nang Ôn Luyện Tiếng Anh Luyện Thi Vào Lớp 10,Sách tham khảo,0,0.28651322150771635,35,0.5153398377179784,0.22882661621026207,True
145371284,Sách Bài Tập Hoàn Thành Câu Tiếng Anh (Ôn Thi Vào 10 Và 10 Chuyên),Sách tham khảo,33,0.6097625569492535,25,0.6641481074154174,0.05438555046616389,True
108261348,Sách Tự Rèn Kỹ Năng Đọc Hiểu Cho Học Sinh Tiểu Học T1,Sách tham khảo,36,0.5262623292359778,36,0.5262623292359778,0.0,False
84263052,Sách Toán Tiểu Học Tương Tác - Kỳ Thú Phân Số Và Số Thập Phân,Sách tham khảo,14,0.3207877500670252,35,0.5737246150329707,0.2529368649659455,True
71052599,Sách Chinh Phục Kỳ Thi Trung Học Phổ Thông Quốc Gia: Lý - Hóa - Sinh,Sách tham khảo,54,0.21469605483354384,35,0.5701284353458383,0.35543238051229453,True
61384902,COMBO TÀI LIỆU BỒI DƯỠNG HỌC SINH GIỎI TOÁN THCS CÁC CHUYÊN ĐỀ HÌNH HỌC 9 ( TẬP 1 + 2 ),Sách tham khảo,36,0.6093385152324077,36,0.6093385152324077,0.0,False
57905701,Sách Phát Triển Kỹ Năng Tư Duy Phản Biện – Lớp 4,Sách tham khảo,34,0.5683424534148277,34,0.5683424534148277,0.0,False
56750666,Hiện Đại Và Động Thái – Quyển 5,Sách tham khảo,0,0.19152623468501628,35,0.6324669999658962,0.4409407652808799,True
36607378,Sách Toán Nâng Cao Và Bồi Dưỡng Học Sinh Giỏi Lớp 5 (Tái Bản),Sách tham khảo,25,0.6223995501965406,25,0.6223995501965406,0.0,False
14166636,Sách Phương Pháp Tư Duy Sáng Tạo Trong Giải Nhanh Bồi Dưỡng Học Sinh Giỏi Vật Lí Lớp 10 ( Tập 2 ),Sách tham khảo,34,0.7502433520289429,34,0.7502433520289429,0.0,False
4077687,Sách Bài Tập Trắc Nghiệm Tiếng Anh 9 (Có Đáp Án),Sách tham khảo,27,0.6319711214157278,27,0.6319711214157278,0.0,False
2040715,Sách Vẻ Đẹp Bất Đẳng Thức Trong Các Kì Thi Olympic Toán Học,Sách tham khảo,37,0.3597859939311213,35,0.5351273477586548,0.17534135382753346,True
494363,Sách Tuyệt Đỉnh Bồi Dưỡng Học Sinh Giỏi Qua Các Kì Thi Olympic Vật Lí Lớp 10 (Tập 2),Sách tham khảo,34,0.862929120474856,34,0.862929120474856,0.0,False
279416692,Combo Vở Ôn Hè Toán Và Tiếng Việt Lớp 2 - Dành Cho Học Sinh Lớp 2 Lên Lớp 3 (Theo Chương Trình SGK Mới Nhất),Sách tham khảo,25,0.0029944114848036935,25,0.0029944114848036935,0.0,False
279302253,Sách - Tăng Tốc 9+ - Ôn Thi Vào Lớp 10 Môn Ngữ Văn - Phần Nghị Luận Xã Hội Và Nghị Luận Văn Học,Sách tham khảo,18,0.0,18,0.0,0.0,False
279160414,Sách - Nâng Cao Toán Học,Sách tham khảo,17,0.0,17,0.0,0.0,False
278969832,Sách - 30 Đề Luyện Thi Tốt Nghiệp THPT 2026 - Tiếng Anh,Sách tham khảo,15,0.19684916609790062,35,0.5860006830421206,0.38915151694422,True
278862086,Sách - GLOBAL SUCCESS - Bài Tập Bổ Trợ Và Nâng Cao Tiếng Anh Lớp 7 (Có Đáp Án),Sách tham khảo,0,0.0,0,0.0,0.0,False
279419505,Sách Tiếng Anh Muôn Màu - Chọn Đúng Từ Dùng Đúng Lúc - Tác giả BS. Đỗ Trung Kiên,Ngoại ngữ từ điển,40,0.23945961043182712,20,0.3615775823185754,0.12211797188674828,True
279258106,Takenote IELTS Từ vựng theo chủ đề (Band 5.5 - 7.5),Ngoại ngữ từ điển,22,0.34736588884601827,22,0.34736588884601827,0.0,False
279236314,"Sách Giáo Trình Chuẩn HSK - Bài học và Bài Tập: HSK 1, HSK 2, HSK 3",Ngoại ngữ từ điển,17,0.18298151028152596,20,0.32899024369422475,0.1460087334126988,True
278703579,Sách Giáo Trình Hán Ngữ Phiên Bản 3 (Phân Loại Lẻ),Ngoại ngữ từ điển,26,0.24480572857266528,20,0.35794121868221174,0.11313549010954646,True
278690058,"Combo 3 Cuốn Destination Grammar & Vocabulary B1, B2, C1&C2 (Kèm Đáp Án)",Ngoại ngữ từ điển,24,0.250044501319812,20,0.3896520814143033,0.1396075800944913,True
278690049,"Sách Giáo Trình Destination Grammar & Vocabulary B1, B2, C1&C2 (Phân Loại Lẻ)",Ngoại ngữ từ điển,24,0.5456111191263018,20,0.622707557643224,0.07709643851692227,True
278684752,Giáo Trình Tiếng Hàn Tổng Hợp Dành Cho Người Việt Nam - Giáo Trình + Sách Bài Tập,Ngoại ngữ từ điển,25,0.23793374595465677,35,0.3068462157433008,0.06891246978864402,True
278638861,Sách IELTS Writing: Viết Luận “Chất Như Nước Cất”,Ngoại ngữ từ điển,36,0.28094803503117854,36,0.28094803503117854,0.0,False
278500643,Sách Động Từ Bất Quy Tắc & Ngữ Pháp Tiếng Anh Căn Bản,Ngoại ngữ từ điển,29,0.343228042271962,20,0.4214052257954412,0.07817718352347919,True
278094949,Sách Giải Thích Ngữ Pháp Tiếng Anh (Ấn Phẩm Mới),Ngoại ngữ từ điển,27,0.254435282006824,20,0.32322925993945456,0.06879397793263053,True
277914851,Bộ 3 Sách Song Ngữ: Lời thì thầm trong tổ ấm + Lời thì thầm với cha + Lời thì thầm với mẹ - Đầy Đủ File Nghe,Ngoại ngữ từ điển,33,0.37361451795042977,20,0.5659035533977831,0.19228903544735332,True
277024636,Sách Tiếng Trung dành cho học sinh trung học,Ngoại ngữ từ điển,55,0.004504776269482152,55,0.004504776269482152,0.0,False
276933759,Combo Giáo Trình Chuẩn HSK 5 Tập 1 - Sách Bài Học và Bài tập (Bộ 2 cuốn),Ngoại ngữ từ điển,20,0.4435707849330068,20,0.4435707849330068,0.0,False
276933755,Combo Giáo Trình Chuẩn HSK 4 Tập 1 - Sách Bài Học và Bài tập (Bộ 2 cuốn),Ngoại ngữ từ điển,20,0.39210798728338037,20,0.39210798728338037,0.0,False
276933752,Combo Giáo Trình Chuẩn HSK 3 - Sách Bài Học và Bài tập (Bộ 2 cuốn),Ngoại ngữ từ điển,20,0.4211776225398445,20,0.4211776225398445,0.0,False
276933751,Combo Giáo Trình Chuẩn YCT 2 - Sách Bài Học và Bài tập (Bộ 2 cuốn),Ngoại ngữ từ điển,20,0.000196078431372549,20,0.000196078431372549,0.0,False
276933748,Combo Giáo Trình Chuẩn HSK 2 - Sách Bài Học và Bài tập (Bộ 2 cuốn),Ngoại ngữ từ điển,20,0.3867798608374512,20,0.3867798608374512,0.0,False
276933744,Combo Giáo Trình Chuẩn HSK 1 - Sách Bài Học và Bài tập (Bộ 2 cuốn),Ngoại ngữ từ điển,20,0.5946442154187379,20,0.5946442154187379,0.0,False
276718105,Sách Ngữ Pháp Tiếng Anh Tối Giản dành cho người mới bắt đầu - Tác giả BS. Đỗ Trung Kiên,Ngoại ngữ từ điển,49,0.28872248304917153,20,0.38370294687467876,0.09498046382550723,True
276586971,Giáo trình tiếng Hoa đương đại - sách bài học (1-1),Ngoại ngữ từ điển,21,0.325061649322928,21,0.325061649322928,0.0,False
276231113,Sách Lộ Trình Học Tiếng Anh Cho Người Mất Gốc - The English Journey,Ngoại ngữ từ điển,29,0.3067994261595551,29,0.3067994261595551,0.0,False
274449641,Sách Tiêu chuẩn các cấp độ tiếng Trung trong giáo dục tiếng Trung quốc tế - Giáo trình luyện và nhớ nhanh từ vựng - Cấp độ 3,Ngoại ngữ từ điển,20,0.30597783455089017,20,0.30597783455089017,0.0,False
272854044,Sách Tiếng Anh Giao Tiếp Bệnh Viện dành cho người mới bắt đầu - Tác giả BS. Đỗ Trung Kiên,Ngoại ngữ từ điển,15,0.25260564232092286,20,0.3396128300143105,0.08700718769338761,True
272058579,Sách Basic Ielts Listening (Quét Mã QR Để Nghe File MP3),Ngoại ngữ từ điển,20,0.31365925257951655,20,0.31365925257951655,0.0,False
220663057,Sách Basic IELTS Reading,Ngoại ngữ từ điển,20,0.6352299153668014,20,0.6352299153668014,0.0,False
204000450,Combo Sách Giáo Trình Chuẩn HSK 1 - Sách Bài Học Và Bài Tập (Bộ 2 Cuốn),Ngoại ngữ từ điển,18,0.28854963594219535,20,0.38345926794716106,0.09490963200496572,True
173137642,Sách Giáo Trình Chuẩn HSK 3 Bài Học (Quét Mã Qr Để Nghe File Mp3),Ngoại ngữ từ điển,20,0.5707492035753503,20,0.5707492035753503,0.0,False
89402951,Sách Giáo Trình Chuẩn HSK 4 - Tập 1 Bài Học (Quét Mã QR Để Nghe File MP3)(Tái Bản),Ngoại ngữ từ điển,20,0.4976353636644029,20,0.4976353636644029,0.0,False
48364409,Sách Collins Writing For IELTS – 2nd Edition,Ngoại ngữ từ điển,20,0.3344678380338474,20,0.3344678380338474,0.0,False
17493918,Sách Luyện Nói Tiếng Trung Quốc Cấp Tốc Cho Người Bắt Đầu - Tập 2 (Kèm file MP3) (Tái Bản),Ngoại ngữ từ điển,21,0.33786556003980084,21,0.33786556003980084,0.0,False
17493916,Sách Luyện Nói Tiếng Trung Quốc Cấp Tốc Cho Người Bắt Đầu - Tập 1 (Kèm file MP3) (Tái Bản),Ngoại ngữ từ điển,20,0.3424977022779978,20,0.3424977022779978,0.0,False
13443886,Sách Giáo Trình Chuẩn HSK 3 Bài Học (Kèm file MP3) - Tái Bản,Ngoại ngữ từ điển,20,0.5707492035753503,20,0.5707492035753503,0.0,False
12622546,Sách Tập Viết Tiếng Hàn Dành Cho Người Mới Bắt Đầu,Ngoại ngữ từ điển,19,0.584967683360439,19,0.584967683360439,0.0,False
2987219,Sách Giáo Trình Chuẩn YCT 1 (Kèm file MP3),Ngoại ngữ từ điển,19,0.5339400991000199,19,0.5339400991000199,0.0,False
595726,Sách Giáo Trình Chuẩn HSK 4 Bài Học (Tập 2),Ngoại ngữ từ điển,20,0.3169183828914385,20,0.3169183828914385,0.0,False
544731,Sách Giáo Trình Chuẩn HSK 2 - Bài Học (Kèm file MP3),Ngoại ngữ từ điển,20,0.3171635613436067,20,0.3171635613436067,0.0,False
540039,Sách Giáo Trình Chuẩn HSK 1 - Bài Học (Kèm file MP3),Ngoại ngữ từ điển,20,0.6365305170930103,20,0.6365305170930103,0.0,False
466733,Sách Collins Skills For The TOEFL iBT Test - Listening And Speaking (Kèm CD),Ngoại ngữ từ điển,21,0.3151260252077435,21,0.3151260252077435,0.0,False
437312,Sách IELTS Writing For Success - Academic Module,Ngoại ngữ từ điển,17,0.5250986531278332,20,0.5885774799028165,0.06347882677498329,True
405634,Sách Collins - Listening for IELTS (Quét Mã QR Để Nghe File Mp3),Ngoại ngữ từ điển,20,0.5703727452288345,20,0.5703727452288345,0.0,False
279365356,Sách Sổ Tay Quán Dụng Ngữ Tiếng Trung Thông Dụng (TẬP 2),Ngoại ngữ từ điển,31,0.0012150127226463103,31,0.0012150127226463103,0.0,False
279237268,Sách - Sách Emotional Chinese - Học Tiếng Trung Dễ Như Ăn Kẹo (Trọn bộ),Ngoại ngữ từ điển,13,0.000196078431372549,13,0.000196078431372549,0.0,False
279057879,Giáo trình Hán ngữ BOYA Sơ cấp 1 & Sơ cấp 2 – Phiên bản 3 - Chuẩn HSK 9 cấp (HSK 3.0),Ngoại ngữ từ điển,19,0.2245136974990051,20,0.34347262287480396,0.11895892537579886,True
278851379,Sách Bí Quyết Học Nhanh Nhớ Lâu 214 Bộ Thủ Tiếng Trung,Ngoại ngữ từ điển,23,0.2821271657901598,20,0.3594984956130986,0.07737132982293882,True
278703784,Sách Tư Duy Học IELTS Đúng Từ Đầu,Ngoại ngữ từ điển,29,0.3067994261595551,29,0.3067994261595551,0.0,False
278681215,Combo Giáo Trình Hán Ngữ Tập 1 (Quyển Thượng + Quyển Hạ) Và Tập Viết Chữ Hán Theo Giáo Trình Hán Ngữ,Ngoại ngữ từ điển,20,0.004,20,0.004,0.0,False
276933761,Combo Giáo Trình Chuẩn HSK 5 Tập 2 - Sách Bài Học và Bài tập (Bộ 2 cuốn),Ngoại ngữ từ điển,21,0.4024007662629552,21,0.4024007662629552,0.0,False
276933757,Combo Giáo Trình Chuẩn HSK 4 Tập 2 - Sách Bài Học và Bài tập (Bộ 2 cuốn),Ngoại ngữ từ điển,20,0.3769683793193133,20,0.3769683793193133,0.0,False
276933747,Combo Giáo Trình Chuẩn YCT 1 - Sách Bài Học và Bài tập (Bộ 2 cuốn),Ngoại ngữ từ điển,19,0.20114959744967958,20,0.3339385150906009,0.13278891764092132,True
274557494,Sách IELTS Writing Journey: Elevate To Band 8.0,Ngoại ngữ từ điển,29,0.34131414574620966,29,0.34131414574620966,0.0,False
267340226,Sách 301 câu đàm thoại tiếng hoa (tái bản),Ngoại ngữ từ điển,29,0.44087533132733187,29,0.44087533132733187,0.0,False
248544480,Combo Sách Giáo Trình Chuẩn HSK 2 - Sách Bài Học Và Bài Tập (Bộ 2 Cuốn),Ngoại ngữ từ điển,18,0.28218587260451644,20,0.3769683793193133,0.09478250671479688,True
208206802,Sách Hackers IELTS Writing (Tái bản),Ngoại ngữ từ điển,31,0.40735094794346627,20,0.5477184571039087,0.14036750916044238,True
203958083,Sách Tự Học Viết Tiếng Nhật Căn Bản Hiragana (Tái Bản),Ngoại ngữ từ điển,26,0.3301975356467273,20,0.38660912392097047,0.05641158827424314,True
196021489,Luyện Viết Chữ Hán - Tập 1,Ngoại ngữ từ điển,0,0.22100315444508603,20,0.3575797657319468,0.13657661128686074,True
187600385,Sách IELTS SAMPLE Writing Task 1-2 Tuyển tập câu trả lời mẫu hay nhất,Ngoại ngữ từ điển,29,0.30201922084347915,29,0.30201922084347915,0.0,False
181379116,Sách Hackers Toeic Vocabulary (Tái Bản),Ngoại ngữ từ điển,31,0.45123697391687073,20,0.5796281549792465,0.12839118106237574,True
177117482,Sách Giáo Trình Chuẩn HSK 6 - Tập 1 Bài Học,Ngoại ngữ từ điển,20,0.3070307375865518,20,0.3070307375865518,0.0,False
168367080,Sách Thông Não Ielts Reading Cùng Linear,Ngoại ngữ từ điển,19,0.5784776128826032,19,0.5784776128826032,0.0,False
161310103,Sách Từ Vựng IELTS 8.0 - Từ Vựng Đắt Để Đạt Điểm Cao 4 Kỹ Năng,Ngoại ngữ từ điển,26,0.3410725308168276,20,0.4214929219142484,0.08042039109742083,True
85065845,Sách Tự Học Đàm Thoại Tiếng Anh - Cuộc Sống Hằng Ngày (Tái Bản),Ngoại ngữ từ điển,35,0.007174603174603175,35,0.007174603174603175,0.0,False
74935664,Sách Luyện Nói Tiếng Trung Quốc Cấp Tốc - Trình Độ Tiền Trung Cấp (Bản Thứ Ba) (Quét Mã Qr Để Nghe File Mp3),Ngoại ngữ từ điển,20,0.6001375440535398,20,0.6001375440535398,0.0,False
74935639,Sách Mô Phỏng Đề Thi HSK - Cấp Độ 3 (Quét Mã Qr Để Nghe File Mp3),Ngoại ngữ từ điển,35,0.27599260530253356,35,0.27599260530253356,0.0,False
71898409,Sách Giáo Trình Chuẩn HSK 5 Bài Học Tập 2 (Quét Mã QR Để Nghe File Mp3) (Tái Bản 2020),Ngoại ngữ từ điển,20,0.5625919579923191,20,0.5625919579923191,0.0,False
71353273,Sách Basic IELTS Speaking (Tái Bản 2020) (Quét Mã QR Hoặc Vào Trang Web Để Nghe File Mp3),Ngoại ngữ từ điển,20,0.32139394247913716,20,0.32139394247913716,0.0,False
68984111,Sách Speaking Matrix - 1 Phút Nói Tiếng Anh Như Gió,Ngoại ngữ từ điển,24,0.48791586431377804,20,0.5814067557251531,0.09349089141137507,True
58936120,Bộ sách Luyện thi NEW TOEIC. Trình độ Sơ - Trung cấp (Very Easy TOEIC 1 + Very Easy TOEIC 2 + TOEIC Upgrade),Ngoại ngữ từ điển,30,0.22923599871671732,20,0.3394969192235156,0.11026092050679828,True
42459024,Sách IELTS Advantage Reading Skills,Ngoại ngữ từ điển,20,0.6365305170930103,20,0.6365305170930103,0.0,False
12107394,Sách Barron's Essential Words For The Toeic (Tái Bản),Ngoại ngữ từ điển,26,0.5401730769674796,20,0.6001375440535398,0.05996446708606018,True
10411542,Combo Giáo Trình Hán Ngữ Boya Sơ Cấp 1 + Sách Bài Tập Đáp Án (Tái Bản - Kèm App),Ngoại ngữ từ điển,23,0.4169159204078436,20,0.48454193749159574,0.06762601708375215,True
10374185,Sách Tự Học Hiragana Học Thông Qua Nghe Và Viết,Ngoại ngữ từ điển,27,0.4090931813761518,27,0.4090931813761518,0.0,False
3840809,Sách New Economy Toeic Lc 1000 (Kèm file MP3),Ngoại ngữ từ điển,20,0.6365305170930103,20,0.6365305170930103,0.0,False
2987221,Sách Giáo Trình Chuẩn YCT 2 (Kèm file MP3),Ngoại ngữ từ điển,20,0.592702821977741,20,0.592702821977741,0.0,False
2422653,Sách Xinfeng - Tiếng Trung Thương Mại Dành Cho Nhân Viên Công Ty,Ngoại ngữ từ điển,30,0.4689431486328234,20,0.5585025011222572,0.08955935248943381,True
1534615,Sách Giáo Trình Chuẩn HSK 5 Bài Tập (Tập 1),Ngoại ngữ từ điển,20,0.5885032148064019,20,0.5885032148064019,0.0,False
595724,Sách Giáo Trình Chuẩn HSK 4 Bài Học (Tập 1),Ngoại ngữ từ điển,20,0.3340859482938804,20,0.3340859482938804,0.0,False
572013,Sách Tiếng Anh Cho Mọi Người - English For Everyone Level 2 Beginner Practice Book (Kèm CD),Ngoại ngữ từ điển,26,0.2590293210201023,20,0.3166472245417759,0.05761790352167362,True
562546,Sách Tiếng Anh Cho Mọi Người - English For Everyone Course Book Level 1 Beginner,Ngoại ngữ từ điển,20,0.3339385150906009,20,0.3339385150906009,0.0,False
540040,Sách Giáo Trình Chuẩn HSK 1 - Bài Tập (Kèm file MP3),Ngoại ngữ từ điển,20,0.6023940601651429,20,0.6023940601651429,0.0,False
439907,Sách IELTS Writing Task One,Ngoại ngữ từ điển,22,0.6017725694343868,22,0.6017725694343868,0.0,False
278949723,Sách 25 chuyên đề ngữ pháp tiếng Anh trọng tâm (Bám sát chương trình sách giáo khoa mới; Theo định hướng thi mới),Ngoại ngữ từ điển,32,0.002923076923076923,32,0.002923076923076923,0.0,False
278229050,Sách - Giải Thích Ngữ Pháp Tiếng Anh (Ấn Phẩm Mới),Ngoại ngữ từ điển,18,0.19556673345549588,20,0.3185445137245591,0.12297778026906322,True
278194107,Sách Luyện Viết 214 Bộ Thủ Hán Tự Thông Dụng (Tập 1 + Tập 2),Ngoại ngữ từ điển,20,0.3589770928529402,20,0.3589770928529402,0.0,False
278111429,Sách Ngữ Pháp Và Bài Tập Tổng Hợp HSK3 + HSKK Sơ Cấp,Ngoại ngữ từ điển,23,0.2505873401312815,20,0.3615775823185754,0.11099024218729392,True
277809461,Trải nghiệm tiếng Trung dành cho học sinh tiểu học,Ngoại ngữ từ điển,45,0.018349206349206348,45,0.018349206349206348,0.0,False
276481950,Tiếng Trung dành cho học sinh tiểu học - Sách bài tập - Tập 3,Ngoại ngữ từ điển,30,0.0012150127226463103,30,0.0012150127226463103,0.0,False
276034342,Bài Tập Tiếng Anh 7 Global Success (Có Đáp Án) - Mai Lan Hương,Ngoại ngữ từ điển,0,0.2416322996450433,20,0.40736797487893284,0.16573567523388955,True
275853528,Sách Thực Hành Dịch Thương Mại Việt - Anh,Ngoại ngữ từ điển,32,0.406355348509906,20,0.5843394242413731,0.17798407573146707,True
275332782,Sách Nuance 2 - 50 Sắc Thái Câu,Ngoại ngữ từ điển,31,0.21931479740658982,20,0.3525660873580513,0.13325128995146146,True
274449653,"Sách Tiêu chuẩn các cấp độ tiếng Trung trong giáo dục tiếng Trung quốc tế - 
Giáo trình ngữ pháp - Cao cấp",Ngoại ngữ từ điển,20,0.3340859482938804,20,0.3340859482938804,0.0,False
253365659,"Trọn Bộ Giáo Trình Destination Grammar & Vocabulary B1, B2, C1&C2 (Kèm Đáp Án) Lẻ/combo",Ngoại ngữ từ điển,23,0.2398974075232311,20,0.3185445137245591,0.078647106201328,True
253237308,Destination C1&C2 Grammar and Vocabulary (Kèm Đáp Án) Tặng Audio và bài tập thực hành MCBooks,Ngoại ngữ từ điển,23,0.24738241460204027,20,0.3373906077920883,0.09000819319004802,True
249960247,Sách Tiếng Anh Y Khoa dành cho người mới bắt đầu - Tác giả BS. Đỗ Trung Kiên (Tái bản mới nhất 2026),Ngoại ngữ từ điển,15,0.25260564232092286,20,0.3396128300143105,0.08700718769338761,True
248544511,Combo Sách Giáo Trình Chuẩn HSK 6 Tập 1 - Sách Bài Học Và Bài Tập (Bộ 2 Cuốn),Ngoại ngữ từ điển,20,0.004,20,0.004,0.0,False
248544484,Combo Sách Giáo Trình Chuẩn HSK 6 Tập 2 - Sách Bài Học Và Bài Tập (Bộ 2 Cuốn),Ngoại ngữ từ điển,17,0.0029411764705882353,17,0.0029411764705882353,0.0,False
247289995,Sách 6000 Từ Vựng Tiếng Anh Thông Dụng (Bìa Mềm),Ngoại ngữ từ điển,31,0.21031250903997503,20,0.3555115675085234,0.1451990584685484,True
198342219,Sách IELTS Foundation - Luyện thi IELTS cho người mới bắt đầu 4 kỹ năng - Giúp bạn khởi đầu và luyện thi 4 kỹ năng IELTS thành công,Ngoại ngữ từ điển,30,0.278785156155473,20,0.4943032502636074,0.21551809410813438,True
109505039,Combo Mindmap English Grammar và Mindmap English Vocabulary - Học Kèm App Online,Ngoại ngữ từ điển,25,0.2529248468102383,20,0.3537946821773121,0.10086983536707378,True
95289180,Sách Tự Học Tiếng Trung Cấp Tốc Trong Công Xưởng Nhà Máy,Ngoại ngữ từ điển,20,0.5863509519091696,20,0.5863509519091696,0.0,False
81790989,Sách Perfect IELTS Speaking,Ngoại ngữ từ điển,30,0.46685509119815527,20,0.5959708773868732,0.12911578618871788,True
76737958,Sách Mind Map English Vocabulary - Từ Vựng Tiếng Anh Qua Sơ Đồ Tư Duy,Ngoại ngữ từ điển,21,0.606074787959335,21,0.606074787959335,0.0,False
56727587,Sách Hi! China 1 - Giáo Trình Tiếng Trung Giao Tiếp - Tập 1,Ngoại ngữ từ điển,20,0.3171635613436067,20,0.3171635613436067,0.0,False
56727585,360 Câu Đàm Thoại Tiếng Trung Quốc - Tập 1 (Bao Gồm Sách Và Đĩa DVD),Ngoại ngữ từ điển,20,0.3171635613436067,20,0.3171635613436067,0.0,False
47142043,Sách 2000 Từ Vựng Cần Thiết Cho Kỳ Thi Năng Lực Nhật Ngữ N3,Ngoại ngữ từ điển,21,0.4559598137270401,21,0.4559598137270401,0.0,False
42459032,Sách IELTS Advantage Writing Skills,Ngoại ngữ từ điển,20,0.6352299153668014,20,0.6352299153668014,0.0,False
42459026,Sách IELTS Intensive (Kèm CD),Ngoại ngữ từ điển,30,0.38217568163952975,20,0.5948940601651429,0.21271837852561315,True
17944710,Sách Luyện Nói Tiếng Trung Quốc Cấp Tốc - Trình Độ Sơ Cấp - Tập 2 (Kèm CD Hoặc File MP3) (Tái Bản),Ngoại ngữ từ điển,19,0.1867480152575064,20,0.3209185578566602,0.13417054259915379,True
9949532,Sách Easy Email Writing - Viết Email Thật Dễ Dàng,Ngoại ngữ từ điển,21,0.5903117605122141,21,0.5903117605122141,0.0,False
5808785,The Ultimate Guide To Academic Reading (Bộ Sách Ielts Mike),Ngoại ngữ từ điển,23,0.5264339988855444,20,0.5785547582468731,0.05212075936132865,True
5413739,Sách Thông Thạo Tiếng Anh Giao Tiếp Trong Đời Sống (Kèm file MP3),Ngoại ngữ từ điển,20,0.5443452325908633,20,0.5443452325908633,0.0,False
2812299,Sách Tiếng Nhật Cho Mọi Người - Sơ Cấp 1 - Bản Dịch Và Giải Thích Ngữ Pháp - Tiếng Việt (Bản Mới),Ngoại ngữ từ điển,21,0.6064983308475543,21,0.6064983308475543,0.0,False
2582027,Sách Collins A1 Movers - Tree Practice Tests - Kèm 1 MP3 (Format 2018),Ngoại ngữ từ điển,20,0.588019486995751,20,0.588019486995751,0.0,False
2326363,Sách Timesaver For Exams - IELTS Writing 5.5 - 7.5,Ngoại ngữ từ điển,19,0.501445998609769,19,0.501445998609769,0.0,False
1864759,Giáo Trình HSK 3 - Sách Bài Tập (Kèm MP3),Ngoại ngữ từ điển,20,0.3189306479939755,20,0.3189306479939755,0.0,False
1686729,Sách Học Tiếng Anh Giao Tiếp Chỉ Trong 30 Ngày,Ngoại ngữ từ điển,20,0.3407516613708604,20,0.3407516613708604,0.0,False
1534617,Sách Giáo Trình Chuẩn HSK 5 Bài Học (Tập 2),Ngoại ngữ từ điển,20,0.5625919579923191,20,0.5625919579923191,0.0,False
1534613,Sách Giáo Trình Chuẩn HSK 5 Bài Học (Tập 1),Ngoại ngữ từ điển,20,0.5794011174509484,20,0.5794011174509484,0.0,False
474770,Sách Speak Up - Giao Tiếp Tiếng Anh Tự Tin Trong Mọi Tình Huống Trình Độ Sơ Cấp (Kèm CD) - Tái Bản,Ngoại ngữ từ điển,19,0.28747203929781107,19,0.28747203929781107,0.0,False
472120,Sách Luyện Nghe Tiếng Trung Quốc Cấp Tốc Cho Người Bắt Đầu (Kèm File MP3),Ngoại ngữ từ điển,30,0.4672155960010836,20,0.5548419579923191,0.08762636199123547,True
425077,Sách High-scoring IELTS Writing Mode Answers (Không CD),Ngoại ngữ từ điển,17,0.19369222463980929,20,0.296403231376287,0.1027110067364777,True
279057469,Tactics For Listening – Chiến Thuật Luyện Nghe Tiếng Anh,Ngoại ngữ từ điển,25,0.0021191553544494725,25,0.0021191553544494725,0.0,False
278824483,Đề Kiểm Tra Tiếng Anh 7 Global Success - Mai Lan Hương,Ngoại ngữ từ điển,8,0.001813350259597467,8,0.001813350259597467,0.0,False
278698572,Sách Oxford Learner’s Pocket Phrasal Verbs And Idioms,Ngoại ngữ từ điển,24,0.17294205968732304,24,0.17294205968732304,0.0,False
278682938,Sách Mindmap Tiếng Trung Theo Giáo Trình Hán Ngữ (Phân Loại Lẻ),Ngoại ngữ từ điển,24,0.15491347548566606,24,0.15491347548566606,0.0,False
278130374,Sách Takenote Ngữ Pháp Tiếng Trung HSK 1-6,Ngoại ngữ từ điển,21,0.0005777578206855261,21,0.0005777578206855261,0.0,False
278029138,Sách Takenote: Từ vựng HSK 1-2-3 Tiếng Trung,Ngoại ngữ từ điển,21,0.0005777578206855261,21,0.0005777578206855261,0.0,False
276369573,"Combo 6 Vở Luyện Viết Chữ Hán, Các Nét Căn Bản, Luyện Viết Các Bộ Thủ Trong Tiếng Trung- Tặng kèm 10 ngòi bút",Ngoại ngữ từ điển,21,0.34770060182858564,21,0.34770060182858564,0.0,False
275906760,Ngữ Pháp Tiếng Anh - Mai Lan Hương,Ngoại ngữ từ điển,8,0.20072701922319255,20,0.34997262287480396,0.1492456036516114,True
271473338,Sách- Cẩm nang mở rộng từ vựng tiếng Trung Có kèm file nghe+KÈM MP3 NGHE ONLINE,Ngoại ngữ từ điển,26,0.2433277140480764,20,0.3291538519743073,0.0858261379262309,True
270210445,Học Nói Tiếng Quảng Đông,Ngoại ngữ từ điển,0,0.4437728254155467,20,0.5994362384948125,0.15566341307926584,True
253523742,Pagoda IELTS Reading (Bao gồm sách bài học và sách đáp án),Ngoại ngữ từ điển,19,0.2735304172109163,19,0.2735304172109163,0.0,False
252385478,Destination B2 Grammar and Vocabulary (Kèm Đáp Án) Tặng Audio và bài tập thực hành MCBooks,Ngoại ngữ từ điển,23,0.2398974075232311,20,0.3185445137245591,0.078647106201328,True
250334911,Combo 2 Cuốn Sách Destination B1 & B2 Grammar and Vocabulary Kèm Đáp Án,Ngoại ngữ từ điển,15,0.27373284628733113,20,0.3661606870116211,0.09242784072428994,True
248544492,Combo Sách Giáo Trình Chuẩn HSK 4 Tập 2 - Sách Bài Học Và Bài Tập (Bộ 2 Cuốn),Ngoại ngữ từ điển,18,0.28218587260451644,20,0.3769683793193133,0.09478250671479688,True
199706090,Sách YBM Toeic Reading 1000 - Vol 2 (Tái Bản 2022),Ngoại ngữ từ điển,32,0.30362495787729815,32,0.30362495787729815,0.0,False
195541260,Sách English For Your Relationships - Giao Tiếp Tiếng Anh Như Người Bản Xứ,Ngoại ngữ từ điển,29,0.536215793677124,29,0.536215793677124,0.0,False
192194160,Sách tiếng anh Destination B1,Ngoại ngữ từ điển,23,0.24544987082782924,20,0.32689592660612127,0.08144605577829203,True
177569697,Sách Perfect Ielts Vocabulary (Tái Bản),Ngoại ngữ từ điển,32,0.30362495787729815,32,0.30362495787729815,0.0,False
157054867,Sách Tôi Muốn Giỏi Tiếng Anh Nhưng Tôi Không Muốn Chăm Chỉ,Ngoại ngữ từ điển,26,0.25788688654140013,20,0.3185445137245591,0.06065762718315898,True
154245455,Combo 2 Cuốn Nghiền Từ Vựng Tiếng Anh: Học Qua Gốc Từ Bằng Hình Ảnh - Gốc Từ Là Bí Quyết Để Ghi Nhớ Hàng Nghìn Từ Vựng,Ngoại ngữ từ điển,30,0.3119888336773867,30,0.3119888336773867,0.0,False
101548572,Sách Giáo Trình Tiếng Trung Thương Mại - Bản Thứ 3 - Tập 1,Ngoại ngữ từ điển,20,0.32975692806274237,20,0.32975692806274237,0.0,False
80142837,Sách Hackers IELTS Basic- Listening,Ngoại ngữ từ điển,33,0.45302990419571015,20,0.6409590885215818,0.18792918432587163,True
80141519,Sách Hackers IELTS Basic- Writing,Ngoại ngữ từ điển,33,0.2580114537374439,20,0.33921244586774146,0.08120099213029758,True
77112145,Sách Keep It Up - Tiếng Trung Cấp Tốc Cho Người Mới Bắt Đầu,Ngoại ngữ từ điển,27,0.254435282006824,20,0.32689592660612127,0.07246064459929724,True
75454165,Sách Tài Liệu Luyện Thi Tổng Hợp VSTEP Bậc 3 (B1) (Quét Mã Qr Hoặc Vào Trang Web Để Nghe File Mp3),Ngoại ngữ từ điển,22,0.5786532346606864,22,0.5786532346606864,0.0,False
48629549,Sách Luyện Thi Năng Lực Nhật Ngữ N3 - Từ Vựng (Tái Bản),Ngoại ngữ từ điển,21,0.5958416589320279,21,0.5958416589320279,0.0,False
48364405,Sách PONS GENERAL REFERENCE – TRILINGUAL VISUAL DICTIONARY Vietnamese–Japanese–English,Ngoại ngữ từ điển,24,0.5273474466584891,24,0.5273474466584891,0.0,False
40774181,Combo Sách Tiếng hàn tổng hợp dành cho người Việt Nam - Sơ cấp 1 (Phiên bản 1 màu),Ngoại ngữ từ điển,18,0.20062682419323177,20,0.3070307375865518,0.10640391339332003,True
16135289,Sách Giáo trình chuẩn HSK 6 - Tập 2 Bài Học (Kèm file MP3),Ngoại ngữ từ điển,20,0.5443452325908633,20,0.5443452325908633,0.0,False
5812797,Sách Sổ Tay 700 Câu Tiếng Anh - Từ Lúc Thức Giấc Đến Khi Đi Ngủ,Ngoại ngữ từ điển,30,0.4789629343354102,20,0.580580325909365,0.10161739157395483,True
5812741,Sách Tiếng Anh Giao Tiếp Dành Cho Bác Sĩ Và Bệnh Nhân,Ngoại ngữ từ điển,20,0.5605262315188475,20,0.5605262315188475,0.0,False
4719833,Sách Collins - Listening A2 Pre-Intermediate (Tái Bản),Ngoại ngữ từ điển,18,0.193977037232179,20,0.32689592660612127,0.13291888937394228,True
2582025,Sách Collins - Pre A1 Starters - Three Practice Tests - Kèm 1 MP3 (Format 2018),Ngoại ngữ từ điển,25,0.25465439484313446,20,0.34963972206478916,0.0949853272216547,True
595751,Sách Giáo Trình Chuẩn HSK 4 Bài Tập (Tập 2),Ngoại ngữ từ điển,20,0.6023940601651429,20,0.6023940601651429,0.0,False
595738,Sách Giáo Trình Chuẩn HSK 4 Bài Tập (Tập 1),Ngoại ngữ từ điển,20,0.592702821977741,20,0.592702821977741,0.0,False
506316,Sách Các Nguyên Tắc Cơ Bản - Sổ Tay Tiếng Nhật Thương Mại,Ngoại ngữ từ điển,0,0.20465746451278727,20,0.3753129921717744,0.17065552765898712,True
447694,Sách 10 Ngày Có Thể Nói 1000 Câu Tiếng Anh Du Lịch (Kèm CD),Ngoại ngữ từ điển,26,0.2873979468306077,0,0.3674900091023893,0.08009206227178162,True
430856,Sách The Vocabulary Files B2 Upper - Intermediate (Không CD),Ngoại ngữ từ điển,19,0.5921182272078847,19,0.5921182272078847,0.0,False
419610,Sách Practical IELTS Speaking,Ngoại ngữ từ điển,30,0.4685781488422655,20,0.603765363602412,0.13518721476014645,True
417721,Sách 301 Câu Đàm Thoại Tiếng Trung Quốc - Tập 1 (Kèm CD Hoặc File MP3) - Tái Bản,Ngoại ngữ từ điển,25,0.5504538182144465,25,0.5504538182144465,0.0,False
278949725,Sách 30 chủ đề từ vựng tiếng Anh (Bám sát chương trình sách giáo khoa mới; Theo định hướng thi mới),Ngoại ngữ từ điển,35,0.23298544626216344,20,0.3592679988572025,0.12628255259503907,True
278681244,Combo Mindmap Ngữ Pháp Tiếng Trung Và Mindmap Từ Vựng Tiếng Trung Theo Giáo Trình Hán Ngữ,Ngoại ngữ từ điển,20,0.0,20,0.0,0.0,False
278676556,Sách - Destination C1&C2 - Grammar And Vocabulary With Answer Key (Không Đáp Án) (Tái Bản 2025),Ngoại ngữ từ điển,7,0.00012448132780082987,7,0.00012448132780082987,0.0,False
277997202,Sách Tiếng Anh Không Công Thức – Nhập Vai Nói Không Sai,Ngoại ngữ từ điển,23,0.292703948269238,20,0.3682057011225747,0.07550175285333671,True
277591154,3500 từ vựng tiếng Anh theo chủ đề (Sách màu),Ngoại ngữ từ điển,27,0.5551220109332428,27,0.5551220109332428,0.0,False
277443910,Tiếng Trung dành cho học sinh tiểu học,Ngoại ngữ từ điển,55,0.2100446303509595,20,0.3857824352927903,0.17573780494183083,True
275893213,Sách Bộ tiêu chuẩn phân cấp trình độ giáo dục Trung văn quốc tế - Giáo trình luyện và nhớ nhanh từ vựng - Cấp độ 4,Ngoại ngữ từ điển,17,0.19369222463980929,20,0.296403231376287,0.1027110067364777,True
275303225,"Sách English Collocations In News - Đọc Tin Không “Vấp""",Ngoại ngữ từ điển,32,0.22437243621554825,20,0.35202880333530184,0.1276563671197536,True
252062214,Giáo Trình Chuẩn HSK 2 - Bài Học (Quét Mã QR Để Nghe File MP3),Ngoại ngữ từ điển,17,0.000196078431372549,17,0.000196078431372549,0.0,False
250339500,Destination B1 Grammar and Vocabulary Kèm Đáp Án,Ngoại ngữ từ điển,12,0.4524283514998419,20,0.6001375440535398,0.1477091925536979,True
249775039,Sách - Tiếng Anh giao tiếp trong phòng Nha,Ngoại ngữ từ điển,0,0.37373320655370335,20,0.48454193749159574,0.1108087309378924,True
200779090,Sách Học Tiếng Trung Quốc Cấp Tốc Trong 90 Ngày,Ngoại ngữ từ điển,20,0.3171635613436067,20,0.3171635613436067,0.0,False
195801294,Sách Perfect English Grammar: Tất Tần Tật Về Ngữ Pháp Tiếng Anh,Ngoại ngữ từ điển,34,0.27920608495419486,34,0.27920608495419486,0.0,False
189076560,Sách Cambridge English Qualifications A2 Key - 8 Practice Tests (Quét mã MP3 để nghe file),Ngoại ngữ từ điển,20,0.0,20,0.0,0.0,False
180851234,Sách Bách Khoa Thư Về Phát Triển Kỹ Năng - Khoa Học Máy Tính,Ngoại ngữ từ điển,28,0.5217874861921145,20,0.5806485631425118,0.05886107695039733,True
170466693,Cambridge Ielts 16 Academic With Answers (Savina),Ngoại ngữ từ điển,3,0.19020491858109806,20,0.30597783455089017,0.11577291596979211,True
73323668,Sách IELTS Games And Activities - Speaking And Writing,Ngoại ngữ từ điển,30,0.18712480215488203,20,0.3269678380338474,0.13984303587896535,True
73219900,Combo YBM TOEIC 1000 4 Vol (Trọn Bộ 4 Cuốn): YBM TOEIC Reading 1000 Trọn Bộ 2 Tập + YBM TOEIC Listening 1000 Trọn Bộ 2 Tập,Ngoại ngữ từ điển,28,0.24657571210087836,20,0.39342559727779325,0.14684988517691488,True
73200139,Sách Let’s Write! – Viết Đoạn Không Khó (Tập 1 – Cơ Bản),Ngoại ngữ từ điển,29,0.3402210045811335,29,0.3402210045811335,0.0,False
46755107,Sách 2500 Từ Vựng Cần Thiết Cho Kỳ Thi Năng Lực Nhật Ngữ N2,Ngoại ngữ từ điển,21,0.4177711235731422,21,0.4177711235731422,0.0,False
37798687,IELTS 14 ACADEMIC,Ngoại ngữ từ điển,0,0.41959567343302523,20,0.588019486995751,0.1684238135627258,True
34746088,Sách Giáo Trình Phát Triển Hán Ngữ Tổng Hợp Sơ Cấp 1 - Tập 1,Ngoại ngữ từ điển,24,0.5692034132603162,20,0.6409590885215818,0.07175567526126558,True
20444622,Sách Cẩm Nang Cấu Trúc Tiếng Anh,Ngoại ngữ từ điển,32,0.47644061617384387,20,0.6159071776087165,0.13946656143487263,True
19297957,Sách Giáo Trình Phát Triển Hán Ngữ Nghe Sơ Cấp 1,Ngoại ngữ từ điển,26,0.525039427683059,26,0.525039427683059,0.0,False
19297931,Sách Giáo Trình Phát Triển Hán Ngữ Nói - Giao Tiếp Sơ Cấp 1,Ngoại ngữ từ điển,24,0.5692034132603162,20,0.6409590885215818,0.07175567526126558,True
16135287,Sách Giáo trình chuẩn HSK 6 - Tập 1 Bài Học (Kèm file MP3),Ngoại ngữ từ điển,19,0.5085749746728268,19,0.5085749746728268,0.0,False
12107379,Sách Barron's Essential Words For The Ielts (Tái Bản),Ngoại ngữ từ điển,26,0.5499412059197869,26,0.5499412059197869,0.0,False
10325548,Sách How Food Works - Hiểu Hết Về Thức Ăn,Ngoại ngữ từ điển,28,0.5377890389871454,20,0.5939223726663214,0.056133333679176056,True
3715851,Illustrated Classics - Truyện Cổ Grimm,Ngoại ngữ từ điển,15,0.4556641564440828,20,0.6352299153668014,0.1795657589227186,True
3233287,Sách Tiếng Nhật Cho Mọi Người - Sơ Cấp 2 - Bản Dịch Và Giải Thích Ngữ Pháp - Tiếng Việt (Bản Mới),Ngoại ngữ từ điển,17,0.525426223597155,20,0.6131058693536272,0.08767964575647225,True
2987231,Sách Giáo Trình Chuẩn YCT 6 (Kèm file MP3),Ngoại ngữ từ điển,20,0.3171635613436067,20,0.3171635613436067,0.0,False
2805527,"Sách Đàm Thoại Tiếng Anh Trong Xã Giao, Du Lịch Và Công Việc (Kèm 1 Đĩa DVD-Room)",Ngoại ngữ từ điển,20,0.5443452325908633,20,0.5443452325908633,0.0,False
2697001,Sách Tiếng Nhật Cho Mọi Người - Trình Độ Sơ Cấp 1 - Bản Tiếng Nhật - (Tái Bản),Ngoại ngữ từ điển,22,0.5788786879987851,22,0.5788786879987851,0.0,False
715518,Sách Tiếng Trung Quốc Trong Giải Trí (Kèm CD),Ngoại ngữ từ điển,30,0.22702609534800594,20,0.3851714871011971,0.15814539175319114,True
694894,Sách Flyers,Ngoại ngữ từ điển,26,0.5203160572184349,20,0.5708422512765586,0.05052619405812375,True
463727,Sách Basic IELTS Writing,Ngoại ngữ từ điển,46,0.4658894160646077,20,0.6316242243098908,0.16573480824528314,True
437721,Sách Collins English For Life - Writing A2 Pre-intermediate,Ngoại ngữ từ điển,16,0.21833336994089667,20,0.38053369580102364,0.16220032586012698,True
430851,Sách The Grammar Files C1 Advanced (Không CD),Ngoại ngữ từ điển,15,0.38488690410994464,20,0.47417471461555716,0.08928781050561252,True
425076,Sách TOEFL Primary Step 1 - Practice Test (Kèm CD),Ngoại ngữ từ điển,24,0.27410751621978424,20,0.33262764607215034,0.0585201298523661,True
365794,Sách Collins - Get Ready For IELTS - Listening,Ngoại ngữ từ điển,20,0.3622264758505382,20,0.3622264758505382,0.0,False
279444795,Sách - Sổ Tay Từ Vựng Tiếng Trung New HSK 3 - 973 Từ Vựng Thiết Yếu Cho Trình Độ Trung Cấp,Ngoại ngữ từ điển,10,0.2161500968148938,20,0.33921244586774146,0.12306234905284766,True
279288290,Sách - Giáo Trình Hán Ngữ Boya - Trung Cấp 1 - Tập 1 (Phiên Bản 3),Ngoại ngữ từ điển,17,0.20683201226447337,20,0.3340859482938804,0.12725393602940702,True
278884438,Sách - Cách Nuôi Ếch - NXB Nông Nghiệp,Ngoại ngữ từ điển,0,0.005952626035976499,0,0.005952626035976499,0.0,False
278819502,90 Ngày Ôn Hè Tiếng Anh 5 (Dành cho học sinh lớp 5 lên lớp 6),Ngoại ngữ từ điển,33,0.024713550734342213,33,0.024713550734342213,0.0,False
278698574,Oxford Learner’s Pocket - Combo 3 cuốn,Ngoại ngữ từ điển,20,0.3661606870116211,20,0.3661606870116211,0.0,False
275853496,Sách All That Ielts - Trợ Thủ Giúp Giảm Nỗi Lo Phòng Thi,Ngoại ngữ từ điển,35,0.22325351956678058,20,0.31663390326758184,0.09338038370080126,True
274728133,Mind Map English Grammar Practice Exercises – Bài Tập Thực Hành Ngữ Pháp Tiếng Anh Bằng Sơ Đồ Tư Duy,Ngoại ngữ từ điển,18,0.19556673345549588,20,0.3185445137245591,0.12297778026906322,True
274638593,Sách Chém Tiếng Anh Không Cần Động Não - Tác giả Vũ Vi Bình (Bino Chém tiếng anh) - Phiên bản đặc biệt,Ngoại ngữ từ điển,29,0.49474905283982024,20,0.592702821977741,0.09795376913792081,True
273383956,Sách IELTS Writing Navigator,Ngoại ngữ từ điển,24,0.5320660793185902,20,0.6001375440535398,0.06807146473494963,True
270801550,"Sách - Vở luyện viết tiếng anh : Starters , Movers , Flyers - lẻ tùy chọn : Tập viết tiếng anh theo Cambridge",Ngoại ngữ từ điển,0,0.24259037202737807,20,0.3851714871011971,0.14258111507381901,True
263484154,Sách Chinh phục đề thi HSK 5 (Kèm giải thích ngữ pháp chi tiết),Ngoại ngữ từ điển,23,0.2553052682868127,20,0.34963972206478916,0.09433445377797645,True
257901322,Destination C1&C2 - Grammar And Vocabulary with Answer Key - MC,Ngoại ngữ từ điển,12,0.20643148452755106,20,0.3087365647096203,0.10230508018206924,True
241748787,Sách Bộ Đề Luyện Thi YCT - Cấp Độ 1 (Quét Mã QR Để Nghe File Mp3),Ngoại ngữ từ điển,23,0.0005777578206855261,23,0.0005777578206855261,0.0,False
215560792,Nâng Cao Vốn Từ Vựng Tiếng Đức Theo Chủ Đề Bằng Hình Ảnh (Tái Bản),Ngoại ngữ từ điển,18,0.2294823736238093,20,0.3593723843947242,0.1298900107709149,True
200938532,Sách YBM Toeic Reading 1000 - Vol 1 (Tái bản 2022),Ngoại ngữ từ điển,28,0.40325846108468544,20,0.4902544112834506,0.08699595019876516,True
198342218,Sách IELTS Trung Học Intermediate Book 1,Ngoại ngữ từ điển,17,0.19369222463980929,20,0.30597783455089017,0.11228560991108089,True
196150480,"Sách Collins
Speaking for IELTS",Ngoại ngữ từ điển,17,0.190556130257295,20,0.33995772543127667,0.14940159517398166,True
195954696,Sách DESTINATION B1 - Ngữ pháp và từ vựng tiếng anh tập 2,Ngoại ngữ từ điển,33,0.22195375923691535,20,0.36138665189897723,0.13943289266206188,True
188299217,DESTINATION B1 - Ngữ pháp và từ vựng tiếng anh tập 1,Ngoại ngữ từ điển,1,0.003956923395537016,1,0.003956923395537016,0.0,False
114228620,Combo Tiếng Hàn Tổng Hợp Sơ Cấp 1 Dành Cho Người Việt Nam Bản In Màu - Học Kèm App,Ngoại ngữ từ điển,23,0.2717853489279793,20,0.3867798608374512,0.11499451190947191,True
103379153,Tài Liệu Luyện Thi HSK (Phiên Bản Mới) - Tập 4 (Quét Mã QR Sau Sách Để Nghe File MP3),Ngoại ngữ từ điển,16,0.4236832189384552,20,0.5796281549792465,0.1559449360407913,True
84458051,Sách Try! Kỳ Thi Năng Lực Nhật Ngữ N3: Phát Triển Các Kỹ Năng Tiếng Nhật Từ Ngữ Pháp (Phiên Bản Tiếng Việt),Ngoại ngữ từ điển,21,0.6064983308475543,21,0.6064983308475543,0.0,False
59395403,Combo Hackers TOEIC Bứt Phá Điểm Số: Hackers TOEIC Vocabulary + Hackers TOEIC Start Reading + Hackers TOEIC Start Listening,Ngoại ngữ từ điển,33,0.2710097553173538,20,0.3900922639444599,0.11908250862710612,True
58132905,Sách Korean Vietnamese English Trilingual Dictionary,Ngoại ngữ từ điển,24,0.5198788581371228,24,0.5198788581371228,0.0,False
44812546,Sách Pass The Toeic Test – Introductory Course (New Edition),Ngoại ngữ từ điển,20,0.18066155426550806,20,0.18066155426550806,0.0,False
42689441,Sách Thảo Luận Các Vấn Đề Thời Sự Bằng Tiếng Anh (Kèm 3 CD),Ngoại ngữ từ điển,17,0.15361211520546866,0,0.21459344055660645,0.06098132535113779,True
20424660,Sách All - In - One Chinese (Tiếng Trung Quốc 3 Trong 1) (Kèm 1 Đĩa CD ),Ngoại ngữ từ điển,17,0.19224058658279072,20,0.327595942490494,0.13535535590770328,True
16135291,Sách Giáo trình chuẩn HSK 6 - Tập 1 Bài Tập (Kèm file MP3),Ngoại ngữ từ điển,22,0.5731286831238981,22,0.5731286831238981,0.0,False
12205618,"301 Câu Đàm Thoại Tiếng Hoa (Bản mới, Khổ lớn)",Ngoại ngữ từ điển,0,0.22100315444508603,20,0.3575797657319468,0.13657661128686074,True
2009401,Sách Luyện Thi Năng Lực Nhật Ngữ N1 - Từ Vựng,Ngoại ngữ từ điển,27,0.556352292492374,27,0.556352292492374,0.0,False
1453501,Sách Succeed In Cambridge English - Movers (Kèm CD Hoặc File MP3),Ngoại ngữ từ điển,20,0.3407516613708604,20,0.3407516613708604,0.0,False
1408959,Sách Từ Vựng Và Mẫu Câu Tiếng Anh Thực Dụng,Ngoại ngữ từ điển,19,0.2381644513725519,20,0.36333707445112623,0.12517262307857432,True
715601,Sách Toeic Training Reading Comprehension 730,Ngoại ngữ từ điển,22,0.5179914761480852,22,0.5179914761480852,0.0,False
715595,Sách Toeic Writing (Kèm CD),Ngoại ngữ từ điển,20,0.5433584101361566,20,0.5433584101361566,0.0,False
503957,Sách Collins English For Work - Workplace English 2,Ngoại ngữ từ điển,20,0.296403231376287,20,0.296403231376287,0.0,False
466745,Sách Collins Vocabulary And Grammar For The TOEFL Test (Kèm CD),Ngoại ngữ từ điển,21,0.2883989127678855,21,0.2883989127678855,0.0,False
437390,Sách Collins Work On Your Vocabulary - Intermediate B1,Ngoại ngữ từ điển,19,0.19822765440417328,20,0.33995772543127667,0.1417300710271034,True
430863,Sách Cambridge IELTS Practice Test (Kèm CD),Ngoại ngữ từ điển,17,0.2307580230329614,20,0.33195087211152513,0.10119284907856374,True
430853,Sách The Vocabulary Files C1 Advanced (Không CD),Ngoại ngữ từ điển,19,0.5921182272078847,19,0.5921182272078847,0.0,False
365829,Sách Collins - Skills for the TOEIC Test - Listening And Reading,Ngoại ngữ từ điển,20,0.5806485631425118,20,0.5806485631425118,0.0,False
279413499,Sách Sổ Tay Tự Học Tiếng Trung Cho Người Mới Bắt Đầu - Takenote 5-in-1 (Chọn lẻ),Ngoại ngữ từ điển,25,0.0021191553544494725,25,0.0021191553544494725,0.0,False
279332396,Sách Sổ Tay Từ Vựng Tiếng Trung NEW HSK 1,Ngoại ngữ từ điển,29,0.007244424487352193,29,0.007244424487352193,0.0,False
279242090,Sách - Cambridge IELTS 17 Academic With Answers - General Training With Answers (Savina) (Kèm Audio),Ngoại ngữ từ điển,3,0.01012448132780083,3,0.01012448132780083,0.0,False
278690040,"Sách Mindmap English Phrasal Verbs, Collocation And Idioms",Ngoại ngữ từ điển,24,0.23662532565552905,20,0.3209185578566602,0.08429323220113114,True
278238287,Sách Top 1000 Từ Tiếng Trung Thông Dụng Theo Chủ Đề,Ngoại ngữ từ điển,29,0.2988590240479748,29,0.2988590240479748,0.0,False
278229316,Sách - Takenote Ngữ Pháp Tiếng Trung HSK 4,Ngoại ngữ từ điển,0,0.005952626035976499,0,0.005952626035976499,0.0,False
277452265,Combo Sách Học Tiếng Anh Mất Gốc - Lộ Trình Từ A-Z Đến Giao Tiếp Tự Tin - The English Journey,Ngoại ngữ từ điển,11,0.0029411764705882353,11,0.0029411764705882353,0.0,False
277416544,Tự học giao tiếp Tiếng Việt cho người Trung Quốc Tập 1,Ngoại ngữ từ điển,18,0.0005777578206855261,18,0.0005777578206855261,0.0,False
276051154,Ngữ Âm Học Và Âm Vị Học Tiếng Anh - English Phonetics And  Phonology - PGS.TS. Tô Minh Thanh; ThS. Phan Văn Quang ,Ngoại ngữ từ điển,19,0.23280487779677791,20,0.3513604106485058,0.1185555328517279,True
274943441,Sách Kỳ thi năng lực Nhật ngữ: Point & Practice N3 - Nghe hiểu,Ngoại ngữ từ điển,34,0.2325114331211322,20,0.35801950401646,0.12550807089532778,True
274754517,Sách 50 Hoạt Động Nâng Cao Kỹ Năng Tiếng Anh Trên Lớp Và Tại Nhà Dành Cho Học Sinh Tiểu Học,Ngoại ngữ từ điển,30,0.20132164466105892,20,0.3468989214438053,0.14557727678274637,True
274735447,VSTEP - Chinh Phục Kỳ Thi VSTEP - Tổng Ôn 4 Kỹ Năng Bậc Năng Lực Từ B1 Đến C1,Ngoại ngữ từ điển,15,0.24579304631477847,20,0.3340859482938804,0.08829290197910192,True
273434634,Giáo Trình Chuẩn HSK 3 (Tái Bản 2023),Ngoại ngữ từ điển,17,0.19732558045054396,20,0.32975692806274237,0.1324313476121984,True
272525992,Combo-Sách Nhớ Nhanh 214 Bộ Thủ Chữ Hán+Vở Tập Viết 214 Bộ Thủ +10 ngòi bút bay màu,Ngoại ngữ từ điển,47,0.24126919097160948,20,0.34913061512757104,0.10786142415596156,True
270182528,Tiếng Nhật Dành Cho Trẻ Em - Tập 3,Ngoại ngữ từ điển,0,0.01505279429615293,0,0.01505279429615293,0.0,False
249875533,Sách Đề Thi Mô Phỏng Đề Thi Năng Lực Hoa Ngữ - Nhóm A 4,Ngoại ngữ từ điển,26,0.2840059814116486,20,0.3513604106485058,0.0673544292368572,True
248544490,Combo Sách Giáo Trình Chuẩn HSK 4 Tập 1 - Sách Bài Học Và Bài Tập (Bộ 2 Cuốn),Ngoại ngữ từ điển,18,0.27243982590208254,20,0.3717939023514928,0.09935407644941024,True
229704844,Combo giáo trình hán ngữ - Phiên bản 3 - 2023,Ngoại ngữ từ điển,15,0.3087764511332246,20,0.39342559727779325,0.08464914614456864,True
208206806,Sách Hackers IELTS Listening (Tái bản),Ngoại ngữ từ điển,29,0.09802801045732742,29,0.09802801045732742,0.0,False
207035120,Sách Hack não chữ Hán Bài tập (Tái Bản 11/2022),Ngoại ngữ từ điển,23,0.30350473011158624,0,0.36094425045331663,0.05743952034173039,True
206491175,Sách IELTS GO - Speaking Part 2 - Ý Tưởng Hay Để Trả Lời Tất Cả Các Câu Hỏi,Ngoại ngữ từ điển,30,0.1561972822311206,0,0.24452132644935623,0.08832404421823564,True
205187753,Truyện đọc Tiếng Anh: Selected Stories,Ngoại ngữ từ điển,15,0.21200524533859377,20,0.32689592660612127,0.1148906812675275,True
196150460,Sách Giáo trình chuẩn HSK 5 - Tập 1 Bài Học,Ngoại ngữ từ điển,20,0.2992318028048584,20,0.2992318028048584,0.0,False
173383467,Mind Map English Grammar – Ngữ pháp tiếng anh bằng sơ đồ tư duy - TKBooks,Ngoại ngữ từ điển,23,0.24044569396484244,20,0.3257872204882238,0.08534152652338134,True
73323664,Sách Build Up to IELTS (Quét Mã QR Để Nghe File MP3),Ngoại ngữ từ điển,21,0.33455165512631446,21,0.33455165512631446,0.0,False
69980933,Sách Cẩm Nang Hướng Dẫn Tự Học Tiếng Đức Trình Độ Sơ Cấp - Trung Cấp,Ngoại ngữ từ điển,19,0.22150148050016927,20,0.34243463572951954,0.12093315522935028,True
68119406,Tuyển Tập Những Ca Khúc Được Yêu Thích Trên Làn Sóng Xanh,Ngoại ngữ từ điển,0,0.21153567691060743,0,0.21153567691060743,0.0,False
57350380,Sách Very Easy Toeic 1 - Introduction,Ngoại ngữ từ điển,26,0.46683121464714605,20,0.5236207260327744,0.05678951138562838,True
49994423,Sách English For Everyone - English Idioms,Ngoại ngữ từ điển,23,0.23027660187979113,20,0.296403231376287,0.06612662949649586,True
47142035,Sách 1000 Từ Vựng Cần Thiết Cho Kỳ Thi Năng Lực Nhật Ngữ N5,Ngoại ngữ từ điển,24,0.28940821416944185,20,0.3589770928529402,0.06956887868349837,True
43775511,Sách Tiếng Hàn Tổng Hợp Dành Cho Người Việt Nam - Sơ Cấp 1 (Bản Đen Trắng),Ngoại ngữ từ điển,18,0.19556673345549588,20,0.3185445137245591,0.12297778026906322,True
42735005,Sách Giáo trình hán ngữ Boya sơ cấp tập 1,Ngoại ngữ từ điển,15,0.001349924585218703,15,0.001349924585218703,0.0,False
29591066,Sách Luyện Dịch Song Ngữ Hàn - Việt Qua 3.000 Tiêu Đề Báo Chí,Ngoại ngữ từ điển,53,0.18353930951667055,0,0.2928213197295563,0.10928201021288572,True
26517377,Sách 10 Phút Tự Học Tiếng Trung Mỗi Ngày (Tái Bản),Ngoại ngữ từ điển,19,0.5906309800929435,19,0.5906309800929435,0.0,False
22634368,Sách English At A Glance – Khái Quát Về Cách Phát Âm Tiếng Anh,Ngoại ngữ từ điển,30,0.37255420744339884,20,0.5553204329962029,0.18276622555280408,True
1475793,Sách Little Stories - To Make You A Good Person,Ngoại ngữ từ điển,29,0.5640652830953612,29,0.5640652830953612,0.0,False
535117,Sách Đàm Thoại Tiếng Anh Trong Ngành Ngân Hàng - Kèm CD,Ngoại ngữ từ điển,30,0.39005762605486405,20,0.5376875250108624,0.14762989895599832,True
483892,Sách Luyện Thi Năng Lực Nhật Ngữ Trình Độ N2 - Ngữ Pháp,Ngoại ngữ từ điển,23,0.55456264956805,23,0.55456264956805,0.0,False
472110,Sách Luyện Nghe Tiếng Trung Quốc Cấp Tốc (Trình Độ Trung Cấp) - Kèm CD,Ngoại ngữ từ điển,30,0.33369708230778367,20,0.501034573150569,0.16733749084278532,True
403745,Sách TOEFL Primary Book 3 Step 1 (Kèm CD Hoặc File MP3),Ngoại ngữ từ điển,20,0.6365305170930103,20,0.6365305170930103,0.0,False
279133218,Sách - Tiếng Trung Dành Cho Học Sinh Tiểu Học - Sách Bài Học Tập 2,Ngoại ngữ từ điển,13,0.0,13,0.0,0.0,False
278952177,Học Ngoại Ngữ Siêu Tốc Cùng AI,Ngoại ngữ từ điển,38,0.07961489502497493,0,0.13700183212154773,0.057386937096572804,True
278713494,Sách - Grammar Friends 1,Ngoại ngữ từ điển,7,0.0003205597591733789,7,0.0003205597591733789,0.0,False
278703592,Sách Tập Viết Tiếng Nga Cho Người Mới Bắt Đầu,Ngoại ngữ từ điển,19,0.23280487779677791,20,0.3513604106485058,0.1185555328517279,True
278668550,Combo Tự học tiếng Tây Ban Nha cho người mới bắt đầu - Lẻ/combo,Ngoại ngữ từ điển,12,0.17989576082946487,20,0.34054526761766973,0.16064950678820486,True
278588255,Giáo Trình Tiếng Trung Giao Tiếp Thương Mại Kỷ Nguyên Mới: Tiếng Trung Thực Chiến Trong Kinh Doanh Quốc Tế,Ngoại ngữ từ điển,0,0.0003205597591733789,0,0.0003205597591733789,0.0,False
278229346,Sách - Takenote Ngữ Pháp Tiếng Trung HSK 1-3,Ngoại ngữ từ điển,12,0.2146942017307054,20,0.3594984956130986,0.14480429388239321,True
277717671,Tự Học Tiếng Anh Giao Tiếp Cho Người Đi Làm,Ngoại ngữ từ điển,12,0.2085262123853195,20,0.327595942490494,0.11906973010517452,True
277552961,Sách- Combo:Giáo trình chuẩn YCT Tập 5 (Sách Bài Học - Bài Tập)+KÈM MP3 NGHE ONLINE,Ngoại ngữ từ điển,10,0.2261485748692633,20,0.3489228873055172,0.12277431243625389,True
276033579,Bài Tập Tiếng Anh 6 Global Success (Có Đáp Án) - Mai Lan Hương,Ngoại ngữ từ điển,8,0.007813350259597467,8,0.007813350259597467,0.0,False
274773002,Cú Pháp Học Tiếng Anh,Ngoại ngữ từ điển,18,0.21660353454335246,20,0.3488143171837376,0.13221078264038516,True
272396045,Cambridge IELTS 18 Academic,Ngoại ngữ từ điển,0,0.20204747751208932,20,0.296403231376287,0.09435575386419767,True
272247035,Tiếng Nhật Cho Mọi Người - Sơ Cấp 2 - Bản Dịch Và Giải Thích Ngữ Pháp-Tiếng Việt - Bản Mới (Tái Bản 2023),Ngoại ngữ từ điển,10,0.0005777578206855261,10,0.0005777578206855261,0.0,False
270713774,"Giáo Trình Tiếng Trung Tăng Cường (Khổ Lớn - In Màu) - Giáo Trình Tổng Hợp 1 (Học Kèm Khóa Học Trực Tuyến Miễn Phí, Tặng File Nghe MP3)",Ngoại ngữ từ điển,0,0.23619629142044474,20,0.32975692806274237,0.09356063664229763,True
258858348,Tiểu thuyết kinh điển tiếng Anh: Crime And Punishment,Ngoại ngữ từ điển,15,0.2135949415619107,20,0.3189306479939755,0.10533570643206483,True
253523746,Sách Pagoda IELTS Writing,Ngoại ngữ từ điển,19,0.27619877104388435,20,0.3769683793193133,0.10076960827542897,True
200617450,Combo IELTS Foundation và Từ vựng IELTS 8.0,Ngoại ngữ từ điển,30,0.4469551793344168,20,0.5625919579923191,0.11563677865790228,True
193322082,Giáo Trình Ngữ Pháp Tiếng Hán Hiện Đại,Ngoại ngữ từ điển,0,0.0003205597591733789,0,0.0003205597591733789,0.0,False
173772416,Combo Giáo trình Hán Ngữ Tập 1: Quyển Thượng + Quyển Hạ,Ngoại ngữ từ điển,18,0.19827584423449315,20,0.296403231376287,0.09812738714179384,True
145092101,Sách Giới Từ Tiếng Anh,Ngoại ngữ từ điển,29,0.3131647899103071,29,0.3131647899103071,0.0,False
115693251,Combo 2 sách Luyện giải đề thi HSK cấp 4+Luyện thi HSK cấp tốc tập 2 (tương đương HSK3+HSK4)+KÈM MP3 NGHE ONLINE,Ngoại ngữ từ điển,0,0.26190892735798055,20,0.37282735367828773,0.11091842632030718,True
103379146,Tài Liệu Luyện Thi HSK (Phiên Bản Mới) - Tập 3 (Quét Mã QR Sau Sách Để Nghe File MP3),Ngoại ngữ từ điển,30,0.39035996838236015,20,0.5587000343301487,0.16834006594778855,True
89402949,Sách The Vocabulary Files A1 - Elementary (Tái Bản),Ngoại ngữ từ điển,19,0.24553992053182064,20,0.35801950401646,0.11247958348463935,True
84458043,Sách Try! Kỳ Thi Năng Lực Nhật Ngữ N1 - Phát Triển Các Kỹ Năng Tiếng Nhật Từ Ngữ Pháp (Phiên Bản Tiếng Việt),Ngoại ngữ từ điển,17,0.23196281301024452,20,0.36422217370118437,0.13225936069093985,True
57037224,Sách Tự Học Tiếng Anh Cấp Tốc Cho Người Mới Bắt Đầu,Ngoại ngữ từ điển,23,0.3169602756836496,20,0.38746202853698625,0.07050175285333665,True
50782102,Sách Score Maximizing For The Toefl iBT – Listening And Reading,Ngoại ngữ từ điển,58,0.24161976808029517,20,0.4861135622649033,0.24449379418460815,True
50782092,Sách Score Maximizing For The Toefl iBT – Speaking And Writing,Ngoại ngữ từ điển,58,0.3383978846505233,20,0.6096752935507455,0.27127740890022217,True
49994421,Sách English For Everyone - Grammar Guide - Practice Book,Ngoại ngữ từ điển,16,0.24661544841694746,20,0.3520697404523704,0.10545429203542292,True
47142037,Sách 1500 Từ Vựng Cần Thiết Cho Kỳ Thi Năng Lực Nhật Ngữ N4,Ngoại ngữ từ điển,22,0.3431305947283713,22,0.3431305947283713,0.0,False
13833476,Sách Barron's IELTS International English (Tái Bản 2019),Ngoại ngữ từ điển,26,0.1023026547602428,26,0.1023026547602428,0.0,False
4327483, Ielts SpeakingSuccess: Skills Strategies and Model Answers (Bộ Sách Ielts Mike),Ngoại ngữ từ điển,26,0.5556005152060245,26,0.5556005152060245,0.0,False
1864757,Giáo Trình HSK 3 - Sách Bài Học (Kèm MP3),Ngoại ngữ từ điển,19,0.5319693536718262,19,0.5319693536718262,0.0,False
724736,Sách Quick English – Nói Tiếng Anh Cấp Tốc,Ngoại ngữ từ điển,20,0.6365305170930103,20,0.6365305170930103,0.0,False
707417,Sách TOEFL iBT Navigator: Reading,Ngoại ngữ từ điển,45,0.21141027269334003,20,0.34243463572951954,0.1310243630361795,True
602825,Đàm Thoại Tiếng Hàn Cấp Tốc (Kèm CD),Ngoại ngữ từ điển,5,0.26616155410646997,20,0.37935505517043905,0.11319350106396908,True
578199,Sách To Understand English Lớp 4 + 1 CD,Ngoại ngữ từ điển,30,0.12307462427216008,0,0.19105818185225476,0.06798355758009468,True
553989,Sách Enrich Your IELTS Vocabulary,Ngoại ngữ từ điển,20,0.5858105622882539,20,0.5858105622882539,0.0,False
535113,Sách Viết Nhật Ký Bằng Tiếng Anh,Ngoại ngữ từ điển,30,0.2876195961064017,20,0.46564981846490255,0.17803022235850086,True
521179,Sách English For Tourism And Restaurants - Book 2 (Kèm file MP3),Ngoại ngữ từ điển,30,0.23465600831720365,20,0.3202546774161178,0.08559866909891414,True
365791,Sách Collins - Get Ready For IELTS - Speaking,Ngoại ngữ từ điển,30,0.4450193095949973,20,0.5419988211971987,0.09697951160220136,True
278979381,Sách - Ready for VSTEP - Luyện nói VSTEP theo chủ đề B1 B2,Ngoại ngữ từ điển,15,0.001349924585218703,15,0.001349924585218703,0.0,False
278966752,Sách - 214 Bộ Thủ,Ngoại ngữ từ điển,15,0.22349902424966545,20,0.35504773614404805,0.1315487118943826,True
278761339,Sách - Bộ Sách Sổ Luyện Viết Trong Tiếng Trung - Bộ Thủ + Nét Chữ + Nét Bút (Bộ 3 Cuốn),Ngoại ngữ từ điển,15,0.001349924585218703,15,0.001349924585218703,0.0,False
278710198,Sách Luyện Nói Tiếng Trung Trong Thời Đại Mới,Ngoại ngữ từ điển,30,0.0019230769230769232,30,0.0019230769230769232,0.0,False
277471563,Sách - Tiếng Hàn Tổng Hợp Trung Cấp 3 - Sách Bài Tập - MCBooks,Ngoại ngữ từ điển,0,0.20021835528176932,20,0.3694557011225747,0.16923734584080538,True
277358995,Sách English Question 101: Lộ Trình Học Giao Tiếp Qua Q&A,Ngoại ngữ từ điển,29,0.008785822021116139,29,0.008785822021116139,0.0,False
276956350,Sách - Giáo Trình Hán Ngữ 3 - Tập 2 - Quyển Thượng - Phiên Bản 3 - MCBooks,Ngoại ngữ từ điển,0,0.003956923395537016,0,0.003956923395537016,0.0,False
276586974,Giáo trình tiếng Hoa đương đại - sách giáo viên 1,Ngoại ngữ từ điển,17,0.19369222463980929,20,0.30597783455089017,0.11228560991108089,True
276251671,Sách Chinh phục ngữ pháp tiếng Trung Quốc (trình độ sơ - trung cấp),Ngoại ngữ từ điển,30,0.20739204251468282,20,0.36422217370118437,0.15683013118650155,True
275771484,Cười Và Học Tiếng Anh: 45 Truyện Cười Chơi Chữ Giúp Học Giỏi Tiếng Anh,Ngoại ngữ từ điển,0,0.06312456901266449,0,0.06312456901266449,0.0,False
275359092,Combo Sách Giáo Trình Chuẩn YCT 1 - Sách Bài Học + Sách Bài Tập (Bộ 2 Cuốn),Ngoại ngữ từ điển,17,0.21111772655018762,20,0.3340859482938804,0.12296822174369276,True
275190229,Cười Và Học Tiếng Anh -  45 Truyện Cười Chơi Chữ Giúp Học Giỏi Tiếng Anh,Ngoại ngữ từ điển,23,0.0072011344440621496,23,0.0072011344440621496,0.0,False
274870103,Tự Học 5000 Câu Giao Tiếp Tiếng Pháp ,Ngoại ngữ từ điển,18,0.0005777578206855261,18,0.0005777578206855261,0.0,False
262903731,Bảng Tra Hán Tự Và Cách Đọc Theo Âm Hán-Âm Nhật,Ngoại ngữ từ điển,18,0.0005777578206855261,18,0.0005777578206855261,0.0,False
255427279,Marugoto Ngôn ngữ và Văn hóa Nhật Bản  Trình Độ SơTrung cấp A2/B1 - Bản Quyền,Ngoại ngữ từ điển,0,0.0003205597591733789,0,0.0003205597591733789,0.0,False
252166884,Sách 360 Động Từ Bất Quy Tắc Và Cách Dùng Các Thì Trong Tiếng Anh,Ngoại ngữ từ điển,0,0.05070604956578751,0,0.05070604956578751,0.0,False
252161710,Sách - Ngữ Pháp Việt Nam (DN),Ngoại ngữ từ điển,0,0.003956923395537016,0,0.003956923395537016,0.0,False
252078535,Sách - 1000 câu giao tiếp Trung Việt thông dụng (tái bản kèm CD),Ngoại ngữ từ điển,0,0.003956923395537016,0,0.003956923395537016,0.0,False
247935581,Đàm Thoại Tiếng Anh Cho Người Quản Lý,Ngoại ngữ từ điển,10,0.0034944244873521923,10,0.0034944244873521923,0.0,False
209165797,Tập Viết Chữ Hán - Theo Giáo Trình Hán Ngữ Phiên Bản Mới (Tái Bản),Ngoại ngữ từ điển,17,0.2900985468734105,20,0.36126547244766444,0.07116692557425391,True
208198119,Sách Hackers IELTS Reading (Tái Bản),Ngoại ngữ từ điển,34,0.43036656509543264,20,0.5796281549792465,0.14926158988381383,True
200727214,Tự Học Viết Tiếng Nhật Căn Bản - KATAKANA,Ngoại ngữ từ điển,0,0.005952626035976499,0,0.005952626035976499,0.0,False
195954683,Sách DESTINATION B1 - Ngữ pháp và từ vựng tiếng anh tập 1,Ngoại ngữ từ điển,26,0.28805765639386904,20,0.3694557011225747,0.08139804472870565,True
191630775,Sách Luyện Viết Và Học Từ Vựng Tiếng Anh Lớp 4 – Theo Chương Trình Family And Friends (Special Edition),Ngoại ngữ từ điển,30,0.2218028160256277,20,0.35801950401646,0.13621668799083228,True
180851008,Sách Cùng Con Học Ngữ Âm Tiếng Anh Qua 3 Cấp Độ - Phụ Âm Ghép,Ngoại ngữ từ điển,25,0.32535907968703737,20,0.3913076137740884,0.06594853408705104,True
173093696,Developing Skills For The Toeic Test,Ngoại ngữ từ điển,10,0.2161500968148938,20,0.34313414916444474,0.12698405234955093,True
163739617,Giáo Trình Chuẩn HSK 5 - Sách Bài Tập - Tập 2,Ngoại ngữ từ điển,17,0.19224058658279072,20,0.327595942490494,0.13535535590770328,True
115521147,"Combo 2 sách luyện thi B1 Vstep: Sách luyện thi B1 Vstep 4 kỹ năng và Sách 30 đề thi viết luận tiếng Anh B1, B2 Vstep – Ôn thi chứng chỉ tiếng Anh bậc 3 theo khung NLNN 6 bậc Việt Nam",Ngoại ngữ từ điển,22,0.5492355253985042,22,0.5492355253985042,0.0,False
87895678,"Combo 2 sách Phân tích đáp án các bài luyện dịch Tiếng Trung và Du lịch Việt Nam Ẩm thực và cảnh điểm (in màu, có audio nghe, giấy ảnh c2) + DVD tài liệu",Ngoại ngữ từ điển,20,0.3769683793193133,20,0.3769683793193133,0.0,False
77721047,Sách IELTS Key Writing - Công Thức Học Nhanh IELTS - Writing Task 2,Ngoại ngữ từ điển,40,0.4892607625283866,20,0.5905549969774994,0.10129423444911279,True
72100745,Sách - Tiếng Anh Chuyên Đề - Tiếng Anh Dùng Trong Ngành Công Nghiệp Dược  ,Ngoại ngữ từ điển,3,0.16774796340524045,20,0.3521473827080127,0.18439941930277226,True
51702499,Combo Trọn Bộ 4 Cuốn Hackers IELTS (Listening + Reading + Speaking + Writing),Ngoại ngữ từ điển,35,0.3914448667110324,20,0.5949252872829721,0.2034804205719397,True
29591072,Sách How To Crack The IELTS Speaking Test - Part 1,Ngoại ngữ từ điển,32,0.2697913457770398,20,0.33025467741611775,0.060463331639077966,True
4363833,Sách English For Everyone - Business English - Course Book Level 2 (Kèm 1 Đĩa CD -Room),Ngoại ngữ từ điển,23,0.23027660187979113,20,0.296403231376287,0.06612662949649586,True
3306063,Sách 3000 Từ Vựng Tiếng Anh Thông Dụng Nhất (Tái Bản),Ngoại ngữ từ điển,12,0.2061944531133097,20,0.3513604106485058,0.14516595753519612,True
715556,Sách New TOEIC 4n4 - 620 Level (Kèm CD),Ngoại ngữ từ điển,30,0.31740586324276415,20,0.525158930305285,0.2077530670625209,True
694903,Sách Starters,Ngoại ngữ từ điển,26,0.5289002597743929,26,0.5289002597743929,0.0,False
609467,Sách Luyện Thi TOPIK 2 - Trình Độ Trung Cấp Và Nâng Cao,Ngoại ngữ từ điển,30,0.459914445713655,20,0.5413548207402722,0.08144037502661722,True
548090,Sách Le Nouveau Sans Frontières 1 (Kèm file MP3),Ngoại ngữ từ điển,30,0.2519996192876827,20,0.4368704879094615,0.18487086862177876,True
365810,Sách Lessons For IELTS - Advanced Speaking,Ngoại ngữ từ điển,24,0.452353194041513,24,0.452353194041513,0.0,False
279274199,Sách - Mind Map Giao Tiếp Tiếng Trung Theo Giáo Trình Hán Ngữ,Ngoại ngữ từ điển,0,0.0003205597591733789,0,0.0003205597591733789,0.0,False
278682339,Sách Giáo Trình Hán Ngữ 4 - Tập 2: Quyển Hạ (Phiên Bản Mới),Ngoại ngữ từ điển,26,0.0025008347437624496,26,0.0025008347437624496,0.0,False
277621647,Sách IELTS Speaking Journey - Speak Your Way To Band 6.0,Ngoại ngữ từ điển,29,0.5398170506152546,20,0.6181558722872755,0.07833882167202089,True
274728193,Sách IELTS Reading Strategies For The IELTS Test,Ngoại ngữ từ điển,24,0.5238466619970058,20,0.5796281549792465,0.055781492982240666,True
273921445,Sách Chinh phục đề thi VSTEP bậc năng lực từ B1 đến C1,Ngoại ngữ từ điển,30,0.19094476475677372,20,0.3291538519743073,0.13820908721753358,True
273384707,Sách Tiêu chuẩn các cấp độ tiếng Trung trong giáo dục tiếng Trung quốc tế - Giáo trình luyện và nhớ nhanh từ vựng - Cấp độ 1,Ngoại ngữ từ điển,20,0.5724436471357619,20,0.5724436471357619,0.0,False
273384705,Sách Tiêu chuẩn các cấp độ tiếng Trung trong giáo dục tiếng Trung quốc tế - Giáo trình tập viết chữ Hán - Sơ cấp,Ngoại ngữ từ điển,30,0.0031380896457232337,30,0.0031380896457232337,0.0,False
273257779,Cambridge IELTS 18 Academic - With Answer + Audio,Ngoại ngữ từ điển,3,0.407454407062036,20,0.5377952325908633,0.13034082552882725,True
271479894,Sách 3500 Từ Vựng Tiếng Anh Theo Chủ Đề,Ngoại ngữ từ điển,33,0.2124884110483742,20,0.3709770928529402,0.15848868180456602,True
271456409,Sách 10 Phút Tự Học Tiếng Trung Mỗi Ngày (Tái bản 03),Ngoại ngữ từ điển,29,0.30360757002854366,29,0.30360757002854366,0.0,False
271317441,Sách Lessons for IELTS Reading (Tái bản 2023),Ngoại ngữ từ điển,23,0.24874442177049905,20,0.3340859482938804,0.08534152652338134,True
252600880,Sách Easy English Conversation – Giao tiếp tiếng Anh thật dễ dàng - Học Kèm App Online,Ngoại ngữ từ điển,15,0.44277388229402254,20,0.6181558722872755,0.175381989993253,True
215040171,Học Tiếng Anh Qua 90 Mẩu Chuyện Cười Song Ngữ Anh - Việt (Trình Độ Nâng Cao),Ngoại ngữ từ điển,12,0.2061944531133097,20,0.34913061512757104,0.14293616201426135,True
206491183,Giáo trình chuẩn YCT 2 - Sách Bài Tập,Ngoại ngữ từ điển,19,0.5202207083693102,19,0.5202207083693102,0.0,False
195255266,Sách Bùng Nổ Tiếng Anh: 27 Giới Từ Hữu Ích Trong Tiếng Anh Giao Tiếp,Ngoại ngữ từ điển,25,0.10700670144842539,25,0.10700670144842539,0.0,False
190502329,Giáo Trình Chuẩn HSK 6 - Tập 1,Ngoại ngữ từ điển,17,0.20605027979580637,20,0.32883398899464206,0.12278370919883569,True
179372231,Sách Key Words for IELTS - Book 3 Advanced (Tái Bản 2022),Ngoại ngữ từ điển,30,0.38919684063191645,20,0.585094082890741,0.1958972422588246,True
135754578,Sách Luyện Nghe Tiếng Trung Quốc Cấp Tốc - Trình Độ Sơ Cấp (Tái Bản)(Quét Mã QR Để Nghe File MP3),Ngoại ngữ từ điển,20,0.30597783455089017,20,0.30597783455089017,0.0,False
115795520,Truyện đọc tiếng Anh - Grimm'S Fairy Tales,Ngoại ngữ từ điển,15,0.14025753950704567,0,0.21272476508749324,0.07246722558044758,True
103379150,Tài Liệu Luyện Thi HSK (Phiên Bản Mới) - Tập 1 (Quét Mã QR Sau Sách Để Nghe File MP3),Ngoại ngữ từ điển,22,0.27269221323352566,20,0.32322925993945456,0.0505370467059289,True
92533426,301 Câu Đàm Thoại Tiếng Hoa-khổ nhỏ,Ngoại ngữ từ điển,0,0.21018153608681925,20,0.3594984956130986,0.14931695952627935,True
77112144,Sách Keep It Up Tập Viết Chữ Hán - Học Tiếng Trung Cho Người Mới Bắt Đầu,Ngoại ngữ từ điển,29,0.5159499632423206,29,0.5159499632423206,0.0,False
74935641,Sách Luyện Nói Tiếng Trung Quốc Cấp Tốc - Trình Độ Trung Cấp (Bản Thứ Ba) (Quét Mã Qr Để Nghe File Mp3),Ngoại ngữ từ điển,20,0.5559986189710271,20,0.5559986189710271,0.0,False
68446018,Sách 15 Days' Practice for IELTS Speaking (Tái Bản 2020),Ngoại ngữ từ điển,30,0.2440473219027918,20,0.3185445137245591,0.07449719182176731,True
50367675,Sách Mô Phỏng Đề Thi HSK - Phiên Bản Mới - Cấp Độ 6,Ngoại ngữ từ điển,20,0.6172222533968806,20,0.6172222533968806,0.0,False
48629555,Sách Luyện Thi Năng Lực Nhật Ngữ Trình Độ N2 - Hán Tự (Tái Bản),Ngoại ngữ từ điển,27,0.5740580602089146,20,0.631540372915825,0.0574823127069104,True
25130522,Sách 301 Câu Đàm Thoại Tiếng Trung Quốc - Tập 2 (Tặng Kèm CD) (Tái Bản),Ngoại ngữ từ điển,19,0.18853819540924735,35,0.3068462157433008,0.11830802033405344,True
10411544,Combo Giáo Trình Hán Ngữ Boya Sơ Cấp 2 + Sách Bài Tập Đáp Án (Tái Bản - Kèm App),Ngoại ngữ từ điển,24,0.23620252780571707,20,0.296403231376287,0.06020070357056992,True
8121460,Sách Giáo Trình Hán Ngữ 1 - Tập 1 - Quyển Thượng (Phiên Bản Mới),Ngoại ngữ từ điển,26,0.5408960048623939,26,0.5408960048623939,0.0,False
7203977,Sách Đàm Thoại Tiếng Trung Quốc Cấp Tốc - Tập 1 (Kèm file MP3) (Tái Bản),Ngoại ngữ từ điển,30,0.38217568163952975,20,0.5948940601651429,0.21271837852561315,True
2987229,Sách Giáo Trình Chuẩn YCT 5 (Kèm file MP3),Ngoại ngữ từ điển,20,0.3171635613436067,20,0.3171635613436067,0.0,False
2987225,Sách Giáo Trình Chuẩn YCT 4 (Kèm file MP3),Ngoại ngữ từ điển,20,0.3615775823185754,20,0.3615775823185754,0.0,False
2987223,Sách Giáo Trình Chuẩn YCT 3 (Kèm file MP3),Ngoại ngữ từ điển,20,0.3615775823185754,20,0.3615775823185754,0.0,False
2438617,Nuôi Dưỡng Tâm Hồn - Truyện Tranh Song Ngữ Anh - Việt - Bé Học Lựa Chọn Theo Tình Huống,Ngoại ngữ từ điển,27,0.008434900677828382,27,0.008434900677828382,0.0,False
1610161,Sách Lessons For IELTS - Listening (Tái Bản 2018),Ngoại ngữ từ điển,24,0.44367584242969144,20,0.4985345731505689,0.05485873072087749,True
568804,Sách Tiếng Anh Giao Tiếp - Communicative English (Kèm file MP3),Ngoại ngữ từ điển,20,0.5728526325840777,20,0.5728526325840777,0.0,False
512256,Sách 15 Phút Tiếng Anh Thực Dụng Mỗi Ngày (Kèm 1 Đĩa MP3),Ngoại ngữ từ điển,20,0.3209185578566602,20,0.3209185578566602,0.0,False
483818,Sách 500 Câu Hỏi Luyện Thi Năng Lực Nhật Ngữ Trình Độ N1,Ngoại ngữ từ điển,21,0.6011373014403061,21,0.6011373014403061,0.0,False
437968,Sách Collins Cobuild - Key Words For IELTS (Book 2: Improver),Ngoại ngữ từ điển,30,0.4437133274896011,20,0.573029665443491,0.12931633795388991,True
365780,Sách Collins - Get Ready For IELTS - Reading,Ngoại ngữ từ điển,20,0.5766755846098921,20,0.5766755846098921,0.0,False
278698533,Sách Tự Học Tiếng Tây Ban Nha Cho Người Mới Bắt Đầu,Ngoại ngữ từ điển,20,0.32139394247913716,20,0.32139394247913716,0.0,False
278582790,Đề Kiểm Tra Tiếng Anh 6 Global Success - Mai Lan Hương,Ngoại ngữ từ điển,0,0.003956923395537016,0,0.003956923395537016,0.0,False
278573499,Sách Kỳ Thi Năng Lực Nhật Ngữ - Sổ Tay Hán Tự,Ngoại ngữ từ điển,21,0.0005777578206855261,21,0.0005777578206855261,0.0,False
278540697,Sách Cẩm Nang Nâng Cấp Từ Vựng Tiếng Trung Theo Chủ Đề (Tập 1 + Tập 2),Ngoại ngữ từ điển,31,0.21031250903997503,20,0.3555115675085234,0.1451990584685484,True
278118319,Sách Kanji - Lịch Sử Phát Triển Và Biến Hóa Của Chữ Hán Ở Nhật Bản,Ngoại ngữ từ điển,30,0.39035996838236015,20,0.5587000343301487,0.16834006594778855,True
278118317,Sách Kanji Hiện Đại - Chữ Hán Trong Đời Sống Nhật Bản Hiện Nay,Ngoại ngữ từ điển,29,0.5009701129128155,20,0.5844137959388405,0.083443683026025,True
278042151,Sách Thành Thạo Tiếng Anh Giao Tiếp Trong 160 Giờ,Ngoại ngữ từ điển,27,0.25887417823508857,20,0.3525660873580513,0.09369190912296271,True
276834906,Sách - Destination B2 Grammar and Vocabulary Tặng Audio và bài tập thực hành MCBooks,Ngoại ngữ từ điển,23,0.000196078431372549,23,0.000196078431372549,0.0,False
276586978,Giáo trình tiếng Hoa đương đại - sách bài tập + sách tập viết  (1-1),Ngoại ngữ từ điển,20,0.3344678380338474,20,0.3344678380338474,0.0,False
276375195,Sách Giáo trình tiếng Trung thương mại (Ấn bản 3 - Tập 1) (Quét mã để nghe file MP3),Ngoại ngữ từ điển,19,0.19499051846932905,20,0.32883398899464206,0.133843470525313,True
275716180,Sách Toàn Thư Tự Học Chữ Hán - Tái Bản,Ngoại ngữ từ điển,31,0.4482840373341834,20,0.5794629889128199,0.13117895157863646,True
274773151,Ngữ Nghĩa Học Tiếng Anh,Ngoại ngữ từ điển,19,0.23280487779677791,20,0.3513604106485058,0.1185555328517279,True
274772913,Hình Thái Học Tiếng Anh,Ngoại ngữ từ điển,18,0.23814824732003925,20,0.3460604261862736,0.10791217886623433,True
274449643,"Sách Tiêu chuẩn các cấp độ tiếng Trung trong giáo dục tiếng Trung quốc tế - 
Giáo trình ngữ pháp - Trung cấp",Ngoại ngữ từ điển,17,0.0029411764705882353,17,0.0029411764705882353,0.0,False
274069425,Combo Chinh Phục Kỹ Năng Nói - Viết và Luyện Đề Thi Bậc B1-C1 VSTEP (3 Cuốn),Ngoại ngữ từ điển,30,0.30315167302406393,30,0.30315167302406393,0.0,False
269973488,Giáo Trình Chuẩn HSK 1 - Sách Bài Tập (Tái Bản 2023),Ngoại ngữ từ điển,17,0.4510083726505012,20,0.5986233494982937,0.14761497684779246,True
263394057,Tiếng Việt Cho Người Trung Quốc (Free Audio Files),Ngoại ngữ từ điển,0,0.007663063746414207,0,0.007663063746414207,0.0,False
261151715,Giáo Trình Chuẩn HSK 1 (Tái Bản 2023),Ngoại ngữ từ điển,17,0.19224058658279072,20,0.327595942490494,0.13535535590770328,True
216097690,Sách 15.000 từ tiếng Anh phải biết (Quét mã QR và đăng ký để nghe file MP3),Ngoại ngữ từ điển,20,0.5728526325840777,20,0.5728526325840777,0.0,False
200771995,Sách Đố Bạn Tìm Được Tôi – Trái Chuối Chạy Trốn,Ngoại ngữ từ điển,29,0.336684738324991,29,0.336684738324991,0.0,False
173420541,Speaking Matrix – 2 phút nói tiếng Anh như gió - TKBooks ,Ngoại ngữ từ điển,12,0.4098629463653458,20,0.5508040783303312,0.14094113196498537,True
106208727,Sách YBM English Basics 2,Ngoại ngữ từ điển,52,0.3638174025705431,20,0.5843394242413731,0.22052202167082996,True
80141527,Sách Hackers IELTS Basic- Reading,Ngoại ngữ từ điển,35,0.3019202756895711,35,0.3019202756895711,0.0,False
77112147,Combo 2 Cuốn: Keep It Up - Học Tiếng Trung Cấp Tốc Và Tập Viết Chữ Hán Cho Người Mới Bắt Đầu,Ngoại ngữ từ điển,27,0.2657964771012444,20,0.3340859482938804,0.06828947119263601,True
76023044,Phong Cách Học Tiếng Việt Hiện Đại,Ngoại ngữ từ điển,0,0.20661111346257935,20,0.34913061512757104,0.1425195016649917,True
50367677,Sách Collins Speaking A2 Pre-Intermediate (Kèm file MP3) - Tái Bản 2020,Ngoại ngữ từ điển,19,0.19468557318549254,20,0.33262764607215034,0.1379420728866578,True
34554032,"Sách Luyện Thi Năng Lực Nhật Ngữ N5 : Hán Tự , Từ Vựng , Ngữ Pháp , Đọc Hiểu , Nghe Hiểu",Ngoại ngữ từ điển,20,0.3731688287188843,20,0.3731688287188843,0.0,False
3840807,Sách New Economy Toeic Rc 1000,Ngoại ngữ từ điển,20,0.5939223726663214,20,0.5939223726663214,0.0,False
3283535,Combo Marugoto A1 - Hoạt Động Giao Tiếp Và Hiểu Biết Ngôn Ngữ Văn Hóa Nhật,Ngoại ngữ từ điển,26,0.5837685798420709,26,0.5837685798420709,0.0,False
2697007,Sách Tiếng Nhật Cho Mọi Người: Trình Độ Sơ Cấp 1 – Hán Tự (Bản Tiếng Việt) (Bản Mới),Ngoại ngữ từ điển,23,0.5642748898467238,23,0.5642748898467238,0.0,False
2696999,Sách Tiếng Nhật Cho Mọi Người - Trình Độ Sơ Cấp 1 - Tổng Hợp Các Bài Tập Chủ Điểm (Bản Mới),Ngoại ngữ từ điển,29,0.35834262715509096,29,0.35834262715509096,0.0,False
1007137,Sách Tự Học 2000 Từ Vựng Tiếng Anh Theo Chủ Đề,Ngoại ngữ từ điển,12,0.5189873055565289,20,0.6040442881822616,0.08505698262573269,True
777545,Sách 450 Grammaire Niveau Débutant,Ngoại ngữ từ điển,20,0.5992422044621469,20,0.5992422044621469,0.0,False
566479,Sách Tiếng Anh Thực Dụng Cho 1001 Tình Huống Giao Tiếp,Ngoại ngữ từ điển,30,0.2886831619978746,20,0.46991338435637536,0.18123022235850078,True
562547,Sách Tiếng Anh Cho Mọi Người - English For Everyone Practice Book Level 1 Beginner,Ngoại ngữ từ điển,20,0.6365305170930103,20,0.6365305170930103,0.0,False
549835,Sách Thường Thức Về Viết Câu Tiếng Anh,Ngoại ngữ từ điển,30,0.35578584371492866,20,0.5469806406963044,0.1911947969813757,True
518169,Sách English For Hotels And Restaurants (Kèm CD),Ngoại ngữ từ điển,25,0.245840265883811,20,0.3185445137245591,0.07270424784074811,True
483834,Sách 500 Câu Hỏi Luyện Thi Năng Lực Nhật Ngữ Trình Độ N3,Ngoại ngữ từ điển,19,0.586426179641924,19,0.586426179641924,0.0,False
437718,Sách Collins English For Work - Workplace English (Kèm CD),Ngoại ngữ từ điển,30,0.4449176737147891,20,0.622707557643224,0.17778988392843498,True
437693,Sách How To Master Skills For The TOEFL iBT Writing Intermediate (Kèm CD),Ngoại ngữ từ điển,45,0.22300242008207186,20,0.3344678380338474,0.11146541795177553,True
279373134,Sách - Đi xa hơn một tấm bản đồ (Phiên bản song ngữ Việt - Trung) - Xuất Bản Chính Hãng,Ngoại ngữ từ điển,0,0.0003205597591733789,0,0.0003205597591733789,0.0,False
279245829,Sách - Sách - Tactics For Listening - Basic/Expanding/Developing - Chiến Thuật Luyện Nghe Tiếng Anh Cơ Bản/Nâng Cao/Mở Rộng,Ngoại ngữ từ điển,7,0.0003205597591733789,7,0.0003205597591733789,0.0,False
279112406,Sách - Tự Học Tiếng Pháp Cho Người Mới Bắt Đầu,Ngoại ngữ từ điển,17,0.19369222463980929,20,0.3169183828914385,0.12322615825162919,True
278856981,Sách 214 Bộ Thủ,Ngoại ngữ từ điển,11,0.000196078431372549,11,0.000196078431372549,0.0,False
278786010,Sách - Cambridge IELTS 20 - Academic - With Audio + Answers (Savina),Ngoại ngữ từ điển,0,0.003065657798389065,0,0.003065657798389065,0.0,False
