id,name,category_name,price,quantity_sold
279394165,Thám tử thừa kế,Sách tiếng Việt,50000,85
279313607,Bộ Sách Tô Màu 6 Cuốn Họa Sĩ Nhí Vẽ Thế Giới,Sách tiếng Việt,15000,0
279236017,Hồn Oda Da Shiba,Sách tiếng Việt,48900,29
242085691,Doraemon Tập 6: Nobita Và Cuộc Chiến Vũ Trụ [Tái Bản 2023],Sách tiếng Việt,20900,27
278841848,Doraemon Movie Story Màu: Nobita Và Những Hiệp Sĩ Không Gian,Sách tiếng Việt,34300,19
278572380,Perman - Cậu Bé Siêu Nhân,Sách tiếng Việt,23750,35
278159678,Truyện tranh tâm lý học đường - Học cách làm chủ cảm xúc (Sách bản quyền),Sách tiếng Việt,40600,39
185097189,Combo Nhà Có 5 Nàng Dâu ( 14 Tập) [Tái Bản 2025],Sách tiếng Việt,373500,3
279376736,Sách Vị Hôn Thê Giản Dị Của Tôi Rất Dễ Thương Lúc Ở Nhà (Tập 2),Sách tiếng Việt,104250,10
279236314,"Sách Giáo Trình Chuẩn HSK - Bài học và Bài Tập: HSK 1, HSK 2, HSK 3",Sách tiếng Việt,125800,7
278279383,Sách Trong Gia Đình,Sách tiếng Việt,87000,37
278242178,Tủ sách vui để học - Sách tô màu - Dòng sách cầm tay,Sách tiếng Việt,91000,6
278159185,Sách Em học cách quản lí cảm xúc của mình,Sách tiếng Việt,16400,31
278128712,Sách Bồi Dưỡng Tính Cách Tự Tin Và Mạnh Mẽ Cho Trẻ,Sách tiếng Việt,23400,13
276933751,Combo Giáo Trình Chuẩn YCT 2 - Sách Bài Học và Bài tập (Bộ 2 cuốn),Sách tiếng Việt,169000,235
279342169,Sách Tâm Lý Học Đọc Vị,Sách tiếng Việt,75210,18
279323586,Sách Dấu Ấn Hoàng Gia - Tập 51 [Tặng Kèm Postcard],Sách tiếng Việt,28500,118
277923352,Sách Hỏi đáp nhanh trí,Sách tiếng Việt,51000,49
278070702,Sách Anh Em Bình Thường,Sách tiếng Việt,51000,68
279366196,Sách Plants Vs Zombies Trái Cây Đại Chiến Zombie – Hỏi Đáp Khoa Học,Sách tiếng Việt,71000,15
278896961,Sách Một Người Rừng Thông Thái,Sách tiếng Việt,77300,11
279391329,Sách Trị Liệu Cảm Xúc Bằng Hương Thơm,Sách tiếng Việt,101800,14
279321796,Sách Thế Hệ Burnout – Vì Sao Chúng Ta Kiệt Sức?,Sách tiếng Việt,97500,9
279237463,Sách - Sách Lớp Học Mật Ngữ - Phiên Bản Mới - Tập 1-9 (Tái Bản 2025) - Tặng Kèm Quà Tặng Ngẫu Nhiên,Sách tiếng Việt,29400,31
278159167,"Vui Đọc Truyện, Khéo Tay Tô - Truyện Cổ Tích Về Các Nàng Công Chúa",Sách tiếng Việt,12000,23
278138889,Sách Khoa Học Diệu Kì: Đá Và Khoáng Vật - Sự Thật Cứng Ngắc Về Những Thứ Dưới Chân Ta,Sách tiếng Việt,27000,31
279267466,Sách Tự Chống Lưng,Sách tiếng Việt,75210,33
278893208,Xây Dựng Câu Chuyện Thương Hiệu,Sách tiếng Việt,143300,75
278679862,Sách Lift-The-Flap - Lật Mở Khám Phá - Những Kiến Thức Đầu Đời,Sách tiếng Việt,124000,7
262517040,Combo Many Lives Many Times - Muôn Kiếp Nhân Sinh - Tập 1 + 2 + 3 (3 Cuốn - Bìa Mềm) - FN,Sách tiếng Việt,555900,3
279398062,"Sách Rồi Ta Sẽ Lại Yêu, Vì Trái Tim Ta Còn",Sách tiếng Việt,74520,6
279396019,Sách Official Character Book - My Hero Academia - Học Viện Siêu Anh Hùng: Ultra Archive [Tặng Kèm Set Bookmark PVC + Bảng Sticker],Sách tiếng Việt,40500,4
275851408,Sách - Global Success Tiếng Anh Lớp 12 (Sách Học Sinh),Sách tiếng Việt,90000,5
279173515,Đời Sống Của Phụ Nữ Ai cập Cổ Đại,Sách tiếng Việt,145225,4
278972894,Truyện Cổ Tích Việt Nam và Truyện cổ Grimm (Combo và Lẻ),Sách tiếng Việt,65000,0
278632651,Sách Quản Trị Cuộc Đời,Sách tiếng Việt,299600,2
277997384,Sách Thích Một Người Chính Là…,Sách tiếng Việt,81750,9
277505044,Sách Chuyện Của Ếch Xanh,Sách tiếng Việt,38350,41
277024636,Sách Tiếng Trung dành cho học sinh trung học,Sách tiếng Việt,157000,36
275698423,Vàng Xám Và Những Ngày Xanh (Sách Tô Màu),Sách tiếng Việt,97679,8
9948023,Sách Của Chuột Và Người,Sách tiếng Việt,102600,0
279402053,Sách Greenland Sẽ Vào Tay Ai ?,Sách tiếng Việt,98600,11
279320570,Sách - Chỉ là ánh bình minh (Trọn bộ 2 tập có bìa áo) - Woo Ji-hye (Bản phổ thông) - Bách Việt,Sách tiếng Việt,320000,3
278813649,Alphacards Rèn Luyện Tư Duy Khác Biệt - Tư Duy Phản Biện Thông Minh,Sách tiếng Việt,121600,14
279106124,Sách Thuyền buồm Đông Dương,Sách tiếng Việt,115000,32
278880965,Sách Sống Đời Hạnh Phúc,Sách tiếng Việt,114730,25
278698558,"Combo 3 Cuốn Pomath Toán Tư Duy Cho Trẻ Em 4 - 6 tuổi (Tập 4,5,6)",Sách tiếng Việt,220000,23
278681215,Combo Giáo Trình Hán Ngữ Tập 1 (Quyển Thượng + Quyển Hạ) Và Tập Viết Chữ Hán Theo Giáo Trình Hán Ngữ,Sách tiếng Việt,302000,13
278618120,Sách Những Ngày Thơ Ấu (Quốc Ngữ Thi Thư),Sách tiếng Việt,32000,6
275300223,Sách Danh Nhân Khoa Học Việt Nam,Sách tiếng Việt,23200,60
275264315,Sách Hướng dẫn xây kênh Podcast từ A-Z,Sách tiếng Việt,118000,16
85065845,Sách Tự Học Đàm Thoại Tiếng Anh - Cuộc Sống Hằng Ngày (Tái Bản),Sách tiếng Việt,60000,6
279365356,Sách Sổ Tay Quán Dụng Ngữ Tiếng Trung Thông Dụng (TẬP 2),Sách tiếng Việt,68310,5
279268183,CÁC NHÀ TƯ TƯỞNG LỚN CỦA KITÔ GIÁO – Hans Küng - Nguyễn Nghị dịch – NXB Tri thức - Omega Plus,Sách tiếng Việt,154900,23
279259634,Sách Mọi Ưu Tiên Cho Em,Sách tiếng Việt,148200,4
278636755,Sách Mời Người Nhà Bệnh Nhân Tới Đây Một Lát,Sách tiếng Việt,149250,8
277164134,Sách Chú Rối Nhỏ,Sách tiếng Việt,90300,27
275814020,Osho - Luận Về Cuộc Đời - 365 Ngày Khai Sáng Tâm Hồn,Sách tiếng Việt,115200,8
274901375,"COMBO DẠY CON TRONG HOANG MANG (Tập 1, Tập 2)",Sách tiếng Việt,307000,52
73668282,Sách Quyền Sư,Sách tiếng Việt,87000,8
278472224,Comic Kĩ Năng Sống - Dành Cho Trẻ Tiểu Học,Sách tiếng Việt,34200,23
277587064,Sách 55 Thần Chú Của Sự Bình An,Sách tiếng Việt,73920,28
277554493,Sách Học nhanh 600++ Từ Vựng Tiếng Anh Bằng Sơ Đồ Tư Duy,Sách tiếng Việt,105500,9
276841088,Sách Thư Kí Bác Hồ Kể Chuyện,Sách tiếng Việt,47500,32
68668312,Sách Bộ 2 cuốn Cẩm Nang Hướng Dẫn Tẩy Sỏi Gan Mật + Hướng Dẫn Thải Độc Và Chế Độ Ăn Uống THB,Sách tiếng Việt,277500,15
278819497,Vua Tây Chúa Nguyễn (Bìa mềm),Sách tiếng Việt,49400,11
278790501,"Sách - (Combo) Viết Văn Thật Là Đơn Giản + Hành Trình Hiểu, Tư Duy Để Viết Văn Sáng Tạo",Sách tiếng Việt,154000,7
278715932,Sách - Lá Ngọc Cành Vàng (Tái Bản 2022),Sách tiếng Việt,44200,2
275606968,Thám Tử Lừng Danh Conan - Hanzawa Chàng Hung Thủ Số Nhọ - Tập 7,Sách tiếng Việt,25000,1
273464127,Sách Khám Phá Toán Học Thú Vị Quanh Ta,Sách tiếng Việt,102300,45
253227806,"Sách: Ngừng nói, bắt đầu tạo ảnh hưởng",Sách tiếng Việt,85000,2
279423694,Sách - Chơi Cùng Con - 100++ Trò Chơi Cùng Con Chỉ Với 5 Phút Chuẩn Bị - Dành Cho Bố Mẹ Có Con 0-6 Tuổi,Sách tiếng Việt,169100,1
278870038,Sách - Wild Cats - Tặng Kèm Mini Poster + Card PVC,Sách tiếng Việt,132300,4
278159233,Sách Du Hành Vào Lịch Sử Thế Giới,Sách tiếng Việt,33120,7
278138839,Sách Trang điểm Công chúa Hàn Quốc Myra,Sách tiếng Việt,36000,14
276564900,Combo 2 cuốn: Kỹ Năng Quản Lý Nhân Sự Chuyên Nghiệp + Nhân Sự Thực Chiến,Sách tiếng Việt,238500,1
275609908,SÁCH - Bồi Dưỡng Học Sinh Giỏi Hoá Học 8 Theo Chuyên Đề (dùng chung cho các bộ sgk hiện hành)HA-MK,Sách tiếng Việt,82800,3
274840198,Bài Tập Bổ Trợ Nâng Cao Toán Lớp 4 Tập 2 - Bộ Kết Nối Tri Thức Với Cuộc Sống,Sách tiếng Việt,98000,5
273238513,Xã Hội Học - Khái Lược Những Tư Tưởng Lớn - Bìa Cứng (Tái Bản 2023),Sách tiếng Việt,387000,2
252011530,Machiavelli,Sách tiếng Việt,249000,1
235728504,Sách Đến Thăm Thành Phố Của Em. Lý Sơn Kỳ Vĩ,Sách tiếng Việt,21250,0
196411153,Sách Master Your Life - Làm Chủ Niềm Tin,Sách tiếng Việt,96000,17
279112664,Làm Chủ AI Trong Giáo Dục - Từ Lý Thuyết Đến Thực Hành - TS. Vũ Xuân Hùng - Alpha Books,Sách tiếng Việt,162400,2
278687954,Thăm Dò Tiềm Thức - Carl Gustav Jung,Sách tiếng Việt,67500,3
277505035,Sách Phiên Bản Tôi Tốt Nhất,Sách tiếng Việt,101100,29
275300064,Bộ Sách Ngụ Ngôn Triết Học,Sách tiếng Việt,12000,131
207852929,Sách TRẦN HƯNG ĐẠO ĐẠI CHIẾN BẠCH ĐẰNG,Sách tiếng Việt,27000,7
196411142,Sách Master Your Life - Làm Chủ Động Lực,Sách tiếng Việt,111000,5
279280074,Sách Sức Hút Tuyệt Đối,Sách tiếng Việt,81750,31
278916774,Doraemon Movie Story Màu - Phiên Bản Mới: Nobita Thám Hiểm Vùng Đất Mới,Sách tiếng Việt,33250,19
278916767,Thám Tử Lừng Danh Conan Hoạt Hình Màu: Tàu Ngầm Sắt Màu Đen,Sách tiếng Việt,57000,21
279359157,White Nights; Poor Folk; The Double,Sách nước ngoài,145000,4
279251050,Sách ngoại văn: Project Hail Mary (Movie Tie-In),Sách nước ngoài,292500,8
279029112,Sách ngoại văn: Oxford Student's Dictionary 4th Edition,Sách nước ngoài,465400,3
278279707,Bài tập Bổ trợ Tiếng Anh 2 i-Learn Smart Start ,Sách nước ngoài,89000,26
277275373,Sách - Dtpbooks - Practice Tests Grade 11,Sách nước ngoài,118000,13
275875123,100 Ideas That Changed Graphic Design,Sách nước ngoài,689000,13
275803111,Chip War,Sách nước ngoài,413080,9
274673617,Cambridge Primary Mathematics Learner's Book 1 With Digital Access (1 Year) 2nd Edition,Sách nước ngoài,649200,8
274384962,Sách Dark Future: Uncovering the Great Reset's Terrifying Next Phase (The Great Reset Series),Sách nước ngoài,490000,7
273321949,Totto-Chan: The Little Girl at the Window,Sách nước ngoài,259000,32
271311800,Sách How to Catch the Easter Bunny,Sách nước ngoài,115000,7
263960552,Oxford - Solutions (Third Edition),Sách nước ngoài,317000,16
262974346,Solve For Happy: Engineer Your Path To Joy,Sách nước ngoài,299000,16
115695002,Essential Grammar In Use 4th Edition With Answers And Interactive eBook,Sách nước ngoài,594900,3
420792,Sách The Mysterious Island,Sách nước ngoài,120000,10
279237847,Sách Ngoại Văn - English Vocabulary in Use,Sách nước ngoài,134000,6
279174879,Sách - Orchid Basics by Brian Rittershausen - Gardening Book,Sách nước ngoài,220000,1
278873218,Sách ngoại văn: The Official Cambridge Guide To IELTS Student's Book With Answers,Sách nước ngoài,490100,10
278804976,Sách - The Man Who Mistook His Wife for a Hat by Oliver Sacks | Nonfiction / Psychology / Ngoại văn,Sách nước ngoài,320000,3
278764688,Sách - Introducing Lévi-Strauss: A Graphic Guide by Boris Wiseman | Anthropology / Philosophy,Sách nước ngoài,150000,2
278723663,Sổ Tay Kẻ Ngang - Gustav Klimt: Three Ages Of Woman,Sách nước ngoài,349000,2
278722659,Sách - Twenty Love Poems and a Song of Despair by Pablo Neruda | Classics Poetry / Ngoại văn,Sách nước ngoài,280000,1
278714568,Sách ngoại văn: Give Me Five! Level 3 Activity Book With Digital Book,Sách nước ngoài,238800,1
278714309,Sách ngoại văn: Imagine Level 1: Workbook,Sách nước ngoài,238600,5
278519185,Sách - Flow: The Psychology of Optimal Experience - Sách Self Help Ngoại văn - Nhập khẩu UK,Sách nước ngoài,380000,1
278279808,Sách - The Outsider by Albert Camus - Classics/ Fiction/ Philosophy in English,Sách nước ngoài,380000,1
276826727,CHAPTER HOUSE DUNE,Sách nước ngoài,275080,2
273307608,Chicken Soup For The Soul,Sách nước ngoài,189000,10
171212915,Collins Easy Learning Preschool - Writing Ages 3-5,Sách nước ngoài,69000,13
168774228,i-Learn Smart Maths Grade 1 Workbook Part 1 ( ENG-VN),Sách nước ngoài,104000,38
168666478,My Phonics 5 Activity Book (Int) With Crossplatform Application,Sách nước ngoài,135000,4
974695,Sách Colorless Tsukuru Tazaki And His Years Of Pilgrimage,Sách nước ngoài,329000,5
420774,Sách tiếng Anh - Wordsworth Classics : Alice Adventures In Wonderland and Through The Looking-Glass,Sách nước ngoài,168750,8
279414577,Sách ngoại văn: The Shadow Of Gods,Sách nước ngoài,407000,1
279241873,Sách ngoại văn: Sách Ngoại Văn - Books of Dan Brown,Sách nước ngoài,783000,3
279030243,Sách ngoại văn: Bunbun & Bonbon #3: Captain Bun & Super Bonbon: A Graphix Chapters Book,Sách nước ngoài,165300,1
276546325,Everything You Need To Ace Geometry In One Big Fat Notebook,Sách nước ngoài,436500,2
274677397,The Presentation Secrets Of Steve Jobs: How To Be Insanely Great In Front Of Any Audience,Sách nước ngoài,537200,4
274354270,Sách Healthy Me: Exercise And Play,Sách nước ngoài,203000,5
272303089,Personal Best American B2 Upper intermediate Pack A (SB+WB+e-learning),Sách nước ngoài,236000,34
270636721,A History of Vietnam in Pictures: The Collapse of the Lê sơ (In Colour),Sách nước ngoài,157250,1
198783490,English World 5 Dictionary,Sách nước ngoài,62000,4
171213023,Collins Easy Learning Preschool - Starting School Ages 3-5,Sách nước ngoài,69000,10
171045897,English Ages 3-5,Sách nước ngoài,89000,7
168774205,i-Learn Smart Maths Grade 5 Student's Book Part 1 (ENG-VN),Sách nước ngoài,156000,17
279236413,Sách ngoại văn:  English Grammar in Use Book w Ans,Sách nước ngoài,214200,5
279230660,Sách ngoại văn: Sách Ngoại Văn - Family and Friends,Sách nước ngoài,167000,0
279212049,Sách ngoại văn: Marketing 7.0 - A Guide For Thinking Marketers In The Age Of AI,Sách nước ngoài,730900,2
279143564,Watership Down,Sách nước ngoài,275080,1
279038515,Sách ngoại văn: Illustration 2025,Sách nước ngoài,970600,1
279027501,Sách ngoại văn: Harry Potter and the Order of the Phoenix (2015),Sách nước ngoài,336700,3
278786408,Sách Diary of a Wimpy Kid #20: Partypooper (UK Edition - Hardcover),Sách nước ngoài,359000,12
278445163,Sách - Principles for Dealing with the Changing World Order: Why Nations Succeed or Fail by Ray Dalio,Sách nước ngoài,880000,4
278058351,Sách ngoại văn: Kid's Box New Generation - Pupil's Book With Ebook 1,Sách nước ngoài,400600,3
277583061,"Sách - The castle by Franz Kafka - Sách tiếng anh, bìa mềm/ Fiction/Novel",Sách nước ngoài,280000,3
274675261,Voices Intermediate B1: Student's Book BRE + OLP/EBK CSTM (Vietnam Edition),Sách nước ngoài,313200,15
274419130,A2 Key For Schools 2 For The Revised 2020 Exam SB With Answers With Audio With Resource Bank,Sách nước ngoài,238600,51
274287321,Sách Zero Days,Sách nước ngoài,375000,4
274142757,The Bad Guys #16: The Bad Guys In The Others?!,Sách nước ngoài,169000,6
32222291,Harry Potter and the Deathly Hallows,Sách nước ngoài,346200,7
2613103,The Man In The Brown Suit,Sách nước ngoài,162800,14
279034673,Sách ngoại văn: Dog Man - Book 4 - Dog Man And Cat Kid,Sách nước ngoài,267900,1
278794533,Sách - A Tale of Two Cities (Wordsworth Classics) by Charles Dickens | English Fiction,Sách nước ngoài,180000,2
278794130,Sách - The Best of Sherlock Holmes by Sir Arthur Conan Doyle | Classic Novel / Ngoại văn Nhập khẩu,Sách nước ngoài,180000,1
278492733,Sách - Combo Từ Điển Anh - Anh - Việt Oxford Learner’s Pocket MCBooks,Sách nước ngoài,110000,4
278192563,"Sách - Influence, New and Expanded: The Psychology of Persuasion by Robert B Cialdini PhD/Business Culture›Motivation & Self-Improvement",Sách nước ngoài,420000,11
278017134,Sách ngoại văn: Oxf Phonics World 2 Student Book New,Sách nước ngoài,441600,7
277978214,Sách ngoại văn: Oxford Phonics World 1 - The Alphabet - Student's Book,Sách nước ngoài,441600,13
276828546,Psychology: A Complete Introduction: Teach Yourself,Sách nước ngoài,529000,4
274144017,Minecraft: The Crash: An Official Minecraft Novel,Sách nước ngoài,269000,4
273317880,Norwegian Wood,Sách nước ngoài,239000,18
270340701,Artbook - Sách Tiếng Anh - Middlemarch,Sách nước ngoài,800000,1
263202244,How Not To Die: Discover The Foods Scientifically Proven To Prevent And Reverse Disease,Sách nước ngoài,359000,3
142548548,Genetics 101,Sách nước ngoài,349000,5
106362981,Learn With Ollie Activity Book 2,Sách nước ngoài,83000,109
26594176,Have A Little Faith ,Sách nước ngoài,164680,3
279269994,Sách ngoại văn: English File - Fifth Edition - Pre-Intermediate - Student Book With Digital Pack,Sách nước ngoài,621500,2
279242172,Sách ngoại văn: Sách Ngoại Văn - Giáo trình Speak Now Level 1 - 4,Sách nước ngoài,134000,0
279237562,Cambridge B1 Preliminary (PET),Sách nước ngoài,226000,1
279041122,Sách ngoại văn: In Five Years,Sách nước ngoài,422800,2
278876600,"Sách - Ready for VSTEP – Vocabulary, Phrasal Verbs & Collocations B1 B2 - Tài liệu luyện thi hiệu quả",Sách nước ngoài,175500,5
278825227,Sách - A Brief History of London by Jeremy Black | History Nonfiction / Ngoại văn Nhập khẩu,Sách nước ngoài,350000,2
278732675,Cambridge IELTS 20 General Training,Sách nước ngoài,210000,5
278727726,"Sách - Art Nouveau: Glasgow, Amsterdam, New York by Thomas Hauffe / Art Book in English / Ngoại văn",Sách nước ngoài,680000,2
276827022,Harry Potter and the Cursed Child,Sách nước ngoài,275080,29
276809510,Sách ngoại văn: Empower B1 Pre-Intermediate - Workbook With Answers (2nd Edition),Sách nước ngoài,461100,4
274387490,Sách The P. K. Pinkerton Mysteries: The Case Of The Deadly Desperados,Sách nước ngoài,153000,5
267258546,Harry Potter and the Half-Blood Prince,Sách nước ngoài,309000,4
247902316,Wabi Sabi: Japanese Wisdom For A Perfectly Imperfect Life,Sách nước ngoài,600700,1
243086232,Cambridge Global English Workbook 1 With Digital Access (1 Year) 2nd Edition,Sách nước ngoài,333400,20
197380634,i-Learn Smart Start 2 WorkBook,Sách nước ngoài,81000,86
72702605,Power Up Level 2 Activity Book With Online Resources And Home Booklet,Sách nước ngoài,396300,24
279200936,Novelist as a Vocation,Sách nước ngoài,389000,1
279037718,Sách ngoại văn: Cam Primary Path Foundation - Activity Book With Practice Extra,Sách nước ngoài,636700,1
279032605,Sách ngoại văn: Blue Archive Comic Anthology 4 (Japanese Edition),Sách nước ngoài,297900,1
279029749,Sách ngoại văn: Oga Kazuo Gashu ( Jiburi Ｔｈｅａｒｔ Shiri Zu ),Sách nước ngoài,970400,1
278235912,Sách ngoại văn: A2 KEY For Schools - Trainer 2 Without Answers,Sách nước ngoài,296600,1
278058339,Sách ngoại văn: Kid's Box New Generation - Activity Book With Digital Pack 4,Sách nước ngoài,351000,6
276809716,Sách ngoại văn: Cam Primary Science 3 - Learner's With Digital Access (1 Year) (2nd Edition),Sách nước ngoài,550100,3
276429480,Everyboy Up 2 - Student Book With Online Practice (3rd Edition),Sách nước ngoài,336900,2
275699607,The History of Colour,Sách nước ngoài,759000,1
274674444,Uma Musume Cinderella Gray 4 (Japanese Edition),Sách nước ngoài,250800,1
274354255,Sách Healthy Me: Mental Well-Being And Mindfulness,Sách nước ngoài,140000,9
274040568,Sách - The Way To Be Humble,Sách nước ngoài,70000,1
270052884,American Family And Friends Level 3: Workbook With Online Practice - 2nd Edition,Sách nước ngoài,232200,18
252578274,Play Smart Early Learning 2+,Sách nước ngoài,168000,3
192951426,Look And See 3: Activity Book,Sách nước ngoài,226800,5
192951368,New Close-up B1 With Online Practice And Student's EBook,Sách nước ngoài,421200,13
191004731,Fantastic Mr Fox,Sách nước ngoài,229000,3
168666483,My Phonics 3 Pupil's Book (Int) With Crossplatform Application,Sách nước ngoài,151000,8
106363107,Hooray Let's Play A2 Student's Book and Activities & Projects,Sách nước ngoài,103000,11
279270236,Sách ngoại văn: English File - Fifth Edition - Elementary - Student Book With Digital Pack,Sách nước ngoài,621500,1
279106446,Sách - Percy Jackson And The Olympians The Battle Of The Labyrinth by Rick Riordan,Sách nước ngoài,300000,2
279046456,Sách ngoại văn: イラストレーションファイル2025 下巻 - Illustration File 2025 Gekan,Sách nước ngoài,840400,1
279042651,Sách ngoại văn: Illustrator Expo,Sách nước ngoài,975400,1
278906584,Sách ngoại văn: Clear Thinking,Sách nước ngoài,330200,2
278160422,"Sách - The Twits by Roald Dahl, Quentin Blake (Illustrator) - Sách thiếu nhi tiếng Anh nhập khẩu UK",Sách nước ngoài,250000,1
277770904,Sách - The Marshmallow Test: Understanding Self-control and How To Master It by Walter Mischel - Psychology /Nonfiction /Self Help,Sách nước ngoài,350000,1
277603511,"Sách - 50 Maths Ideas You Really Need to Know (50 Ideas You Really Need to Know series) by Tony Crilly - Sách tiếng anh, bìa cứng",Sách nước ngoài,350000,3
277378373,PYGMALION,Sách nước ngoài,91080,2
276684919,Give Me Five! Level 1 Student's Book With Pupils Book And Navio App,Sách nước ngoài,397400,3
275088316,Harry Potter and the Order of the Phoenix,Sách nước ngoài,321080,3
273308062,Minecraft: The Island: An Official Minecraft Novel,Sách nước ngoài,229000,6
273028112,Diary of a Wimpy Kid #18: No Brainer,Sách nước ngoài,349000,1
272896620,Tiếng Anh 3 i-Learn Smart Start Student's Cards (new),Sách nước ngoài,119000,42
271301307,Dog Man #6: Brawl Of The Wild,Sách nước ngoài,289000,5
249876440,Boundaries,Sách nước ngoài,349000,2
213788704,Making Friends #3: Third Time's A Charm: A Graphic Novel,Sách nước ngoài,269800,4
171592676,American English File 3rd Edition: Level 5: Workbook,Sách nước ngoài,168400,4
106225746,i-Learn Smart Science 4 Student Book,Sách nước ngoài,134000,8
101870942,Only A Breath Apart,Sách nước ngoài,198500,1
101745034,Vibrant Vietnam,Sách nước ngoài,495000,14
339739,Truyện thiếu nhi tiếng Anh - Diary Of A Wimpy Kid 04 : Dog Days (Paperback),Sách nước ngoài,199000,2
279375443,Sách - Overcoming Worry and Generalised Anxiety Disorder | Self Help / Psychology / Tâm lý học,Sách nước ngoài,350000,1
279103957,Sách - Botchan by Natsume Soseki - Penguin Japanese Classics,Sách nước ngoài,350000,1
279042371,Sách ngoại văn: 悪役のエンディングは死のみ 6 Akuyaku No Ending Wa Shi Nomi 6,Sách nước ngoài,362000,1
279039021,Sách ngoại văn: The Monstrous Adventures Of Mummy Man And Waffles,Sách nước ngoài,344000,1
279033936,Sách ngoại văn: Hildafolk Comics 2 - Hilda And The Midnight Giant,Sách nước ngoài,264100,2
278852383,Sách - Dtpbooks - Smooth Skills Listening & Speaking A2+,Sách nước ngoài,149000,1
278818801,Sách - Tao Te Ching by Lao Tzu - English Book/ Sách Tiếng Anh - Đạo Đức Kinh - Classics - Philosophy,Sách nước ngoài,220000,2
278812538,Sách - An Anthropologist on Mars by Oliver Sacks - Nonfiction/Science book in English - Ngoại Văn,Sách nước ngoài,320000,1
278749908,Sách - Pebble In The Sky by Isaac Asimov/ Tiểu thuyết tiếng Anh/ Fiction/ English,Sách nước ngoài,280000,1
278058377,Sách ngoại văn: Kid's Box New Generation - Pupil's Book With Ebook 4,Sách nước ngoài,400600,8
277588099,"Sách - Night by Elie Wiesel - Sách tiếng anh, Bìa mềm",Sách nước ngoài,280000,1
277500164,THE ADVENTURES OF TOM SAWYER,Sách nước ngoài,99000,3
277180497,Sách ngoại văn: Percy Jackson And The Olympians - The Chalice Of The Gods,Sách nước ngoài,336500,6
276016788,Cambridge Primary Science Learner's Book 1 With Digital Access (1 Year) 2nd Edition,Sách nước ngoài,550100,4
274675432,That's Not My Lemur…,Sách nước ngoài,186200,1
274468782,Gold Experience 2nd Edition B1 Student's Book & Interactive eBook With Digital Resources & App,Sách nước ngoài,377500,6
274387478,Sách The P. K. Pinkerton Mysteries: The Case Of The Pistol-Packing Widows,Sách nước ngoài,146000,6
273313471,The 80/20 Principle: The Secret To Achieving More With Less (Expanded and Updated),Sách nước ngoài,399000,5
271334443,Woman In White,Sách nước ngoài,169000,3
270073012,Hilo Book 3: The Great Big Boom,Sách nước ngoài,279000,4
263100996,Weird But True! Christmas: 300 Festive Facts To Light Up The Holidays,Sách nước ngoài,203700,2
170772544,Hooray Let's Play Level A Flashcards,Sách nước ngoài,226000,4
279237202,Sách ngoại văn: Sách Giáo Trình Học Tiếng Anh Cấp 1 - Look Ame,Sách nước ngoài,243000,0
279082230,Sách - The Book You Wish Your Parents Had Read by Philippa Perry - Parenting| Nonfiction| Psychology,Sách nước ngoài,420000,2
279046024,Sách ngoại văn: 仮面ライダーガッチャード特写写真集 - Kamen Raidaagacchaado Toku Utsushi Shashinshuu - Kamen Rider Gotchard Photobook: FRIENDSHIP (DETAIL OF HEROES),Sách nước ngoài,1182000,0
279041521,Sách ngoại văn: The Voyage Of The Sable Keech,Sách nước ngoài,356100,0
279040411,Sách ngoại văn: Gridlinked,Sách nước ngoài,370900,1
279036392,Sách ngoại văn: Children Of Blood And Bone,Sách nước ngoài,345000,1
278775921,Sách - Women in Love by D.H. Lawrence - Classics/Fiction/Literature book in English - Ngoại Văn,Sách nước ngoài,250000,0
278757705,Sách - Devils: A Novel by Fyodor Dostoevsky | Classics Fiction / Russian Literature,Sách nước ngoài,140000,0
278724380,Sách - Peanuts Boxed Set: The Classic Peanuts Collection by Charles Schulz / Children English Books,Sách nước ngoài,480000,3
278600343,Algorithmic Trading Theory and Practice - A Practical Guide With Applications On The Vietnamese Stock Market,Sách nước ngoài,721000,3
277778981,Sách - Physics: A complete Introduction (Teach Yourself) by Jim Breithaupt - Sách ngoại văn,Sách nước ngoài,350000,2
277741437,Combo truyện đọc Shakespeare Graded Readers - CEFR B2,Sách nước ngoài,156000,1
276429468,Great Writing 3 - Student's Book + Spark Sticker (5th Edition),Sách nước ngoài,441700,7
274677801,Kimi No Na Wa - Your Name (Kadokawa Tsubasa Bunko) (Japanese Edition),Sách nước ngoài,286300,1
274676683,All The Colors / De Colores: Bilingual Nursery Rhymes,Sách nước ngoài,107800,1
274675071,The Thief Who Sang Storms,Sách nước ngoài,212800,1
274122393,Activity Book: Fabulous,Sách nước ngoài,209000,0
273317757,Diary Of A Wimpy Kid #4: Dogs Day (US Edition),Sách nước ngoài,179000,11
263440365,Artbook - Sách Tiếng Anh - Lost Beauties : 50 Cars that Time Forgot,Sách nước ngoài,1460000,2
262872418,The Miracle Of Mindfulness: The Classic Guide to Meditation by the World's Most Revered Master,Sách nước ngoài,299000,16
252458238,My Dress-Up Darling TV Anime Official Fanbook (Japanese Edition),Sách nước ngoài,676200,0
120471909,"Career Fear (And How To Beat It): Get The Perspective, Mindset And Skills You Need To Futureproof Your Work Life",Sách nước ngoài,506300,2
460613,Sách Chicken Soup For The Soul,Sách nước ngoài,199000,10
279143576,Thousand Cranes,Sách nước ngoài,349000,0
279042029,Sách ngoại văn: I Will Find You,Sách nước ngoài,295200,2
279026820,Sách ngoại văn: Kaoru Hana Wa Rin To Saku 5 - The Fragrant Flower Blooms With Dignity 5 (Japanese Edition),Sách nước ngoài,192600,0
278777299,Meditations,Sách nước ngoài,182000,2
278755549,Sách - A Christmas Carol by Charles Dickens - Wordsworth Classics - English Book,Sách nước ngoài,180000,0
278574028,Sách ngoại văn: The Secret Of Secrets - A Novel,Sách nước ngoài,846000,8
278192583,Sách - Babel: Or the Necessity of Violence: An Arcane History of the Oxford Translators’ Revolution - An Historic Fantasy of Dark Academia by R. F Kuang/Best Science Fiction & Fantasy,Sách nước ngoài,480000,1
277427061,Từ điển tiếng Pháp - Petit Larousse Illustre 2025,Sách nước ngoài,1428300,1
276957727,These Violent Delights,Sách nước ngoài,299000,1
276477214,The Daily Laws,Sách nước ngoài,630000,1
275852759,Good Omens,Sách nước ngoài,275000,0
274965035,Story Central Plus Level 2 Activity Book With Digital AB,Sách nước ngoài,218000,8
274148896,Babel BABEL: Or the Necessity of Violence: An Arcane History of the Oxford Translators’ Revolution,Sách nước ngoài,349000,1
271350408,Lorna Doone,Sách nước ngoài,120000,0
191779168,"Look 6 (Look, American English)",Sách nước ngoài,303000,1
50076313,Sách tương tác tiếng Anh - Sách Usborne Lift-the-Flap: First Maths,Sách nước ngoài,405000,5
279286185,Sách ngoại văn: Harry Potter,Sách nước ngoài,337800,0
279175653,Sách Killers of the Flower Moon (Movie Tie-in Edition): The Osage Murders and the Birth of the FBI,Sách nước ngoài,249000,0
279175624,Sách MCL: The Phantom Of The Opera,Sách nước ngoài,309000,0
279046148,Sách ngoại văn: バガボンド画集 墨 - Vagabond Gashuu Sumi - Sumi: Vagabond Illustration,Sách nước ngoài,1882100,0
279044190,Sách ngoại văn: The Visual Onoco作品集 Adventure - The Visual Onoco Sakuhinshu Adventure,Sách nước ngoài,832500,0
279034736,Sách ngoại văn: The Visual Mba,Sách nước ngoài,525700,0
279027069,Sách ngoại văn: Emma,Sách nước ngoài,152300,0
278891264,Bí quyết học tiếng Anh cho người mất gốc (tái bản lần 1),Sách nước ngoài,86000,4
278830968,Sách ngoại văn: The Intelligent Investor - The Definitive Book on Value Investing,Sách nước ngoài,853700,0
278503679,Sách - 15 phút tự học tiếng Hàn mỗi ngày Mcbooks,Sách nước ngoài,116100,0
278069167,Sách ngoại văn: Effective Communication,Sách nước ngoài,238600,0
277175489,Tạp chí tiếng Anh - The World Ahead 2025 mới nhất - The Economist,Sách nước ngoài,790000,8
276672265,"Architecture Concept Book An Inspirational Guide To Cre, The",Sách nước ngoài,1050000,1
276558224,Sách học tiếng Pháp INSPIRE 2 - CAHIER D'ACTIVITES (A2),Sách nước ngoài,440000,0
274676132,Jojo No Kimyouna Bouken 62 - Jojo's Bizarre Adventure 62 (Japanese Edition),Sách nước ngoài,179000,0
269894577,Cambridge - Vocabulary for Ielts (with Audio),Sách nước ngoài,553000,5
263244402,The Art of Living,Sách nước ngoài,399000,16
209388013,Eclipse - TIẾNG ANH,Sách nước ngoài,254800,3
102641895,One Hundred Years of Solitude,Sách nước ngoài,299000,24
58839789,"Oxford Discover: Level 6: Student Book Pack, 2nd Edition",Sách nước ngoài,469000,14
2061627,[Hàng thanh lý miễn đổi trả] Sách Fantastically Great Women Who Changed The World : Gift Edition,Sách nước ngoài,189000,0
435241,Sách Eat Pray Love,Sách nước ngoài,199000,30
279237885,Sách ngoại văn: Sách Luyện Các Kỹ Năng & Luyện Thi Tiếng Anh A2 Key For Schools,Sách nước ngoài,194000,0
279064876,Sách - The Ambassadors by Henry James | Everyman’s Library / Classics / Ngoại văn Bìa cứng,Sách nước ngoài,480000,0
279064818,Sách - The Woman in White by Wilkie Collins | Everyman’s Library / Classics / Ngoại văn Bìa cứng,Sách nước ngoài,580000,1
279044944,Sách ngoại văn: ポムポムプリン - Pom Pom Pudding 2,Sách nước ngoài,401500,1
279043312,Sách ngoại văn: 初音ミクの塗り絵 - Hatsune Miku No Nurie All - Star,Sách nước ngoài,383700,0
279043070,Sách ngoại văn: A Murderous Plot,Sách nước ngoài,273600,0
279041927,Sách ngoại văn: The Daily Tao - Day By Day,Sách nước ngoài,536900,0
279038999,Sách ngoại văn: Reach Higher 3A - Student's Book + Ebook Practice,Sách nước ngoài,655500,0
279031778,Sách ngoại văn: MONSTER Vol.9 (Complete Edition) (Japanese Edition),Sách nước ngoài,661200,0
279029883,Sách ngoại văn: E-future Classic Readers - Level S - The King With The Golden Touch,Sách nước ngoài,77000,0
279029859,Sách ngoại văn: VSI wataboku Art Book (Japanese Edition),Sách nước ngoài,1109500,0
278574002,Sách ngoại văn: The Lost Symbol,Sách nước ngoài,320400,0
278514953,Sách - What Money Can't Buy: The Moral Limits of Markets by Michael J Sandel - Philosophy/ Nonfiction/ Economics,Sách nước ngoài,350000,1
278448782,Oxford Learner's Pocket Phrasal Verbs And idioms,Sách nước ngoài,139000,1
274991728,The Little Liar (Hardcover),Sách nước ngoài,406600,0
274676978,憂国のモリアーティ 5 - Yuukoku no Moriarty - Moriarty The Patriot,Sách nước ngoài,183500,0
274674364,Impact 3 Student Book With Online Workbook (American English),Sách nước ngoài,390800,2
274673855,ヱヴァンゲリヲン新劇場版:破 全記録全集 設定 資料版 - Evangelion: 2.0 You Can (Not) Advance Full Record Collection Settings Edition,Sách nước ngoài,1300100,0
274101368,365 Mothers and Daughters: Daily thoughts of care and love (365 Great Days),Sách nước ngoài,249000,0
273309578,The Body: A Guide For Occupants,Sách nước ngoài,259000,4
271269833,The Davenports,Sách nước ngoài,247480,1
266016127,Cambridge - Prepare (Second Edition),Sách nước ngoài,137000,4
263395040,Dork Diaries boxset12,Sách nước ngoài,2499000,0
252561048,Detective Conan 5 (Japanese Edition),Sách nước ngoài,196900,0
213936802,Tiểu thuyết tiếng Anh: Eat Pray Love,Sách nước ngoài,357750,7
213788676,Sparks! #3: Sparks! Future Purrfect,Sách nước ngoài,301700,0
204325619,"Great at Work : How Top Performers Do Less, Work Better, and Achieve More",Sách nước ngoài,399000,2
176713751,ダンダダン 4 - Dandadan 4,Sách nước ngoài,164100,0
113528312,Sách - Tủ sách nhà văn Roald Dahl: BFG - Người khổng lồ thân thiện,Sách nước ngoài,65000,0
15984514,Sách tiếng Anh - Usborne Key Skills Practice Pad: Subtracting 5-6,Sách nước ngoài,311850,3
4621039,Superbosses: How Exceptional Leaders Master the Flow of Talent ,Sách nước ngoài,256680,4
279046430,Sách ngoại văn: The 5 Types Of Wealth,Sách nước ngoài,488500,1
279044580,Sách ngoại văn: Iron Widow,Sách nước ngoài,409500,0
279033050,Sách ngoại văn: Animation Works Collection (Japanese Edition),Sách nước ngoài,949800,0
279031774,Sách ngoại văn: Doraemon - Gadget Cat From The Future Vol 6,Sách nước ngoài,279300,0
279027641,Sách ngoại văn: E-future Classic Readers - Level S - The Two Pots,Sách nước ngoài,77000,0
279026910,Sách ngoại văn: E-future Classic Readers - Level 6 - The Prince And The Dragon,Sách nước ngoài,77000,0
278810710,Sách - Joy at Work: Organizing Your Professional Life by Marie Kondo | Nonfiction / Self Help,Sách nước ngoài,380000,6
278802550,Sách ngoại văn: 僕のヒーローアカデミア 公式イラスト集 Ultra Artworks - Boku No Hero Academia Ultra Works,Sách nước ngoài,1462700,0
278755066,Sách - The Karamazov Brothers by Fyodor Dostoevsky - Wordsworth Classics - English Book,Sách nước ngoài,180000,4
278722688,Sách - The Tattoo Dictionary: An A-Z guide to the secret language of tattoos by Trent Aitken-Smith,Sách nước ngoài,580000,0
278149053,Sách ngoại văn: English Grammar In Use With Answer And Interactive E-book,Sách nước ngoài,405000,8
277870399,"Sách - The Song Of Kieu by Nguyễn Du - Truyện Kiều bản tiếng Anh, Poetry Vietnam, Thơ ca Việt Nam",Sách nước ngoài,450000,0
277739965,Sách - Ulysses by James Joyce - Wordsworth Classics - English Book - Sách Ngoại văn - Nhập khẩu UK,Sách nước ngoài,280000,1
277180715,Sách ngoại văn: OTOMO THE COMPLETE WORKS 2024 - Animation Akira Layouts & Key Frames 2,Sách nước ngoài,2426900,0
277167673,Sách ngoại văn: The Vegetarian,Sách nước ngoài,346800,1
274677010,500 Fantastic Facts (Hardcover),Sách nước ngoài,180400,0
274675367,Jojo No Kimyouna Bouken 51 - Jojo's Bizarre Adventure 51 (Japanese Edition),Sách nước ngoài,185200,0
274673613,Shuumatsu no Valkyrie 13 - Record Of Ragnarok 13,Sách nước ngoài,254600,0
274673460,Six Of Crows Book 1,Sách nước ngoài,352300,4
274287330,Sách Baking Yesteryear: The Best Recipes from the 1900s to the 1980s,Sách nước ngoài,493000,4
274168199,Jungle Book,Sách nước ngoài,689000,1
271071861,Tiếng Anh Amanda and Friends 1 Teacher's Book,Sách nước ngoài,129000,6
270766845,English World 4 Pupil's Book Pack,Sách nước ngoài,322600,5
249921527,Love At First Spite,Sách nước ngoài,280600,0
197620661,Usborne English Readers Level 3: Dr. Jekyll And Mr. Hyde,Sách nước ngoài,186200,0
106363564,Turner,Sách nước ngoài,210000,1
106363025,Achievers C1 Student's Book,Sách nước ngoài,233000,17
279379662,Sách - No Longer Human by Osamu Dazai | Japanese Literature / Classics / Văn học Nhật Bản/ Nhập khẩu,Sách nước ngoài,380000,0
279322049,The Count of Monte Cristo HB,Sách nước ngoài,369000,1
279262167,How the World Really Works,Sách nước ngoài,357880,1
279241647,Sách ngoại văn: Sách Ngoại Văn - Our World 2nd Edition AME,Sách nước ngoài,199000,0
279040886,Sách ngoại văn: Witchcraft For Wayward Girls,Sách nước ngoài,506900,0
278943032,Sách ngoại văn: Sense And Sensibility,Sách nước ngoài,393400,0
278906580,Sách ngoại văn: Guinness World Records 2026,Sách nước ngoài,606000,1
278719637,Sách - Crime and Punishment by Fyodor Dostoevsky (Chiltern Classics) | Ngoại văn Kinh điển Nhập khẩu,Sách nước ngoài,680000,0
278695101,Billy Summers,Sách nước ngoài,275000,0
278327622,The Black Tulip (Penguin Classics) by Alexandre Dumas - Classics /Fiction Historical/ Fiction in English,Sách nước ngoài,420000,0
277553629,"Sách - Vo Trong Nghia: Building Nature: Green/Bamboo by Vo Trong Nghia - Sách tiếng anh, nghệ thuật, thiết kế",Sách nước ngoài,1280000,0
277010431,GRIMMS' FAIRY TALES,Sách nước ngoài,99000,1
276657095,ガチアクタ - Gachiakuta - Gachi Actor 12,Sách nước ngoài,184600,0
275698519,Wall Art - Mandala,Sách nước ngoài,199000,2
274143168,Learn And Explore: Touch And Feel Colors,Sách nước ngoài,249000,2
272035525,Artbook - Sách Tiếng Anh - Stephen Wilkes. Day to Night,Sách nước ngoài,2080000,0
271965423,A Gentleman in Moscow,Sách nước ngoài,299000,1
271316412,Book Lovers,Sách nước ngoài,275080,2
263572554,Complete Ielts with answer (with CD-ROM),Sách nước ngoài,137000,6
242076415,Every Woman For Herself,Sách nước ngoài,179500,0
198571201,The Girls in the Garden,Sách nước ngoài,232000,1
169280353,Everybody Up 2E 1: Student Book,Sách nước ngoài,328000,20
647911,Sách Never Too Late To Be Great,Sách nước ngoài,539000,15
462781,Sách A Brief History Of Time : From Big Bang To Black Holes,Sách nước ngoài,389000,25
279403628,Sách ngoại văn: Moby Dick,Sách nước ngoài,572400,0
279383407,Sách - The Illustrated Book of Japanese Haiku: Japan's Best-Loved Poets / Thơ Tiếng Anh / Bìa cứng,Sách nước ngoài,480000,0
279370888,Sách - Howl's Moving Castle by Diana Wynne Jones | Fantasy / Young Adult Romance / Ngoại văn,Sách nước ngoài,280000,1
279352039,A General Introduction to Psychoanalysis,Sách nước ngoài,182000,0
279039799,Sách ngoại văn: The Six Disciplines Of Strategic Thinking,Sách nước ngoài,698200,1
279037772,Sách ngoại văn: Tabi Artbook: Mirage (Japanese Edition),Sách nước ngoài,879900,0
279031750,Sách ngoại văn: MONSTER Vol.5 (Complete Edition) (Japanese Edition),Sách nước ngoài,472500,0
278967638,Sách ngoại văn: Reading Explorer Foundation - Student’s Book With The Spark Platform,Sách nước ngoài,441700,1
278793701,Sách - Alice in Wonderland by Lewis Carroll | Children Classic Novel / Ngoại văn Kinh điển Bìa cứng,Sách nước ngoài,380000,0
278793652,Sách - The Collected Poems of Oscar Wilde (Wordsworth Poetry Library) | English Classics Poem,Sách nước ngoài,280000,1
278775529,Sách - The Art of War / The Book of Lord Shang by Sun Tzu - Philosophy/Classics book in English,Sách nước ngoài,250000,0
278757692,Sách - English Fairy Tales by Flora Annie Steel | Children English Book / Ngoại văn Thiếu nhi,Sách nước ngoài,180000,0
278740031,Sách - Alice's Adventures in Wonderland by Lewis Carroll | Classics Children's Fiction Novel,Sách nước ngoài,200000,0
278723531,Sổ Tay - Vincent Van Gogh: Starry Night Over The Rhône,Sách nước ngoài,349000,0
278443859,Sách - The Seven Husbands of Evelyn Hugo by Taylor Jenkins Reid - Fiction/ Romance in English,Sách nước ngoài,450000,0
278063151,Sách ngoại văn: SPY x FAMILY 15,Sách nước ngoài,201400,1
277370355,MACBETH,Sách nước ngoài,99000,0
277364444,Sách ngoại văn: Project Sekai Colorful Stage! Feat. Hatsune Miku Official Visual Fan Book Vol.3,Sách nước ngoài,1190400,0
277363055,Sách ngoại văn: Slow Productivity,Sách nước ngoài,576000,1
276963396,AS YOU LIKE IT,Sách nước ngoài,99000,1
275005629,Frieren: Beyond Journey's End Art Works Vol.1 (Japanese Edition),Sách nước ngoài,787500,0
274673085,The End Of Men,Sách nước ngoài,226100,0
274190772,Collins German Dictionary (Fully Revised And Update),Sách nước ngoài,299000,3
273387489,300 First sight words for kid - 2,Sách nước ngoài,108000,1
273101450,Mindset For Ielts - Student’s Book (with Updated Digital Pack),Sách nước ngoài,530000,11
270134894,Cambridge Global English Workbook 9 With Digital Access (1 Year) - 2nd Edition,Sách nước ngoài,498900,8
263591072,Cambridge Primary Mathematics second edition (Digital Access),Sách nước ngoài,389000,34
253324565,Vietnamese Picture Dictionary,Sách nước ngoài,409000,6
253146808,The Little Prince,Sách nước ngoài,229000,1
225932894, Think Again,Sách nước ngoài,399000,3
191652338,The Red Pony,Sách nước ngoài,288000,1
10762708,Sách tiếng Anh - First Illustrated Science Dictionary,Sách nước ngoài,472500,5
279403636,Sách ngoại văn: The Art Of War - Lined Journal & Novel,Sách nước ngoài,801300,0
279370951,Sách - As You Like It by William Shakespeare | Classics / Plays / Kịch Kinh điển / Nhập khẩu UK,Sách nước ngoài,150000,0
279245503,"Sách Luyện Các Kỹ Năng & Luyện Thi Tiếng Anh Storyfun For Starters, Movers And Flyers",Sách nước ngoài,290000,0
279072000,Sách - Kay's Anatomy by Adam Kay | Science Children’s Book / Ngoại văn Thiếu nhi Nhập khẩu,Sách nước ngoài,350000,1
279043668,Sách ngoại văn: The Dixon Rule,Sách nước ngoài,353200,0
279042982,Sách ngoại văn: E-Future Discovery 5-3 (200 Words),Sách nước ngoài,286200,0
279036657,Sách ngoại văn: How To Calm Your Mind,Sách nước ngoài,404000,0
279036178,Sách ngoại văn: Disney's Spooky Collection 3-In-1 Listen-Along Reader-Level 1 Reader,Sách nước ngoài,179400,0
279032866,Sách ngoại văn: HBR Guide To Your Job Search (HBR Guide),Sách nước ngoài,506900,0
279031930,Sách ngoại văn: Do You Love Oceans?,Sách nước ngoài,157700,0
279030126,Sách ngoại văn: ようこそ実力至上主義の教室へ 2 - Welcome To The Classroom Of The Elite,Sách nước ngoài,216500,0
279029731,Sách ngoại văn: 仮面ライダー大図鑑 (単行本) Kamen Raidaa Dai Zukan,Sách nước ngoài,644000,0
279027737,Sách ngoại văn: Classic Tales 2 The Fisherman and his Wife N/Ed,Sách nước ngoài,72100,0
279027231,Sách ngoại văn: ＳＬＡＭ　ＤＵＮＫ　　１０,Sách nước ngoài,153600,0
278774893,Sách - The Song Rising by Samantha Shannon - Fantasy/Dystopia/Young Adult book in English,Sách nước ngoài,320000,0
278627853,Sách ngoại văn: ブルーアーカイブ コミックアンソロジー Blue Archive Comic Anthology Vol 7,Sách nước ngoài,292600,0
277180717,Sách ngoại văn: Sakamoto Days 8 (English Edition),Sách nước ngoài,284000,0
276248833,English With Muzzy Level 3 Activity Book,Sách nước ngoài,135000,1
275941877,One Punch Man 31 (Japanese Edition),Sách nước ngoài,196900,0
274676781,"Marvel-Verse: Jane Foster, The Mighty Thor",Sách nước ngoài,228000,0
274676707,Azur Lane Queen's Orders 4 (Japanese Edition),Sách nước ngoài,251900,0
274676687,Dino Days Prehistoric Pals My Mini Busy Book,Sách nước ngoài,152900,0
274674566,A Day That's Ours,Sách nước ngoài,388000,0
274673417,Blue Lock Episode 3 - Nagi (Japanese Edition),Sách nước ngoài,179500,2
274141945,Everything You Need To Ace Science In One Big Fat Notebook,Sách nước ngoài,419000,6
274107451,My Early Picture Book Pink,Sách nước ngoài,89000,4
274099476,A Million Cute Animals,Sách nước ngoài,289000,0
273307653,DN Pixar Toy Story: First Look And Find,Sách nước ngoài,169000,0
270845644,The Dawn Of The Witch 1 (Light Novel): The Remedial Student And The Witch Of The Staff,Sách nước ngoài,277800,0
263964265,Oxford - Everybody Up (2nd Edition),Sách nước ngoài,223000,0
263097510,Scratch & Colour Dinosaurs,Sách nước ngoài,261200,0
210514072,Play Hide & Seek With Reindeer,Sách nước ngoài,212800,0
191780716,The I Love Lucy Cookbook: Classic Recipes Inspired By The Iconic TV Show,Sách nước ngoài,497600,0
191780598,怪物事変　　　４ KEMONO JIHEN 4,Sách nước ngoài,183500,0
169280357,Everybody Up 2: Workbook,Sách nước ngoài,198000,9
279431695,Collins Classics B — THE TEACHINGS OF A STOIC: Selected Discourses and the Encheiridion,Sách nước ngoài,279000,1
279337401,Sách - Big Book of Cryptic Crosswords 4 | Games / Ngoại văn Nhập khẩu UK / Trò chơi ô chữ giải trí,Sách nước ngoài,300000,0
279133648,Sách ngoại văn: The Physics Book: Big Ideas Simply Explained,Sách nước ngoài,672300,0
279104250,Sách - How To Stop Worrying and Start Living by Dale Carnegie - Self Help/Nonfiction/Psychology,Sách nước ngoài,320000,0
279043032,Sách ngoại văn: Armored Core Vi Fires Of Rubicon Official Guide Book (Japanese Edition),Sách nước ngoài,987000,0
279038817,Sách ngoại văn: 王家の紋章 - Ouke No Monshou - Crest Of The Royal Family 46,Sách nước ngoài,161700,0
279038222,Sách ngoại văn: The World of Mister Water - Book 6 - Mr. Tree's Life (With Storyplus),Sách nước ngoài,160800,1
279033184,Sách ngoại văn: The Boy With The Star Tattoo,Sách nước ngoài,301700,0
279027787,Sách ngoại văn: Bared To You,Sách nước ngoài,375300,0
278730283,Sách - The Sky by Hélène Druvert | Children's Infographic Book - Science Book | Sách ngoại văn,Sách nước ngoài,580000,0
278720570,Sách - Crocodile Tears by Anthony Horowitz | New York Times Bestseller - Thriller English Book,Sách nước ngoài,180000,0
278586116,Sách ngoại văn: On The Edge,Sách nước ngoài,550900,0
278235886,Sách ngoại văn: Academy Stars Alphabet Book With Digital Alphabet Book Starter,Sách nước ngoài,258700,0
277891014,Sách - A Bookshop in Paris by Ellen Feldman - Historical Fiction/ Fiction In English,Sách nước ngoài,280000,0
277609546,"Sách - The Illustrated Man by Ray Bradbury - Sách tiếng anh, bìa mềm, tiểu thuyết/ Fiction/ Novel",Sách nước ngoài,280000,0
277554821,"Sách - Kandinsky by Hajo Duchting - Sách Nghệ thuật, tiếng anh",Sách nước ngoài,480000,0
277539615,THE MEMOIRS OF SHERLOCK HOLMES,Sách nước ngoài,99000,0
276814905,Sách ngoại văn: The White Book,Sách nước ngoài,353200,0
276048546,James Patterson By James Patterson,Sách nước ngoài,280600,0
274677188,ファイナルファンタジーXIV: 漆黒のヴィランズ バトルジョブ＆ダンジョン公式ガイド - Final Fantasy XIV: SHADOWBRINGERS - Battle Job And Dungeon Official Guide Book,Sách nước ngoài,630800,0
274384876,Sách Stone Cold Fox,Sách nước ngoài,329000,1
272532959,The Plague,Sách nước ngoài,445500,1
270808412,Jojo's Bizarre Adventure 4 - Jojo No Kimyouna Bouken 4 (Japanese Edition),Sách nước ngoài,181500,0
262852680,"Captain Underpants #6: Captain Underpants and the Big, Bad Battle of the Bionic Booger Boy Part One (Colour Edition)",Sách nước ngoài,189000,4
212485205,Captain Marvel Vol. 7: The Last Of The Marvels,Sách nước ngoài,397400,0
208403410,Listen Up 3 Teacher's Manual (New Edition),Sách nước ngoài,616600,0
192173862,東京卍リベンジャーズ キャラクターブック 2 芭流覇羅・黒龍編 - Tokyo Revengers Character Book 2 Baruhara Manga Comic,Sách nước ngoài,335300,0
122273502,Medieval Castles,Sách nước ngoài,94800,0
87045140,Little Unicorn’s Magical Mane,Sách nước ngoài,158600,0
556076,Sách The $100 Startup,Sách nước ngoài,334600,10
279262040,Life of a Stupid Man,Sách nước ngoài,149000,0
279246569,Sách ngoại văn: Sách Ngoại Văn - Welcome To Our World (2nd Edition) Level 1 - 3,Sách nước ngoài,199000,0
279154072,Sách ngoại văn: Clamp Premium Collection Clover 2,Sách nước ngoài,382900,0
279081980,Start With Why – Bắt đầu với câu hỏi TẠI SAO | Simon Sinek | Bestseller toàn cầu,Sách nước ngoài,289000,1
279046516,Sách ngoại văn: Kusuriya No Hitorigoto 19 - The Apothecary Diaries 19 (Special Edition) (Japanese Edition),Sách nước ngoài,520700,0
279044160,Sách ngoại văn: Harry Potter Hufflepuff House Editions Hardback Box Set,Sách nước ngoài,6108000,0
279042557,Sách ngoại văn: Spy × Family 16,Sách nước ngoài,201600,0
279042057,Sách ngoại văn: 怖い浮世絵 - Kowai Ukiyoe,Sách nước ngoài,621500,0
279041933,Sách ngoại văn: 小説 STAND BY ME ドラえもん - Junia Bunko Stand By Me Dora,Sách nước ngoài,235500,0
279038641,Sách ngoại văn: Snow White Live Action Novelization,Sách nước ngoài,219800,0
279038529,Sách ngoại văn: SAKAMOTO DAYS 19 (Japanese Edition),Sách nước ngoài,178600,0
279038338,Sách ngoại văn: Gekkan Shojo Nozaki Kun 16 (Japanese Edition),Sách nước ngoài,216500,0
279029662,Sách ngoại văn: The JOJOLands 2 (Japanese Edition),Sách nước ngoài,176900,0
278783756,Sách - Great Expectations by Charles Dickens | Classics Bildungsroman / Ngoại văn Nhập khẩu Bìa cứng,Sách nước ngoài,380000,0
278153935,Sách ngoại văn: Pusheen Coloring Book,Sách nước ngoài,323800,0
278113400,Sách ngoại văn: Deep End,Sách nước ngoài,389700,0
275842264,The Love & Paperback Collection (Boxed Set)Love & Gelato; Love & Luck; Love & Olives,Sách nước ngoài,899000,0
274676628,The Monsters And The Critics,Sách nước ngoài,219400,0
274676268,その着せ替え人形は恋をする 7 - Sono Kisekae Ningyou Wa Koi Wo Suru - My Dress-Up Darling,Sách nước ngoài,245100,0
274675740,"Happy Birthday to Me! by Me, Myself Hardcover",Sách nước ngoài,330700,0
274674720,Azur Lane Comic Anthology 5 (Japanese Edition),Sách nước ngoài,331700,0
274674474,アズールレーン Second Anniversary Art Collection,Sách nước ngoài,1466600,0
274674260,World English 2E Intro Student Book With Online Workbook,Sách nước ngoài,331200,1
274673228,Life Vision Student Book With Online Practice A1/A2 Elementary,Sách nước ngoài,349900,4
274540571,Project Logic: Get It Right!,Sách nước ngoài,445500,0
274540526,Extreme Planet Journey To The Earth'S Core,Sách nước ngoài,472500,0
262798979,Diary of a Wimpy Kid #5 : The Ugly Truth,Sách nước ngoài,179000,5
198495198,Finn And Hengest,Sách nước ngoài,179500,0
197530339,Lift-the-Flap First Questions And Answers About Racism,Sách nước ngoài,271600,2
195697019,Sea State: A Memoir,Sách nước ngoài,198500,0
91984965,Sách - Stem Quanh Em - Địa Chất Học Siêu Độc Đáo,Sách nước ngoài,50000,0
279270046,Sách ngoại văn: English File - Fifth Edition - Advanced - Student Book With Exam Confidence,Sách nước ngoài,386400,0
279237337,Sách ngoại văn: Sách Ngoại Văn - Q: Skills for Success 3rd Edition,Sách nước ngoài,286000,0
279175706,Sách Call Me By Your Name,Sách nước ngoài,349000,0
279037862,Sách ngoại văn: Yuzuru Hanyu Photobook: Y (Japanese Edition),Sách nước ngoài,1272700,0
279037824,Sách ngoại văn: Tokyo Street Corner Sketches by Former Engineer (Japanaese Edition),Sách nước ngoài,577300,0
279032990,Sách ngoại văn: Genseki Art Book 2023,Sách nước ngoài,566300,1
279029200,Sách ngoại văn: 100 Facts: World Wonders,Sách nước ngoài,83600,0
278967920,Sách ngoại văn: ジブリの教科書 崖の上のポニョ- Gake No Ue No Ponyo Ghibli No Kyoukasho - Ponyo On The Cliff By The Sea 15,Sách nước ngoài,417800,0
278860291,Sách ngoại văn: Oxford Basic English Dictionary 5th Edition,Sách nước ngoài,179200,2
278774751,Sách - Republic by Plato - Philosophy/Classics/Nonfiction book in English - Sách Ngoại Văn nhập khẩu,Sách nước ngoài,220000,1
278619258,"Sách ngoại văn: Life Student’s Book 3rd Edition, A1-A2",Sách nước ngoài,318600,0
278619257,"Sách ngoại văn: Life Student’s Book 3rd Edition, A2-B1",Sách nước ngoài,318600,6
278017158,Sách ngoại văn: Takashi Takeuchi Fate Art Works: Return To Avalon (Japanese Edition),Sách nước ngoài,1742500,1
277780909,Sách - Time Is a Mother by Ocean Vuong - Thơ/Poetry Vietnam,Sách nước ngoài,480000,4
277539700,THE PILGRIM’S PROGRESS,Sách nước ngoài,99000,5
277375791,The Queen's Gambit : Now a Major Netflix Drama,Sách nước ngoài,319000,1
277370286,Sách ngoại văn: The Legend of Zelda: Tears Of The Kingdom Master Works (Japanese Edition),Sách nước ngoài,2184000,0
274287353,Sách Beyond the Story: 10-Year Record of BTS,Sách nước ngoài,550000,3
274142612,A Beginner's Guide To Colored Pencil Drawing,Sách nước ngoài,469000,1
263202736,Harry Potter And The Goblet Of Fire,Sách nước ngoài,309000,15
198495204,Tolkien And The Great War: The Threshold Of Middle-earth,Sách nước ngoài,208800,1
191780426,Power Up Level 4 Pupil's Book,Sách nước ngoài,460000,12
191714363,The Black Swan : The Impact of the Highly Improbable,Sách nước ngoài,499000,6
279237134,Sách ngoại văn: Mindset For IELTS,Sách nước ngoài,461000,2
279175618,Sách Talk Like Ted,Sách nước ngoài,339000,3
279154591,Sách - The Iliad by Homer - Classics/Poetry/Fiction/Book in English - Sách Ngoại Văn Nhập Khẩu,Sách nước ngoài,380000,0
279042427,Sách ngoại văn: Monkey King And The World Of Myths,Sách nước ngoài,300300,0
279041086,"Sách ngoại văn: The Apprentice - Trump, Russia And The Subversion Of American Democracy",Sách nước ngoài,273600,1
278719641,Sách - The Arabian Nights (Chiltern Classics) | Mythology / Fantasy Short Stories / Ngoại văn,Sách nước ngoài,680000,0
278443170,Sách - Chip War: The Fight for the World's Most Critical Technology by Chris Miller,Sách nước ngoài,580000,5
277580219,Sách - Committed Writings by Albert Camus - Penguin Modern Classics - Sách Ngoại Văn,Sách nước ngoài,380000,2
277364458,Sách ngoại văn: The Diary Of A CEO - The 33 Laws Of Business And Life,Sách nước ngoài,656100,1
274357362,Sách Alabama Spitfire: The Story Of Harper Lee And To Kill A Mockingbird,Sách nước ngoài,111000,4
273307666,Diary Of A Wimpy Kid: Big Shot,Sách nước ngoài,179000,21
272532997,The Body - Illustrated,Sách nước ngoài,1255500,2
271542275,Fashion Illustration Book (Japanese Edition),Sách nước ngoài,785700,1
263648427,Empower A1 Starter Student’s Book with Online Access,Sách nước ngoài,250000,0
263387806,Einstein: His Life and Universe,Sách nước ngoài,349000,6
263057069,Sense and Sensibility,Sách nước ngoài,199000,1
252561030,Dandadan 9 (Japanese Edition),Sách nước ngoài,200600,0
215603263, The Plague,Sách nước ngoài,321000,0
205714887,Artbook - Sách Tiếng Anh - Astrology: The Library of Esoterica,Sách nước ngoài,1080000,5
192990683,Day Trading 101,Sách nước ngoài,365000,5
148071116,The Perfect Gentleman,Sách nước ngoài,1020000,5
115694882,English Grammar in Use Book with Answers and Interactive eBook 5th Edition,Sách nước ngoài,537800,2
279237579,Sách ngoại văn: Sách Ngoại Văn - Cambridge English Young Learners,Sách nước ngoài,130000,0
279103961,Sách - Chernobyl Prayer by Svetlana Alexievich - Penguin Modern Classics - Sách Ngoại Văn,Sách nước ngoài,380000,1
279064885,Sách - Don Quixote by Miguel De Cervantes | Everyman’s Library / Classics / Ngoại văn Bìa cứng,Sách nước ngoài,720000,0
279046588,Sách ngoại văn: Harry Potter Gryffindor House Edition Hardback Box Set,Sách nước ngoài,6108000,0
279046500,Sách ngoại văn: Animation Creators 100,Sách nước ngoài,941600,0
279046240,Sách ngoại văn: 極楽街 - Gokurakugai 5,Sách nước ngoài,186200,0
279045678,Sách ngoại văn: 大人の塗り絵ブック　世界の街かどから　素敵なお店のたたずまい - Sutekina Omise No Tatazumai - Sutekina Omise No Tatazumai (Otona No Nurie (Coloring) Book ),Sách nước ngoài,548200,0
279042379,Sách ngoại văn: 悪役のエンディングは死のみ 4 Akuyaku No Ending Wa Shi Nomi 4,Sách nước ngoài,341000,0
279041505,Sách ngoại văn: The Survivor Wants To Die At The End,Sách nước ngoài,341300,0
279038987,Sách ngoại văn: Kaleidoscope Colouring - Super Cute Animals,Sách nước ngoài,205600,0
278893984,Read and Explore,Sách nước ngoài,205000,0
278774851,Sách - Dead Souls by Nikolai Gogol - Classics/Fiction/Literature book in English - Sách Ngoại Văn,Sách nước ngoài,220000,0
278051479,Sách ngoại văn: ダンダダン - Dandadan 19,Sách nước ngoài,191500,0
277555527,THE SCARLET LETTER,Sách nước ngoài,91080,1
277460995,Sách giáo trình tiếng Pháp - 100% Fle - Grammaire Essentielle Du Francais A1 - Livre + Didierfle.App,Sách nước ngoài,1044900,0
276684925,Headway 5th Edition: Advanced: Student's Book With Online Practice,Sách nước ngoài,517300,0
276656830,ダンダダン 16 - Dandadan 16,Sách nước ngoài,191500,1
276027130,Writing Success Intermediate Level B1,Sách nước ngoài,169000,4
274674530,ヱヴァンゲリヲン新劇場版 : Q アニメーション原画集 上巻 - Rebuild Of Evangelion Q Animation Original First Volume Collection,Sách nước ngoài,1309300,0
274287365,Sách The Bad Guys in Let the Games Begin (the Bad Guys 17) (Bad Guys),Sách nước ngoài,76950,6
274144034,The Godfather: 50th Anniversary Edition,Sách nước ngoài,359000,7
273314655,Mindful Listening (HBR Emotional Intelligence Series),Sách nước ngoài,429000,1
261994731,DC Comics: Batman,Sách nước ngoài,189000,3
249387499,The Egyptian Myths : A Guide to the Ancient Gods and Legends,Sách nước ngoài,480000,2
168984606,New Amanda & Friends Student's Book Level 3 with Sticker & Pop out,Sách nước ngoài,208000,116
279314848,Usborne Beginners Science - bộ 10 cuốn - Boxser bìa cứng,Sách nước ngoài,550000,0
279206500,"[SÁCH NGOẠI VĂN] DIOR CATWALK: The complete collections – Fury Alexander, Sabat – Read Station",Sách nước ngoài,3123000,0
279154485,"Sách - East of Eden (Penguin Modern Classics) by John Steinbeck - Classics, Fiction",Sách nước ngoài,450000,0
279103928,Sách - White Nights by Fyodor Dostoyevsky - Classics/Fiction/Romance - Sách Ngoại Văn Tiếng Anh UK,Sách nước ngoài,180000,1
278809616,Sách - Teach English as a Foreign Language: Teach Yourself by A A Milne - Teaching/Language book,Sách nước ngoài,350000,1
278746936,Sách - Jung - The Key Ideas: Teach Yourself: An introduction to Carl Jung by Ruth Snowden,Sách nước ngoài,380000,2
278732919,Sách - Pissarro - Nghệ thuật tiếng Anh/ Art Book in English,Sách nước ngoài,456000,0
278350545,English for Medicine in Higher Education Studies - Course Book,Sách nước ngoài,189000,1
278005858,Sách - A Phở Love Story by Loan Le - Romance in English,Sách nước ngoài,450000,0
277580584,Sách - The Whisperer in Darkness and Other Tales by H.P. Lovecraft/English/Fiction/Novel,Sách nước ngoài,320000,0
277544454,Sách - Cézanne by Hajo Duchting - Nghệ thuật tiếng Anh/ Art Book in English,Sách nước ngoài,480000,0
277375300,Don Quixote,Sách nước ngoài,399000,0
277364486,Sách ngoại văn: Gokurakugai 3 (Japanese Edition),Sách nước ngoài,173800,0
276657124,ブルーロック31 - Blue Lock 31,Sách nước ngoài,204200,1
274682251,Sách Ngoại Văn - The Essential Philosophical Works (Classics of World Literature) Paperback by David Hume (Author),Sách nước ngoài,219000,2
274674580,Colours - Activity Book,Sách nước ngoài,90200,0
274090488,William Shakespeare Comedies ,Sách nước ngoài,349000,0
247795155, Sách phát triển bản thân tiếng Anh: Hooked,Sách nước ngoài,799200,4
210514032,Christmas Activity Book,Sách nước ngoài,195700,0
203843897,Oxford Discover 2nd Edition: Level 2: Writing and Spelling Book,Sách nước ngoài,205200,0
198583155,William Shakespeare: Famous Loving Words,Sách nước ngoài,234000,1
87635097,Insight: How To Succeed By Seeing Yourself Clearly,Sách nước ngoài,438800,3
2361109,Sách Dear Zoo Noisy Book - Thân gửi sở thú,Sách nước ngoài,495000,0
416307,Sách Tiểu thuyết tiếng Anh - The Best Of Sherlock Holmes,Sách nước ngoài,168750,3
279286248,Sách ngoại văn: To Kill A Mockingbird,Sách nước ngoài,320100,0
279104396,Sách - Surrounded by Psychopaths by Thomas Erikson - Psychology/Nonfiction - Sách Ngoại Văn,Sách nước ngoài,450000,0
279073537,Sách - The Key by Jun'ichirō Tanizaki | Classics / Japanese Literature / Ngoại văn Nhập khẩu,Sách nước ngoài,350000,0
279072084,Sách - Against Interpretation & Other Essays - Susan Sontag| Nonfiction/ Philosophy/ Art / Ngoại văn,Sách nước ngoài,420000,1
279064911,Sách - The Tale of Genji by Murasaki Shikibu | Everyman’s Library/ Classics / Ngoại văn Bìa cứng,Sách nước ngoài,1020000,0
279044420,Sách ngoại văn: Kou Art Book: Kaku (Japanese Edition),Sách nước ngoài,1041500,0
279041763,Sách ngoại văn: 人気イラストレーターたちの幻想的な世界のぬりえ - Ninki Illustrator No Gensou Teki Na Sekai No Nurie Magical World,Sách nước ngoài,548200,0
279038282,Sách ngoại văn: TV Animation Cardcaptor Sakura Archives (Japanaese Edition),Sách nước ngoài,1324600,1
279038234,Sách ngoại văn: Rabu Baretto - Love Bullet 1 (Japanese Edition),Sách nước ngoài,243200,0
279032163,Sách ngoại văn: Kaiju No.8 12 (Japanese Edition),Sách nước ngoài,189700,0
279027813,Sách ngoại văn: National Geographic Primary AME 1 Reader 9,Sách nước ngoài,111700,0
278812692,Sách - Anna Karenina by Leo Tolstoy - (Wordsworth Classics),Sách nước ngoài,280000,0
278532078,Sách - Homestyle Vietnamese Cooking by Nongkran Daks - Periplus Mini Cookbooks,Sách nước ngoài,120000,0
277874586,Sách ngoại văn: Jujutsu Kaisen 29 (Japanese Edition),Sách nước ngoài,195600,0
277364460,Sách ngoại văn: The Art Of Spirited Away (Japanese Edition),Sách nước ngoài,1424900,0
276564137,THE HUNCHBACK OF NOTRE-DAME,Sách nước ngoài,110400,0
276557980,Sách học ngữ pháp tiếng Pháp trình độ A2 - EN CONTEXTE - EXERCICES DE GRAMMAIRE + AUDIO MP3 + CORRIGES (A2),Sách nước ngoài,441000,0
276368892,Frieren - Beyond Journey's End 3 (English Edition),Sách nước ngoài,330200,0
275619411,Roald Dahl Classic: George's Marvellous Medicine,Sách nước ngoài,209000,1
274675105,Dominoes 3 The Last of the Mohicans,Sách nước ngoài,107100,0
274673071,One Little Lie,Sách nước ngoài,139600,0
273324944,Buddhism 101,Sách nước ngoài,349000,1
272619731,Harry Potter: Kỳ Thư Phù Thủy,Sách nước ngoài,460650,5
270154715,Artbook - Sách Tiếng Anh - Versace Catwalk,Sách nước ngoài,1930000,1
260803546,Sách Vietnamese Folklore - The Legend Of Sword Lake - Sự Tích Hồ Gươm,Sách nước ngoài,27360,25
122521856,My Fairy Story,Sách nước ngoài,65500,0
279175245,"Sách - Rome Eternal City by Ferdinand Addis - History, Nonfiction",Sách nước ngoài,680000,0
279138811,"Sách - 23 Things They Don't Tell You about Capitalism by Ha Joon Chang - Economics ,Nonfiction",Sách nước ngoài,350000,0
279113175,Sách Gabby'S Dollhouse Sticker Book_Elm 0126,Sách nước ngoài,129000,0
279075973,Sách - The Makioka Sisters by Jun'ichirō Tanizaki | Classics / Japanese Literature / Ngoại văn,Sách nước ngoài,390000,0
279071342,Sách - The Son of Neptune (Heroes of Olympus Book 2) by Rick Riordan | Children’s Novel / Ngoại văn,Sách nước ngoài,350000,0
279044366,Sách ngoại văn: Love In Provence,Sách nước ngoài,312300,0
279043556,Sách ngoại văn: The Lost Memories,Sách nước ngoài,273600,0
279039819,Sách ngoại văn: 王家の紋章 - Ouke No Monshou - Crest Of The Royal Family 42,Sách nước ngoài,161700,0
279039773,Sách ngoại văn: 王家の紋章 - Ouke No Monshou - Crest Of The Royal Family 41,Sách nước ngoài,161700,0
279031417,Sách ngoại văn: Gachiakuta - Gachi Actor 7 (Japanese Edition),Sách nước ngoài,184600,0
278767783,Les Miserables - Volume 2,Sách nước ngoài,145000,0
278052181,Sách - The Cottage on Sunshine Beach: An utterly gorgeous feel good romantic comedy by Holly Martin,Sách nước ngoài,280000,0
278005619,Sách - Sunset over the Cherry Orchard by Jo Thomas - Romance / Fiction in English,Sách nước ngoài,250000,0
277573696,Sách - Iron in the Soul by Jean-Paul Sartre - Penguin Modern Classics - Sách ngoại Văn,Sách nước ngoài,480000,0
277555679,OTHELLO - Tiénga Anh,Sách nước ngoài,99000,0
277500033,TALES OF MYSTERY AND IMAGINATION,Sách nước ngoài,99000,1
276797084,HARRY POTTER - TOME 2 - HARRY POTTER ET LA CHAMBRE DES SECRETS,Sách nước ngoài,400500,4
276558228,Sách học Tiếng Pháp INSPIRE 2 - LIVRE DE L'ELEVE (A2),Sách nước ngoài,674100,1
276558186,Sách học tiếng Pháp INSPIRE 1 - CAHIER D'ACTIVITES (A1),Sách nước ngoài,440000,2
254090691,Diary of a Wimpy Kid: The Meltdown,Sách nước ngoài,179000,7
250098579,The Witches of New York,Sách nước ngoài,299000,0
248760443,1001 Songs You Must Hear Before You Die,Sách nước ngoài,514280,1
176713705,Wind Breaker 1,Sách nước ngoài,196900,1
171705288,Solutions 2E Pre-Intermediate: Workbook and Audio CD Pack,Sách nước ngoài,288000,3
171592179,進撃の巨人 9 - Attack On Titan 9,Sách nước ngoài,173800,0
279394165,Thám tử thừa kế,"Truyện tranh, Manga",50000,85
279236017,Hồn Oda Da Shiba,"Truyện tranh, Manga",48900,29
278841848,Doraemon Movie Story Màu: Nobita Và Những Hiệp Sĩ Không Gian,"Truyện tranh, Manga",34300,19
278572380,Perman - Cậu Bé Siêu Nhân,"Truyện tranh, Manga",23750,35
242085691,Doraemon Tập 6: Nobita Và Cuộc Chiến Vũ Trụ [Tái Bản 2023],"Truyện tranh, Manga",20900,27
185097189,Combo Nhà Có 5 Nàng Dâu ( 14 Tập) [Tái Bản 2025],"Truyện tranh, Manga",373500,3
279323586,Sách Dấu Ấn Hoàng Gia - Tập 51 [Tặng Kèm Postcard],"Truyện tranh, Manga",28500,118
279396019,Sách Official Character Book - My Hero Academia - Học Viện Siêu Anh Hùng: Ultra Archive [Tặng Kèm Set Bookmark PVC + Bảng Sticker],"Truyện tranh, Manga",40500,4
278870038,Sách - Wild Cats - Tặng Kèm Mini Poster + Card PVC,"Truyện tranh, Manga",132300,4
275606968,Thám Tử Lừng Danh Conan - Hanzawa Chàng Hung Thủ Số Nhọ - Tập 7,"Truyện tranh, Manga",25000,1
279235206,Sách Thiên Sứ Nhà Bên ~ After The Rain (Truyện Tranh) [Chọn Tập,"Truyện tranh, Manga",42750,12
278916774,Doraemon Movie Story Màu - Phiên Bản Mới: Nobita Thám Hiểm Vùng Đất Mới,"Truyện tranh, Manga",33250,19
278916767,Thám Tử Lừng Danh Conan Hoạt Hình Màu: Tàu Ngầm Sắt Màu Đen,"Truyện tranh, Manga",57000,21
278892518,Sách Chàng Đầu Gấu Và Cô Nàng Khiếm Thị [Chọn Tập Lẻ,"Truyện tranh, Manga",42750,21
274919299,Shin - Cậu Bé Bút Chì - Đặc Biệt Tập 7 [Tái Bản 2024],"Truyện tranh, Manga",24500,7
247444634,Doraemon Tập 2: Nobita Và Lịch Sử Khai Phá Vũ Trụ (Tái Bản 2023),"Truyện tranh, Manga",20900,34
279408708,Sách Thám Tử Lừng Danh Conan - Tập 67 (Bản Nâng Cấp) [Tặng Kèm Bookmark] ,"Truyện tranh, Manga",33250,14
279407562,Sách - One Piece - Tập 110 - “Làn Sóng Thời Đại” - Bản Bìa Áo,"Truyện tranh, Manga",30000,12
279392876,Sách - Beastars - Tập 14,"Truyện tranh, Manga",34600,15
279374419,Sách Nhiệm Vụ Tối Thượng Nhà Yozakura - Tập 26: Taiyo Và Asa ,"Truyện tranh, Manga",28500,19
279346821,Sách Combo Flying Witch (Tập 8+9),"Truyện tranh, Manga",104000,17
279292559,Song Mệnh Cõi Hoàng Tuyền - Tập 1 (Bản Thường + Bản Đặc Biệt),"Truyện tranh, Manga",109250,6
279160705,Sách - Series Ẩm thực qua tranh (Nhã Nam Official),"Truyện tranh, Manga",144000,8
278571212,Sách - One Piece - Tập 109 - “Đứng Về Phía Cháu” - Bản Bìa Áo,"Truyện tranh, Manga",30000,17
252994461,Shin - Cậu Bé Bút Chì Tập 34 (Tái Bản 2023),"Truyện tranh, Manga",23750,7
251256145,Shin - Cậu Bé Bút Chì Tập 15 (Tái Bản 2023),"Truyện tranh, Manga",24500,11
278870046,Sách - Dấu Ấn Hoàng Gia - Tập 36 - Tặng Kèm Postcard,"Truyện tranh, Manga",30000,56
276558783,Truyện tranh Cecilia & Lawrence - Chang Book,"Truyện tranh, Manga",46800,4
243023699,Doraemon - Chú Mèo Máy Đến Từ Tương Lai Tập 2 [Tái Bản 2023],"Truyện tranh, Manga",22500,22
279365551,Sách - Dấu Ấn Hoàng Gia - Tập 53,"Truyện tranh, Manga",29700,11
278874703,Sách Thám Tử Lừng Danh Conan Hoạt Hình Màu: Nàng Dâu Halloween,"Truyện tranh, Manga",57000,34
272457463, Trọn Bộ 42 tập Dragon Ball - 7 Viên Ngọc Rồng,"Truyện tranh, Manga",1450000,9
279057678,Khi “Trai” Đẹp Hẹn Hò – Tập 9 [Tặng Kèm Postcard],"Truyện tranh, Manga",44100,9
278883268,Sách - Thám Tử Lừng Danh Conan - Hoạt Hình Màu - Nàng Dâu Halloween - Tập 1,"Truyện tranh, Manga",58800,7
278830785,Sách - Dấu Ấn Hoàng Gia - Tập 35,"Truyện tranh, Manga",30000,64
275185693,Asari - Cô Bé Tinh Nghịch Tập 11 – Tập 20 [Tái Bản 2024,"Truyện tranh, Manga",24500,38
272382702,Shin Cậu Bé Bút Chì - Tập 2,"Truyện tranh, Manga",25000,5
243023700,Doraemon - Chú Mèo Máy Đến Từ Tương Lai Tập 38 (Tái Bản),"Truyện tranh, Manga",22500,25
279322127,"Điệu Múa Chim Công, Có Ai Thấy Không? 03 (Truyện Tranh NXB Trẻ)","Truyện tranh, Manga",53940,2
279212528,Sách - Hikaru - Kì Thủ Cờ Vây - Ultimate Edition - Tập 2 - Tặng Kèm Character Card,"Truyện tranh, Manga",78400,15
279059440,Doraemon Movie Story Màu: Nobita Và Đảo Giấu Vàng,"Truyện tranh, Manga",33150,19
278883286,Sách - Thám Tử Lừng Danh Conan - Hoạt Hình Màu - Nàng Dâu Halloween - Tập 2,"Truyện tranh, Manga",58800,7
278493331,Bé Lớn Lên Cùng Những Câu Chuyện Nhỏ,"Truyện tranh, Manga",51000,13
276944222,Truyện - Doraemon Tranh Truyện Màu - Nobita Và Cuộc Phiêu Lưu Ở Thành Phố Dây Cót - Chọn Lẻ 2 Tập - Kim Đồng,"Truyện tranh, Manga",34000,4
276589155,Truyện tranh Câu Lạc Bộ Những Kẻ Mất Ngủ - Insomniacs After School (Chang Book),"Truyện tranh, Manga",46800,3
276581136,Truyện tranh Dấu ấn Hoàng Gia lẻ Tập (1 -> 66) - Chang Book,"Truyện tranh, Manga",35100,9
272376581,Thám Tử Lừng Danh Conan - Tập 71 (Tái Bản 2023),"Truyện tranh, Manga",25000,13
279360804,Sách - Veil - Kotteri,"Truyện tranh, Manga",139000,12
279301375,Sách - Dấu Ấn Hoàng Gia - Tập 48,"Truyện tranh, Manga",29400,17
279008841,Sách - Ở Đây Có Một Con Én - Tập 2,"Truyện tranh, Manga",83100,28
263970094,Doraemon - Chú Mèo Máy Đến Từ Tương Lai Tập 4,"Truyện tranh, Manga",22500,36
247761774,Shin - Cậu Bé Bút Chì Truyện Dài Tập 4: Kho Báu Vương Quốc Ụt Ịt [Tái Bản 2023],"Truyện tranh, Manga",23750,16
242085710,Doraemon Tập 9: Nobita Và Nước Nhật Thời Nguyên Thủy [Tái Bản 2023],"Truyện tranh, Manga",22500,53
279407589,Sách - Vòng Lặp Thứ 7 Của Tiểu Thư Phản Diện - Cuộc Sống Hôn Nhân Tự Tại Giữa Lòng Địch Quốc - Tập 7 - Tặng Kèm Postcard,"Truyện tranh, Manga",50000,3
279396003,Sách One Piece - (Bản Đặc Biệt + Bản bìa gập),"Truyện tranh, Manga",202500,3
279392860,Sách - Chú Thuật Hồi Chiến - Tập 27 - Kẻ Sống Còn Ngốc Nghếch - Limited Edition - Tặng Kèm Bọc Bảo Vệ Sách + Bổ Sung Trang Màu Độc Quyền,"Truyện tranh, Manga",64300,11
279274032,Sách - Rắc Rối Đáng Yêu - Love Com - Tập 10,"Truyện tranh, Manga",49000,8
279274000,Sách - Thám Tử Lừng Danh Conan - Tập 64 - Bản Nâng Cấp - Tặng Kèm Bookmark,"Truyện tranh, Manga",34300,7
278317000,Bảy Chuyện Kể Về Hậu Duệ Của Rồng,"Truyện tranh, Manga",49500,23
253366271,Doraemon - Chú Mèo Máy Đến Từ Tương Lai Tập 35 (Tái Bản),"Truyện tranh, Manga",20900,21
251255488,Doraemon - Chú Mèo Máy Đến Từ Tương Lai Tập 5 [Tái Bản 2023],"Truyện tranh, Manga",22500,26
279154042,Sách - Dấu Ấn Hoàng Gia - Tập 41 - Tặng Kèm Postcard,"Truyện tranh, Manga",30000,16
278903315,Sách - Sobotei - Dinh Thự Ma Ám - Tập 11,"Truyện tranh, Manga",44100,7
277977096,Sách - Combo Manga - Siêu Quậy Teppei: Tập 21 - 31 (Bộ 11 Tập),"Truyện tranh, Manga",266700,5
276369265,Haikyu!! - Tập 18,"Truyện tranh, Manga",40000,3
276242871,Nàng Juliet Ở Trường Nội Trú Tập 5,"Truyện tranh, Manga",33250,18
279332537,Sách - Truyện Tranh Tương Tác - Giải Cứu Thỏ Bảy Màu Trong Xứ Sở Không Màu - Tặng Kèm Bookmark 2 Mặt Cán Holo,"Truyện tranh, Manga",166300,3
279321746,Sách - Nisekoi - Cặp Đôi Giả Tạo - Tập 14 - Chị Gái,"Truyện tranh, Manga",39200,8
279303315,Sách - Beastars - Tập 12,"Truyện tranh, Manga",34300,12
279269732,Sách - Cardcaptor Sakura - Thẻ Bài Pha Lê - Tập 7 (Tái Bản 2026),"Truyện tranh, Manga",34300,3
279269368,Sách - Combo Manga - Cuốn Từ Điển Kì Bí: Tập 1 - 3 (Bộ 3 Tập) - Tặng Kèm Bảng Sticker,"Truyện tranh, Manga",73500,8
279269256,Sách - Cardcaptor Sakura - Thẻ Bài Pha Lê - Tập 9 (Tái Bản 2026),"Truyện tranh, Manga",34300,4
279260037,Sách - Dấu Ấn Hoàng Gia - Tập 43,"Truyện tranh, Manga",29400,9
279162299,Truyện tranh Hikaru Kì Thủ Cờ Vây Ultimate Edition full 6 tập (Chang Book),"Truyện tranh, Manga",93500,7
278906622,"Sách - ""Cậu"" Ma Nhà Xí Hanako - Tập 19 (Tái Bản 2025)","Truyện tranh, Manga",34300,5
278111222,Sách - Dr.STONE - Tập 13 - Chiến Tranh Khoa Học,"Truyện tranh, Manga",30000,3
278103447,Sách - One-Punch Man - Tập 27 - Tatsumaki Toàn Phần Công Lực (Tái Bản 2025),"Truyện tranh, Manga",30000,11
276602300,Truyện tranh Hắc Quản Gia full 34 tập (Chang Book),"Truyện tranh, Manga",68000,10
276369279,Haikyu!! - Tập 25,"Truyện tranh, Manga",40000,4
275384926,Alice In Borderland - Tập 12,"Truyện tranh, Manga",35000,8
246070523,Doraemon Tập 15: Đấng Toàn Năng Nobita (Tái Bản),"Truyện tranh, Manga",22000,28
278883290,Sách - Thánh Địa Khủng Long - Tập 6 - Tặng Kèm Dinosaur Card,"Truyện tranh, Manga",53900,6
278824742,Sách 13 Giờ Sáng - Khung Giờ Vô Thực Cho Những Câu Chuyện Bất Thường,"Truyện tranh, Manga",70400,17
278807768,Sách - Dragon Ball - 7 Viên Ngọc Rồng - Tập 8 - Đột Kích Đại Bản Doanh Red Ribbon (Tái Bản 2025),"Truyện tranh, Manga",30000,4
278596733,Sách - Solo Leveling - Tôi Thăng Cấp Một Mình - Tập 22 - Tặng Kèm Obi + 2 PVC Card,"Truyện tranh, Manga",85300,10
278521614,Truyện tranh Thị Trấn Mèo full 10 tập (Chang Book),"Truyện tranh, Manga",79500,1
243023713,Doraemon - Chú Mèo Máy Đến Từ Tương Lai Tập 36 [Tái Bản 2023],"Truyện tranh, Manga",21600,17
279439218,Sách - Dã Ngoại Thảnh Thơi - Yurucamp - Tập 13 - Tặng Kèm Standee,"Truyện tranh, Manga",29400,9
279414793,Sách - Bluelock - Episode Nagi - Tập 1 - Tặng Kèm Card PVC,"Truyện tranh, Manga",35000,8
279298416,Truyện tranh Song mệnh cõi hoàng tuyền (Chang Book),"Truyện tranh, Manga",41000,1
279235189,Sách - Văn Phòng Thám Tử Quái Vật - Tập 19 - Tặng Kèm Standee Giấy + Special Cover,"Truyện tranh, Manga",39200,6
278947484,Truyện tranh - One-Punch Man - Tập 33 - Ngang Ngửa,"Truyện tranh, Manga",30000,19
278907191,Sách - Bạch Tuyết Tóc Đỏ - Tập 19 - Tặng Kèm Card PVC,"Truyện tranh, Manga",30000,3
278895000,Truyện tranh - Combo 5 Cuốn Siêu quậy Teppei - Kim Đồng,"Truyện tranh, Manga",160000,10
278894293,Sách Tiệm Cà Phê Bất Ổn - Bản thường + Bookmark (8x10cm),"Truyện tranh, Manga",163800,2
278830721,Sách - Dragon Ball - 7 Viên Ngọc Rồng - Tập 40 - Vũ Khí Cuối Cùng Của Trái Đất (Tái Bản 2025),"Truyện tranh, Manga",30000,2
277420937,Truyện tranh Black Jack (Bản đặc biệt) - Chang Book,"Truyện tranh, Manga",135000,8
276437883,Truyện tranh Phù Thuỷ Và Dã Thú full 10 tập (Chang Book),"Truyện tranh, Manga",64300,1
276344117,Rồng Không Trung Tập 11 [Tặng Kèm Postcard],"Truyện tranh, Manga",38000,22
275041152,Combo Manga - Chú Thuật Hồi Chiến: Tập 11 - 20 (Bộ 10 Tập),"Truyện tranh, Manga",294000,7
279414946,Sách - Frieren - Pháp Sư Tiễn Táng - Tập 7,"Truyện tranh, Manga",42700,4
279407579,Sách - Nisekoi - Cặp Đôi Giả Tạo - Tập 16 - Giống Hệt - Tặng Kèm Lót Ly,"Truyện tranh, Manga",40000,13
279345323,Sách - [Manga] Văn Hào Lưu Lạc - Gâu! - Tập 8 - Bản Đặc Biệt - Tặng Kèm Music Player Card,"Truyện tranh, Manga",48500,1
278991806,Sách - Vương Quốc Thất Tịch - Tập 1 - Tặng Kèm Bookmark,"Truyện tranh, Manga",56800,6
278940610,Sách - Thám Tử Lừng Danh Conan - Hoạt Hình Màu - Tàu Ngầm Sắt Màu Đen - Tập 2,"Truyện tranh, Manga",58800,4
278786004,Sách - Em Bé Và Tôi - Tập 5 - Tặng Kèm Kèm Bìa Áo Đặc Biệt,"Truyện tranh, Manga",73500,8
278150633,Sách - One-Punch Man - Tập 18 - Giới Hạn (Tái Bản 2025),"Truyện tranh, Manga",30000,6
278123142,Mèo Tuần Đêm - Tập 4,"Truyện tranh, Manga",42750,13
278092493,Sách - Naruto - Tập 69 - Khởi Đầu Của Mùa Xuân Đỏ (Tái Bản 2025),"Truyện tranh, Manga",30000,11
276944034,Truyện - Dragon Ball Full Color - Phần Một - Thời Niên Thiếu Của Son Goku - Chọn Lẻ 8 Tập - Akira Toriyama - Kim Đồng,"Truyện tranh, Manga",90000,20
276905651,Yona - Công Chúa Bình Minh - Tập 13,"Truyện tranh, Manga",25000,4
276319928,Haikyu!! - Tập 38,"Truyện tranh, Manga",40000,3
279437020,Sách - Em Đến Cùng Mưa - With You And The Rain - Tập 7,"Truyện tranh, Manga",37200,3
278907193,Sách - Thám Tử Lừng Danh Conan - Tập 60 (Tái Bản 2024),"Truyện tranh, Manga",25000,2
278802311,Sách - MASHLE - Tập 9 - Mash Burnedead Và Giải Đấu Tam Pháp Thuật - Vòng Thi Thần Nhãn Cuối Cùng,"Truyện tranh, Manga",30000,2
278711782,Sách - Thanh Gươm Diệt Quỷ - Kimetsu No Yaiba - Tập 5 - Xuống Địa Ngục (Tái Bản 2025),"Truyện tranh, Manga",30000,5
278702217,Sách - Masamune Báo Thù - Tập 1 - Tặng Kèm Shikishi,"Truyện tranh, Manga",37200,1
278681234,"Sơn,Goal! - Tập 4 [Tặng Kèm Bìa Áo Đặc Biệt & Bảng Sticker]","Truyện tranh, Manga",43200,26
278617148,Sách - Thám Tử Lừng Danh Conan - Hoạt Hình Màu - Cú Đấm Sapphire Xanh - Tập 1,"Truyện tranh, Manga",58800,5
278575408,Sách - Dragon Ball Super - Tập 2 - Vũ Trụ Nào Chiến Thắng? (Tái Bản 2025),"Truyện tranh, Manga",30000,1
277996650,Sách - Dragon Ball Super - Tập 1 - Các Chiến Binh Của Vũ Trụ Thứ 6 (Tái Bản 2025),"Truyện tranh, Manga",30000,1
277976622,"Sách - Dragon Ball Super - Tập 6 - Hỡi Các Siêu Chiến Binh, Hãy Tập Hợp! (Tái Bản 2025)","Truyện tranh, Manga",30000,3
277874632,Sách - Dấu Ấn Hoàng Gia - Tập 20,"Truyện tranh, Manga",30000,22
276488182,Truyện tranh Cậu ma nhà xí Hanako + Sau giờ học - Chang Book,"Truyện tranh, Manga",41000,21
276292100,Câu Lạc Bộ Những Kẻ Mất Ngủ - Insomniacs After School Tập 7 [Tặng Kèm Postcard],"Truyện tranh, Manga",38800,21
276078765,Thám Tử Lừng Danh Conan - Hoạt Hình Màu - Khinh Khí Cầu Mắc Nạn - Tập 2 (Tái Bản 2024),"Truyện tranh, Manga",58800,2
275231017,Shin - Cậu Bé Bút Chì - Đặc Biệt - Tập 5 (Tái Bản 2024),"Truyện tranh, Manga",25000,8
274535707,Thám Tử Lừng Danh Conan - Hoạt Hình Màu - Hoa Hướng Dương Trong Biển Lửa - Tập 1 (Tái Bản 2024),"Truyện tranh, Manga",58800,5
270700007,Conan Hoạt Hình Màu - Kẻ Hành Pháp Zero - Tập 2 (Tái Bản 2023),"Truyện tranh, Manga",58800,3
270670492,Doraemon Bóng Chày - Truyền Kì Về Bóng Chày Siêu Cấp - Tập 21 (Tái Bản 2023),"Truyện tranh, Manga",22000,17
270670438,Doraemon Plus - Tập 5 (Tái Bản 2023),"Truyện tranh, Manga",22000,13
251256148,Shin - Cậu Bé Bút Chì Tập 9 [Tái Bản 2023],"Truyện tranh, Manga",23500,30
249825619,Thám Tử Lừng Danh Conan Hoạt Hình Màu: Bài Thơ Tình Thẫm Đỏ - Tập 2 (Tái Bản 2023),"Truyện tranh, Manga",59400,5
246073028,Doraemon Tập 12: Nobita Và Vương Quốc Trên Mây [Tái Bản 2023],"Truyện tranh, Manga",20900,39
279269270,Sách - Khúc Danh Đề Biển Cả - Tập 7 - Bản Đặc Biệt - Tặng Kèm Polaroid Card,"Truyện tranh, Manga",53300,1
278711903,"Sách - ""Cậu"" Ma Nhà Xí Hanako - Tập 1 (Tái Bản 2025)","Truyện tranh, Manga",34300,9
278697993,Truyện tranh Những ngày thường bất ổn của Yano full 10 tập (Chang Book),"Truyện tranh, Manga",52600,5
278534306,Sách - Dragon Ball - 7 Viên Ngọc Rồng - Tập 10 - Đại Hội Võ Thuật Lần Thứ 22 (Tái Bản 2025),"Truyện tranh, Manga",30000,4
277590977,Truyện tranh Dragon Ball trọn bộ 42 tập + Ngoại truyện Akira full 8 tập + Tặng Lịch phát hành (Chang Book),"Truyện tranh, Manga",351000,3
277436577,Sách - [Manga] Chúa Tể Bóng Tối - Tập 9 - Tặng Kèm Postcard + Photostrip,"Truyện tranh, Manga",39200,6
275291047,Combo Nhóc Miko! (Bộ 4 tập),"Truyện tranh, Manga",100000,4
273600931,Shin - Cậu Bé Bút Chì - Tập 31 (Tái Bản 2023),"Truyện tranh, Manga",25000,9
247442513,Combo Thám Tử Lừng Danh Conan Hoạt Hình Màu: Bài Thơ Tình Thẫm Đỏ (2 Cuốn) [Tái Bản 2023],"Truyện tranh, Manga",114000,26
247239772,Doraemon - Chú Mèo Máy Đến Từ Tương Lai - Tập 33 (Tái Bản 2023),"Truyện tranh, Manga",22000,10
279062462,Sách Nhật Kí Nơi Xứ Lạ (Tập 7),"Truyện tranh, Manga",67500,13
278756478,Sách Tuyển Tập Truyện Tranh Việt - Người Trong Muôn Loài,"Truyện tranh, Manga",128250,5
278194295,"Kẻ Ngây Thơ Người Từng Trải, Và Câu Chuyện Tình Của Chúng Tôi – Tập 2 (Bản Thường)","Truyện tranh, Manga",89100,1
277977506,Sách - One Piece - Tập 100 - “Haki Bá Vương” (Tái Bản 2025),"Truyện tranh, Manga",30000,8
276458553,Thám Tử Lừng Danh Conan - Tập 4 - Bản Nâng Cấp - Tặng Kèm Bookmark,"Truyện tranh, Manga",34300,6
276369251,Haikyu!! - Tập 11,"Truyện tranh, Manga",40000,1
275290873,Bé Nấm Lùn - Tập 3: Thạch Sanh,"Truyện tranh, Manga",35000,9
275232536,Slam Dunk - Deluxe Edition - Tập 20,"Truyện tranh, Manga",60000,13
278807772,Sách - Dragon Ball - 7 Viên Ngọc Rồng - Tập 28 - Cậu Thiếu Niên Đến Từ Tương Lai (Tái Bản 2025),"Truyện tranh, Manga",30000,3
278711846,Sách - Thánh Địa Khủng Long - Tập 2 - Tặng Kèm Dinosaur Card,"Truyện tranh, Manga",53900,1
278507127,Sách - Thánh Địa Khủng Long - Tập 3 - Tặng Kèm Dinosaur Card,"Truyện tranh, Manga",53900,2
278430873,"Sách - Di Sản Hồ Chí Minh - Bác Hồ Với Các Ngày Lễ, Kỷ Niệm Lớn Trong Năm - NXB Trẻ","Truyện tranh, Manga",95000,3
277741995,Truyện tranh Thám Tử Lừng Danh Conan - Vs.Tổ Chức Áo Đen trọn bộ 4 tập (Chang Book),"Truyện tranh, Manga",41000,0
277436443,Sách - Soul Eater - Perfect Edition - Tập 16,"Truyện tranh, Manga",93100,8
277392906,Sạch Sẽ Tinh Tươm - Bàn Chải Nhỏ Dodi,"Truyện tranh, Manga",58000,1
276944098,Truyện - Dragon Ball Full Color - Phần Sáu - Ma Buu - Chọn Lẻ 6 Tập - Akira Toriyama - Kim Đồng,"Truyện tranh, Manga",90000,1
276807889,Tớ Có Quyền Giải Cứu Hành Tinh Xanh,"Truyện tranh, Manga",55000,1
276425564,Nàng Juliet Ở Trường Nội Trú Tập 7 [Tặng Kèm Postcard],"Truyện tranh, Manga",33250,10
275747043,Fullmetal Alchemist - Cang Giả Kim Thuật Sư - Fullmetal Edition - Tập 11 (Tái Bản 2024),"Truyện tranh, Manga",73500,8
275693988,Doraemon Chú Mèo Máy Đến Từ Tương Lai - Tập 27,"Truyện tranh, Manga",22000,2
272270967,Gương Thiếu Nhi Làm Theo Lời Bác: Niềm Yêu Thích Trượt Băng,"Truyện tranh, Manga",23520,3
272270950,Gương Thiếu Nhi Làm Theo Lời Bác: Tình Yêu Với Bóng Bàn,"Truyện tranh, Manga",23520,3
269947154,Thám Tử Lừng Danh Conan - Tập 88 (Tái Bản 2023),"Truyện tranh, Manga",25000,12
279293203,Truyện tranh Host Club trường Ouran full 8 tập (Chang Book),"Truyện tranh, Manga",41000,4
279286889,Sách - Văn Phòng Thám Tử Quái Vật - Tập 21,"Truyện tranh, Manga",39200,9
279273998,Sách - Dấu Ấn Hoàng Gia - Tập 44,"Truyện tranh, Manga",29400,15
278596735,Sách - One-Punch Man - Tập 32 - Ban Phước,"Truyện tranh, Manga",30000,22
277735635,Màn Đêm Ngoài Khung Cửa Sổ Tam Giác (Tập 10),"Truyện tranh, Manga",56250,12
276944459,Truyện - Doraemon Học Tập - Chọn Lẻ 19 Chủ Đề - Kim Đồng,"Truyện tranh, Manga",50000,53
276319802,Dấu Ấn Hoàng Gia - Tập 5,"Truyện tranh, Manga",30000,2
242835324,Doraemon Tập 10: Nobita Và Hành Tinh Muông Thú [Tái Bản 2023],"Truyện tranh, Manga",23750,42
279421318,"Sách Ba, Chú Gorilla Và Tôi (Chọn Tập)","Truyện tranh, Manga",66000,3
279301341,Sách - Điệu Múa Chim Công Có Ai Thấy Không? - Tập 2,"Truyện tranh, Manga",56800,6
279269852,Sách - Văn Phòng Thám Tử Quái Vật - Tập 20,"Truyện tranh, Manga",39200,8
278881506,Truyện tranh Đại Pháp Sư của Thư Viện full 7 tập (Chang Book),"Truyện tranh, Manga",52600,0
278840857,Rồng Săn Tìm Nhà - Tập 9 [Tặng Kèm Postcard],"Truyện tranh, Manga",38000,3
278638499,Chúa Tể Bóng Tối (Truyện Tranh) – Tập 13 [Tặng Kèm Postcard + Photostrip],"Truyện tranh, Manga",38400,11
279361067,Sách - Ông Chú Nhà Quê Trở Thành Kiếm Thánh - Đám Đệ Tử Thành Danh Không Cho Tôi Yên Ổn Dạy Kiếm Dưới Quê - Tập 7 - Bản Đặc Biệt - Tặng Kèm Character Card,"Truyện tranh, Manga",53300,4
279269372,Sách - Ông Chú Nhà Quê Trở Thành Kiếm Thánh - Đám Đệ Tử Thành Danh Không Cho Tôi Yên Ổn Dạy Kiếm Dưới Quê - Tập 5 - Bản Đặc Biệt - Tặng Kèm Character Card,"Truyện tranh, Manga",53300,3
279225672,Truyện Tranh - Siêu Quậy Teppei - Tetsuya Chiba - Tập 1 - Tập 31,"Truyện tranh, Manga",29000,1
279199180,Sách - Cuốn Từ Điển Kì Bí - Tập 3,"Truyện tranh, Manga",24500,4
279191857,Sách Ánh Đèn Kì Ảo Của Nữ Thần Bóng Đêm (Tập 3),"Truyện tranh, Manga",110700,11
279157789,Sách - Beastars - Tập 8,"Truyện tranh, Manga",34300,12
279131302,Sách - Dấu Ấn Hoàng Gia - Tập 39,"Truyện tranh, Manga",30000,14
278885313,Sách - Beastars - Tập 3 - Tặng Kèm Card Nhựa,"Truyện tranh, Manga",34300,7
278874699,Sách Ninja Rantaro - Tập 65,"Truyện tranh, Manga",38000,25
278802329,Sách - MASHLE - Tập 11 - Mash Burnedead Và Thần Nước,"Truyện tranh, Manga",30000,9
278103451,Sách - One-Punch Man - Tập 28 - Xuống Vực Sâu (Tái Bản 2025),"Truyện tranh, Manga",30000,10
278098970,Mèo Mốc Black Book – Tập 6,"Truyện tranh, Manga",33750,7
278092849,Sách - Thanh Gươm Diệt Quỷ - Tập 18 - Kí Ức Trỗi Dậy (Tái Bản 2025),"Truyện tranh, Manga",30000,36
278069121,Sách - Dragon Ball - 7 Viên Ngọc Rồng - Tập 5 - Nỗi Kinh Hoàng Tháp Muscle (Tái Bản 2025),"Truyện tranh, Manga",30000,10
247442521,Thám Tử Lừng Danh Conan Hoạt Hình Màu: Cầu Thủ Ghi Bàn Số 11 Tập 2 [Tái Bản 2023],"Truyện tranh, Manga",54000,8
279389137,Sách - Rắc Rối Đáng Yêu - Love Com - Tập 13 - Tặng Kèm Card Mùa Hạ,"Truyện tranh, Manga",49500,3
279353652,Sách - Song Mệnh Cõi Hoàng Tuyền - Tập 1,"Truyện tranh, Manga",34600,2
279344592,Sách - Nữ Binh Thần Tốc - Tập 14,"Truyện tranh, Manga",44100,3
278906614,"Sách - ""Cậu"" Ma Nhà Xí Hanako - Tập 17 (Tái Bản 2025)","Truyện tranh, Manga",34300,6
278870167,Truyện tranh Vòng lặp thứ 7 của tiểu thư phản diện full 7 tập (Chang Book),"Truyện tranh, Manga",58500,0
278809475,Sách - One-Punch Man - Tập 30 - Chướng Ngại Lớn Nhất,"Truyện tranh, Manga",30000,8
278713633,Sách - Dấu Ấn Hoàng Gia - Tập 27,"Truyện tranh, Manga",30000,16
278711844,"Sách - Hoa Thơm Kiêu Hãnh - Tập 1 - Tặng Kèm Bìa Rời Cán Bóng + Card ""Hoa Nở"" + Thiệp Giấy ""Cửa Sổ Phía Bên Kia""","Truyện tranh, Manga",53300,22
277977034,Sách - Combo Manga - Itto - Cơn Lốc Sân Cỏ: Tập 21 - 30 (Bộ 10 Tập),"Truyện tranh, Manga",245000,6
279376736,Sách Vị Hôn Thê Giản Dị Của Tôi Rất Dễ Thương Lúc Ở Nhà (Tập 2),Sách giáo khoa,104250,10
279302465,HÀ Ô LÔI- Đinh Đức Hoàng- Nxb Phụ Nữ- Rubik Việt Nam,Sách giáo khoa,179000,12
279302213,Sách - [Light Novel] OVERLORD - Tập 11 - Thợ Thủ Công Dwarf - Bản Đặc Biệt - Tặng Kèm Character Card Metalize,Sách giáo khoa,160000,10
278786956,Sách Ma Pháp Thiếu Nữ Tập 10,Sách giáo khoa,66813,0
278772400,Sách - Chào Mừng Đến Lớp Học Đề Cao Thực Lực - Tập 11 - Bản Giới Hạn - Tặng Kèm Box + Tapestry A1 + ID Card Nhựa + Postcard,Sách giáo khoa,294000,2
278499788,Hồi Ức Người Tình Báo - Bản Quyền,Sách giáo khoa,169000,1
277812990,Sách Ma Pháp Thiếu Nữ Tập 9,Sách giáo khoa,66813,4
276504668,Sách Nàng Idol Đói Bụng Gặp Được Chàng Nội Trợ Đảm Đang (Tập 1),Sách giáo khoa,111200,17
276476311,Truyện 86 - Eighty Six (Chang Book),Sách giáo khoa,145000,1
275543709,Harry Potter Và Hoàng Tử Lai - Tập 6 (Khổ nhỏ - Bộ 4 cuốn),Sách giáo khoa,263000,1
51833332,Sách Ẩn Tàng Thư Dantalian 4 (Tặng Kèm 1 Bookmark),Sách giáo khoa,110600,2
279250970,Sách - [Light Novel] OVERLORD - Tập 10 - Kẻ Thống Trị Mưu Lược - Bản Đặc Biệt - Tặng Kèm Character Card,Sách giáo khoa,155800,13
279165371,Sách Hẹn Hò Với Người Siêu Dễ Thương Như Tớ Đi! [Chọn Tập,Sách giáo khoa,78000,4
279131170,Spy room - Lớp học điệp viên tập 9,Sách giáo khoa,109000,14
278831285,Sách - [Light Novel] Dược Sư Tự Sự - Tập 7 - Tặng Kèm Bookmark,Sách giáo khoa,113700,6
278521883,MỘT NGÀY TRONG ĐỜI ABED SALAMA (BI KỊCH CỦA JERUSALEM) - Nathan Thrall - LightBooks,Sách giáo khoa,242000,0
244178161,Phương pháp giáo dục Reggio Emilia  (Sách tái bản đổi bìa 2023),Sách giáo khoa,83800,30
190608555,Thằng Quỷ Nhỏ,Sách giáo khoa,43000,2
278883282,Sách - Chào Mừng Đến Lớp Học Đề Cao Thực Lực - Tập 11.5 - Bản Đặc Biệt - Tặng Kèm Camera Card,Sách giáo khoa,105600,1
278499840,Frank Và Red - Bản Quyền,Sách giáo khoa,189000,1
278092733,"Sách - Chào Mừng Đến Lớp Học Đề Cao Thực Lực - Tập 10 - Bản Giới Hạn - Tặng Kèm Acrylic plate ""Neko Girls"" + ID Card Nhựa Cứng Kèm Phong Bì + Box",Sách giáo khoa,294000,0
277500577,Truyện Làm Bạn Với Cô Nàng Dễ Thương Nhì Lớp full 5 tập (Light Novel) - Chang Book,Sách giáo khoa,105000,1
277436687,Sách - [Light Novel] Thiên Sứ Nhà Bên - Tập 9 - Tặng Kèm Bookmark,Sách giáo khoa,90200,3
272629735,Sách Phá Đảo Dị Giới Cùng Nữ Thần Không Tín Đồ - Tập 1,Sách giáo khoa,91000,1
279405189,Hẹn Hò Với Người Siêu Dễ Thương Như Tớ Đi! - Tập 1 (Kèm Bookmark + Postcard) (Light Novels) (FN),Sách giáo khoa,92000,0
279251008,Sách - Cuộc Cách Mạng Ma Thuật Của Công Chúa Chuyển Sinh Và Tiểu Thư Thiên Tài - Tập 1 - Tặng Kèm Bookmark Hai Mặt + Postcard Hai Mặt,Sách giáo khoa,138600,1
278831347,Sách - Ghost Hunt - Tập 3 - Lời Nguyện Cầu Của Thiếu Nữ - Tặng Kèm Postcard,Sách giáo khoa,99700,5
278830719,Sách - Arya Bàn Bên Thỉnh Thoảng Lại Trêu Ghẹo Tôi Bằng Tiếng Nga - Tập 8 - Bản Boxset - Tặng Kèm Boxset + Sticker + Bộ Postcard Lịch 2026,Sách giáo khoa,128200,2
278148716,Sách -  Spy room – Lớp học điệp viên - Ngoại truyện 2: Người thầy điệp viên yêu tôi,Sách giáo khoa,119200,0
276659808,Truyện Chúa tể bóng tối Light Novel full 5 tập - Chang Book,Sách giáo khoa,128000,1
276369213,Ngày Xưa Có Một Chuyện Tình (Phiên bản khổ nhỏ - bìa phim),Sách giáo khoa,75000,2
276357198,(Nobel văn chương 2024) TRẮNG – Han Kang – Hà Linh dịch – Nhã Nam - NXB Hà Nội,Sách giáo khoa,79000,8
275075636,Sách - Thám tử đã chết - Tập 8,Sách giáo khoa,83900,2
274993817,Nữ Chính Sinh Tồn Mạnh Mẽ Trong Thế Giới Otome Game - Tập 2 - Tặng Kèm Bookmark,Sách giáo khoa,166400,3
274408572,Sách Phá Đảo Dị Giới Cùng Nữ Thần Không Tín Đồ - Tập 2 - Light Novel,Sách giáo khoa,100000,0
274035446,Khi Muốn Khóc Tôi Đeo Mặt Nạ Mèo - Bản Đặc Biệt - Tặng Kèm Bookmark Paw Paw,Sách giáo khoa,86200,6
273216970,Sách Văn Học Kinh Điển - Hòa Giải Và Truyện Ngắn Tuyển Chọn  - Phúc Minh Books,Sách giáo khoa,99000,25
263646435,Thiên Sứ Nhà Bên – Tập 6 (Bản phổ thông),Sách giáo khoa,95000,0
249157120,Sách Thần Chết Làm Thêm 300 Yên/Giờ (Tái bản),Sách giáo khoa,59500,1
89314035,Sách - Thế Giới Otomegame Thật Khắc Nghiệt Với Nhân Vật Quần Chúng (Tập 1) (tặng kèm bookmark),Sách giáo khoa,157000,0
279423860,"Sách - Pháo Hoa, Đáy Nước Và Lời Nói Dối Của Cậu - Tặng Kèm Bookmark + Đai Sách",Sách giáo khoa,139000,0
279405632,Sách - [Light Novel]Hành Trình Của Elaina - Tập 17 - Tặng Kèm Bookmark PVC Card + Set 4 Card Bo Góc,Sách giáo khoa,148700,0
278966541,Sách - Chung Một Mái Nhà - Tập 4 - Tặng Kèm Bookmark,Sách giáo khoa,99700,0
278962844,Truyện Chitose Trong Chai Ramune (Light Novel) – Chang Book,Sách giáo khoa,115000,0
278885301,Sách - [Light Novel] Chúa Tể Bóng Tối - Tập 5 - Bản Giới Hạn - Tặng Kèm Thẻ Nhân Vật + Khung Tranh,Sách giáo khoa,121600,2
278856297,(Tặng kèm bookmark) ĐÂU ĐÓ NGOÀI KHƠI XA – Phần Tiếp Theo Của Ngôi Nhà Bên Bờ Biển Xanh Thẳm - Klune - Jack Frogg dịch - Az Việt Nam - NXB Văn học,Sách giáo khoa,218000,0
278831299,Sách - Thế Giới Otome Game Thật Khắc Nghiệt Với Nhân Vật Quần Chúng - Tập 13 - Tặng Kèm Bookmark + Posrcard Random 1 Trong 2 Mẫu,Sách giáo khoa,147800,2
278616736,Sách - Ma Vương Tôi Đây Nên Yêu Cô Dâu Elf Của Mình Như Thế Nào? - Tập 5 - Bản Đặc Biệt - Tặng Kèm Bookmark + Postcard + Card Trong,Sách giáo khoa,134800,0
277342632,Combo Băng Điểm - Quyển Thượng + Quyển Hạ (Bộ 2 Cuốn) - TRE ,Sách giáo khoa,345000,0
275490478,Tôi Yêu Nữ Phản Diện - Tập 1 (Tái Bản 2022),Sách giáo khoa,104700,2
274102061,Sách - Chuyện Con Mèo Lập Kèo Cứu Sách - Nhã Nam Official,Sách giáo khoa,119000,0
273518860,Chitose trong chai Ramune - Tập 5,Sách giáo khoa,115000,2
271216824,Khi ấy là một đêm đầy sao,Sách giáo khoa,111200,0
253237867,Kẻ dị biệt tại trường học phép thuật (Tập 9) - Khách phương xa I - Bản Quyền,Sách giáo khoa,135000,0
216213430,Sách - Thư viện nửa đêm (Nhã Nam),Sách giáo khoa,147000,0
214502542,Sword Art Online Progressive 008,Sách giáo khoa,114700,3
202151589,Grimgar - Ảo Ảnh Và Tro Tàn - Tập 14,Sách giáo khoa,100000,0
190608672,Bảy Bước Tới Mùa Hè,Sách giáo khoa,52000,5
150896867,Sách - Gosick - tập 7 - Cuộc đời màu hoa hồng,Sách giáo khoa,69500,0
36048527,Sách Sword Art Online 013,Sách giáo khoa,110000,10
279268773,Sách - Arya Bàn Bên Thỉnh Thoảng Lại Trêu Ghẹo Tôi Bằng Tiếng Nga - Tập 9 - Tặng Kèm Bookmark Bế Hình + Bìa Áo Bonus,Sách giáo khoa,90200,1
279260070,Sách - Arya Bàn Bên Thỉnh Thoảng Lại Trêu Ghẹo Tôi Bằng Tiếng Nga - Tập 9 - Bản Boxset - Tặng Kèm Boxset + Sổ Tay + Lenticular Card,Sách giáo khoa,128200,1
279133730,Sách - Thế Giới Otome Game Đó Thật Khắc Nghiệt Với Chúng Ta - Tập 1 - Tặng Kèm Bookmark,Sách giáo khoa,129200,0
279104044,Sách - [Light Novel] Cuộc Nổi Dậy Của Cô Nàng Mọt Sách - Phần 2 - Vu Nữ Tập Sự Của Thần Điện II - Bản Đặc Biệt - Tặng Kèm Bookmark + Card Trong + Postcard,Sách giáo khoa,181300,1
279074883,NGƯỜI BỐ CÁ GAI CỦA TÔI – Cho Chang-in – Nguyễn Thị Thu Vân dịch – Nhã Nam,Sách giáo khoa,142000,0
278831313,Sách - [Light Novel] Ác Nữ Nửa Vời - Truyền Kì Hoán Hồn Đổi Xác - Tập 1 - Tặng Kèm Bookmark + Postcard PVC + Shikishi 2 Mặt,Sách giáo khoa,109200,1
278351186,Sách - Nghề viết tiểu thuyết (Haruki Murakami) (Nhã Nam Official),Sách giáo khoa,140400,7
278035085,Sách Cuộc Hôn Nhân Chính Trị Giả Với Thiếu Gia Ác Quỷ,Sách giáo khoa,87000,2
277575630,Define The Relationship - Định Rõ Mối Quan Hệ Tập 2 (Tái Bản) - Bản Quyền,Sách giáo khoa,109500,1
276843417,Hôn Nhân Hạnh Phúc Của Tôi (Light Novel) – Tập 4 - Tặng Kèm Postcard + Chuông Gió - Phân Loại Poster,Sách giáo khoa,90000,3
276662594,Truyện Arya Bàn Bên Thỉnh Thoảng Lại Trêu Ghẹo Tôi Bằng Tiếng Nga full 11 tập - Chang Book,Sách giáo khoa,95000,3
276608750,Truyện Cô Nàng Shimotsuki Trót Phải Lòng Nhân Vật Nền full 5 tập (Chang Book),Sách giáo khoa,115000,0
275626368,Sách Phá Đảo Dị Giới Cùng Nữ Thần Không Tín Đồ Tập 3,Sách giáo khoa,80000,2
259310923,"Đợi Một Danh Phận, Cả Đời Oán Hận - Lan Rùa 8 (tặng kèm bookmark và thiệp)",Sách giáo khoa,75440,16
248894265,Thiên Sứ Nhà Bên – Tập 5.5 - Tặng Bookmark,Sách giáo khoa,85500,2
248766790,Thiên sứ nhà bên - Tập 4,Sách giáo khoa,85500,2
248766504,Thiên sứ nhà bên - Tập 1,Sách giáo khoa,85500,1
209610087,Michelangelo - Sáu Kiệt Tác Cuộc Đời - Bản Quyền,Sách giáo khoa,297000,0
190608593,Đi Qua Hoa Cúc,Sách giáo khoa,40000,0
162025727,OVERLORD - Tập 5: Những Anh Hùng Vương Quốc,Sách giáo khoa,136000,7
156199604,Grimgar - Ảo Ảnh Và Tro Tàn - Tập 12 - Tặng Kèm Thẻ Nhân Vật,Sách giáo khoa,80700,14
279405179,Combo 2 cuốn: Hẹn Hò Với Người Siêu Dễ Thương Như Tớ Đi - Tập 1+2 (FN),Sách giáo khoa,174000,0
279158005,Cúc Giậu Đông - Phạm Giai Quỳnh - NXB Phụ Nữ,Sách giáo khoa,105000,0
278589551,Ánh Sao Bên Tôi: Tập 2 - Tặng Kèm Sticker Tem (Số Lượng Có Hạn),Sách giáo khoa,175000,0
277865154,Những Chủ Nhật Tháng Tám - Bản Quyền,Sách giáo khoa,110000,0
277551096,Sách - Cô Nàng Shimotsuki Trót Phải Lòng Nhân Vật Nền - Tập 5 - Bản Giới Hạn - Tặng Kèm Bookmark + Thiệp Kỉ Niệm + Bìa Áo Limited,Sách giáo khoa,109200,2
275832313,Cô Nàng Shimotsuki Trót Phải Lòng Nhân Vật Nền - Tập 4 - Tặng Kèm Bookmark,Sách giáo khoa,109200,1
274922170,Cuộc Nổi Dậy Của Cô Nàng Mọt Sách - Phần 1: Con Gái Của Người Lính III - Tặng Kèm Postcard + Bookmark,Sách giáo khoa,176700,0
270243907,Anh đào nở hoa,Sách giáo khoa,129000,0
248766751,Thiên sứ nhà bên - Tập 2,Sách giáo khoa,85500,5
216199379,BAKEMONOGATARI 3 - Bản Thường Ver B: Standee Bập Bênh + Postcard Nhựa,Sách giáo khoa,136400,0
212992380,Hôn Nhân Hạnh Phúc Của Tôi (Light-Novel) - Tập 1 - Tặng Kèm 02 Clipsheet + 01 Postcard Mica,Sách giáo khoa,95000,8
202961593,OVERLORD - Tập 6: Những Anh Hùng Vương Quốc 2,Sách giáo khoa,136000,2
98128051,Những Lời Chúng Tôi Nói Ở Bệnh Viện Bên Bờ Biển - Bản Giới Hạn - Tặng Kèm Bookmark + Postcard,Sách giáo khoa,99000,0
279157775,Phá Đảo Dị Giới Cùng Nữ Thần Không Tín Đồ Tập 1 + 2 + 3 + 4 +5+6 (Kèm Bookmark) (Combo 6 cuốn) (FN),Sách giáo khoa,531250,0
278620753,"Dược sư tự sự (light novel) - Tập 6,7,8,9,10",Sách giáo khoa,112500,0
278022738,Mùa Hè Năm Petrus (Tái bản năm 2025),Sách giáo khoa,170000,0
276515250,Truyện Chào Mừng Đến Lớp Học Đề Cao Thực Lực - Chang Book,Sách giáo khoa,120000,3
276222817,"Sách - Lately and Forever, tác giả: Mỹ Linh",Sách giáo khoa,90000,1
276016571,Chào Mừng Đến Lớp Học Đề Cao Thực Lực - Tập 7.5 - Bản Giới Hạn - Tặng Kèm Acrylic Standee + ID Card Nhựa + Box,Sách giáo khoa,294000,1
275314488,Cuốn Văn Học Lãng Mạn: Những Kẻ Mê Sách,Sách giáo khoa,203450,0
274988058,Sách - Thà Muộn Nhưng Đúng Người - Bruce Bryans,Sách giáo khoa,64500,5
274535703,Chàng Trai Chuyển Kiếp Và Cô Gái Thiên Tài - Tập 2,Sách giáo khoa,121500,2
273641084,Sách - Series Nhật ký ấm áp (Fujitani Toko) - Nhã Nam Official,Sách giáo khoa,120000,0
271542475,Tháng Ngày Ta Đã Yêu - Tặng Kèm Bookmark,Sách giáo khoa,129000,0
252767019,Sách  Quán Cà Phê Bên Bờ Biển – Định Luật Murphy Về Hạnh Phúc - Bản Quyền - Bản thường,Sách giáo khoa,99000,0
226974889,Combo 2 Cuốn Light Novel: Dã Ngoại Nơi Mặt Sau Của Thế Giới (Tập 1+2),Sách giáo khoa,252000,0
214915891,Công Chúa Ma Cà Rồng Quyền Năng Chỉ Muốn Có Một Người Em Gái Mà Thôi - Bản Quyền,Sách giáo khoa,175000,0
204419354,Holmes ở Kyoto - Tập 2,Sách giáo khoa,75000,0
197849287,Vì Con Gái Tôi Có Thể Đánh Bại Cả Ma Vương - Tập 2 (Tái Bản 2022) - Huy Hoàng,Sách giáo khoa,109000,0
181782927,Trại Hoa Vàng,Sách giáo khoa,120000,0
153409219,"Chuyển Sinh Làm Người Sói, Tôi Trở Thành Cánh Tay Phải Của Ma Vương - Tập 3 - Tặng Kèm Bookmark",Sách giáo khoa,139000,0
279301363,Sách - Chung Một Mái Nhà - Tập 5 - Bản Giới Hạn - Tặng Kèm Bookmark + Photostrip + Postcard,Sách giáo khoa,99700,0
279251024,Sách - Hẹn Hò Với Người Siêu Dễ Thương Như Tớ Đi! - Tập 2 - Bản Giới Hạn - Tặng Kèm Postcard + Acrylic Standee,Sách giáo khoa,145200,0
279078920,Sách - Tôi Bị Đàn Em Đứng Hạng Nhất Trong Cuộc Thi Người Vợ Lý Tưởng Nắm Được Điểm Yếu - Tập 2 - Tặng Kèm Bookmark Phũ Nhũ,Sách giáo khoa,125100,1
278993528,Sách - Vị Hôn Thê Giản Dị Của Tôi Rất Dễ Thương Lúc Ở Nhà - Tập 1 - Tặng Kèm Bookmark Hai Mặt,Sách giáo khoa,125100,0
278827386,Sách - Ta Là Chúa Tể Độc Ác Của Đế Quốc Liên Thiên Hà - Tập 1 - Tặng Kèm Bookmark Bồi Cứng,Sách giáo khoa,134100,0
277859441,Truyện Sứ giả bốn mùa - Vũ điệu mùa xuân (Chang Book),Sách giáo khoa,165000,0
277436597,Sách - Musubu Và Sách - “Phòng Mổ” Toàn Tâm Toàn Ý - Bản Đặc Biệt - Tặng Kèm Bookmark Ivory,Sách giáo khoa,110000,3
276283688,Chitose Trong Chai Ramune - Tập 6.5 - Tặng Kèm Bookmark Bế Hình Có Chân Đế,Sách giáo khoa,118700,2
275932026,Hôn nhân hạnh phúc của tôi (lightnovel) ‐ Tập 3,Sách giáo khoa,90000,0
275255393,"Khi Tôi Còn Thời Gian Một Năm, Thì Gặp Được Em Chỉ Còn Lại Sáu Tháng Cuộc Đời - Bản Quyền",Sách giáo khoa,149000,0
274839848,Ai Dám Bảo ROM-COM Không Có Ngoài Đời Thực? - Tập 4 - Tặng Kèm Postcard,Sách giáo khoa,118600,1
274553398,Sách - Kẻ dị biệt tại trường học phép thuật (Tập 3) - Cửu hiệu chiến I - Nhã Nam Official,Sách giáo khoa,108000,0
274302577,Bởi Vì Tôi Sẽ Gọi Tên Em - Tặng Kèm 2 Bookmark + 1 Postcard,Sách giáo khoa,115000,1
273640978,Thánh Hiệp Sĩ Nơi Tận Cùng Thế Giới (Tập 3),Sách giáo khoa,119000,0
248882762,Chuyện Tình Thanh Xuân Bi Hài Của Tôi Quả Nhiên Là Sai Lầm - Tập 12,Sách giáo khoa,119000,0
204958061,Combo Chuyện tình thanh xuân bi hài của tôi quả nhiên  là sai lầm - Tập 14 + Comic tập 1,Sách giáo khoa,200560,2
171903238,Sách - Sakurako Và Bộ Xương Dưới Gốc Anh Đào - Tập 3,Sách giáo khoa,71500,0
128817454,"Sách - Những lời chúng tôi nói ở bệnh viện bên bờ biển (tái bản, không seal và phụ kiện)",Sách giáo khoa,99000,0
278870052,Sách - Làm Bạn Với Cô Nàng Dễ Thương Nhì Lớp - Tập 3 - Tặng Kèm Postcard,Sách giáo khoa,105000,1
278722136,Sách - Cherry Magic - Tập 14 - Tặng Kèm Sticker Tem,Sách giáo khoa,109000,0
278482987,"Sức Hút Của Sự Tử Tế - Sống Nhân Ái, Tâm Thư Thái",Sách giáo khoa,63650,0
278215285,Phá Đảo Dị Giới Cùng Nữ Thần Không Tín Đồ-Tập 5- Cuộc chiến với rồng khổng lồ ở.... (Poster A3+Bookmark+Standee),Sách giáo khoa,93450,2
278105594,Sách - Cô thành trong gương (Nhã Nam HCM),Sách giáo khoa,196200,0
277041793,Sách - Chào Mừng Đến Lớp Học Đề Cao Thực Lực - Tập 9 - Bản Giới Hạn - Tặng Kèm Box + ID Card + Standee,Sách giáo khoa,294000,0
276814881,Sách - Arya Bàn Bên Thỉnh Thoảng Lại Trêu Ghẹo Tôi Bằng Tiếng Nga - Tập 6 - Tặng Kèm Bookmark Bế Hình + Bìa Áo Bonus,Sách giáo khoa,90200,4
276224071,Harry Potter Và Bảo Bối Tử Thần - Tập 7 (Khổ nhỏ - Bộ 5 cuốn),Sách giáo khoa,299000,0
275955960,Vườn Yêu,Sách giáo khoa,148500,12
275270282,Marcovaldo hay các mùa trong thành phố - Bản Quyền,Sách giáo khoa,120000,0
274525197,Sách - Thuần Thú Sư Ở Dị Giới - Tập 2 - Bản Đặc Biệt - Tặng Kèm Boxset + Postcard,Sách giáo khoa,159000,1
274360699,Ai Dám Bảo ROM-COM Không Có Ngoài Đời Thực? - Tập 3 - Bản Đặc Biệt,Sách giáo khoa,127800,3
271995144,Light Novel Vì con gái tôi có thể đánh bại cả Ma Vương - Tập 1,Sách giáo khoa,119000,0
263119083,Nàng thợ may tinh linh - Bản Quyền,Sách giáo khoa,135000,0
250368392,Lời Nói Đùa - Tập 4: Nghịch Lý Quân Xúc Xắc - Utsurigi Gaisuke Kẻ Hủy Diệt Lời Nói Đùa,Sách giáo khoa,142000,0
248208719,Sách Ma Vương Tôi Đây Nên Yêu Cô Dâu Elf Của Mình Như Thế Nào? (Tập 1) - Skybooks - BẢN QUYỀN - Bản thường,Sách giáo khoa,138000,0
91988488,Sách Omega Plus - Cội Nguồn,Sách giáo khoa,210000,0
72049932,Combo 3 Cuốn Truyện Light Novel Vật Linh Hội: Vật Linh Hội 1 - Tình Yêu Bỏ Két Sắt + Vật Linh Hội 2 - Thiên Tài Bút Khô + Vật Linh Hội 3 - Lựa Chọn Mù,Sách giáo khoa,240000,0
558529,Cuốn Sách Của Sự Kết Thúc (Tập 4): Thất Lạc - Mã Hóa Lại,Sách giáo khoa,59240,0
278883340,Studio Cabana: Bản Tình Ca Cho Em - Tập 3 - Tặng Kèm Postcard Instagram Trong Suốt (Số Lượng Có Hạn),Sách giáo khoa,99000,0
278812660,Sách Hẹn Hò Với Người Siêu Dễ Thương Như Tớ Đi! - Tập 1,Sách giáo khoa,96000,120
278591306,Bánh Ngọt Nhỏ Ngốc Nghếch: Tập 3 - Tặng Kèm Bookmark Chibi (Số Lượng Có Hạn),Sách giáo khoa,159000,0
278229192,Sách - Musubu Và Sách - Cái Kết Thật Dài Của “Hiệu Sách Cuối Cùng” - Bản Đặc Biệt - Tặng Kèm Bookmark,Sách giáo khoa,92400,2
278226768,Sách - Cuộc Nổi Dậy Của Cô Nàng Mọt Sách - Tôi Sẽ Làm Mọi Cách Để Trở Thành Thủ Thư - Phần 2.1 - Vu Nữ Tập Sự Của Thần Điện I - Bản Đặc Biệt - Tặng Kèm Bookmark + Postcard + Card Lụa,Sách giáo khoa,166400,0
278008511,Ba Đứa Trẻ Và Người Thủ Thư Tốt Bụng,Sách giáo khoa,179000,3
277775020,"Sổ Tay ""Manifest"" Thịnh Vượng - Bản Quyền",Sách giáo khoa,100700,0
277276151,Truyện Thiên sứ nhà bên Light Novel full 12 tập - Chang Book,Sách giáo khoa,95000,0
276847704,Kính Vạn Hoa - Bắt Đền Hoa Sứ (Bản điện ảnh),Sách giáo khoa,50000,0
276627378,Phá Đảo Dị Giới Cùng Nữ Thần Không Tín Đồ - tập 2 (Bookmark + PosterA3)-MK-FN,Sách giáo khoa,90000,0
276557300,Lục Địa Rồng - Tập 4: Săn Lùng Tà Thần,Sách giáo khoa,55000,1
276557298,Lục Địa Rồng - Tập 3: Lời Nói Dối Của Vị Thần,Sách giáo khoa,65000,0
276128379,Chuyện Giải Buồn - Bản Quyền,Sách giáo khoa,140000,0
275580615,Phá Đảo Dị Giới Cùng Nữ Thần Không Tín Đồ (Bookmark)-MK-FN,Sách giáo khoa,90000,0
275237202,Lòng Tôi Nhẹ Khi Mẹ Rời Xa - Bản Quyền,Sách giáo khoa,198000,0
274874794,Truyện Cuộc Nổi Dậy Của Cô Nàng Mọt Sách - Phần 1: Con Gái Của Người Lính III,Sách giáo khoa,171500,0
274579297,Sách - Gosick - Tập 9 - Hoàng Hôn Của Các Vị Thần** - Light Novel - Kazuki Sakuraba - Kim Đồng,Sách giáo khoa,69500,0
274054547,Thiên sứ nhà bên - Tập 8,Sách giáo khoa,90250,1
273308782,Nhân Vật Hạ Cấp Tomozaki - Tập 6 - Bản Giới Hạn - Tặng Kèm Thẻ Normal + Thẻ Rare + Standee,Sách giáo khoa,105400,7
270303664,Về Chuyện Tôi Chuyển Sinh Thành Slime Tập 3 (Bản Thường),Sách giáo khoa,169000,0
262462697,"Sách - Thống khổ và phiêu linh (tặng 01 postcard, số lượng có hạn) - Bìa cứng - Đông A",Sách giáo khoa,500000,0
242718627,Ngày Mai Tôi Biến Mất Cậu Sẽ Hồi Sinh - Extra,Sách giáo khoa,109000,0
216285736,SÁCH - Mất Kết Nối (Lost Connections) - Tác giả Johann Hari,Sách giáo khoa,237000,0
214922179,Vì Con Gái Tôi Có Thể Đánh Bại Cả Ma Vương - Tập 4 - Bản Quyền,Sách giáo khoa,129000,0
213491879,Spy room – Lớp học điệp viên 5: Gujin Elna,Sách giáo khoa,89380,5
210968718,Sách Endurance Hành trình không gian - Alphabooks - BẢN QUYỀN,Sách giáo khoa,249000,0
200848955,Sách - Models: Quyến Rũ Phái Đẹp Bằng Cả Chân Tình - Mark Manson - Huy Hoàng,Sách giáo khoa,135973,2
196202067,CUỘC NỔI DẬY CỦA CÔ NÀNG MỌT SÁCH - PHẦN 1: CON GÁI CỦA NGƯỜI LÍNH I_AZ,Sách giáo khoa,154000,0
190608464,Phòng Trọ Ba Người,Sách giáo khoa,43000,4
177987277,Từ Tân Thế Giới - Quyển Thượng (Bìa Cứng),Sách giáo khoa,130000,0
174292250,Sách - Sói và gia vị 16,Sách giáo khoa,103350,4
101933711,Sách - Vì Con Gái Tôi Có Thể Đánh Bại Cả Ma Vương - Tập 4,Sách giáo khoa,125000,0
74891854,Combo Cuốn Sách Của Sự Kết Thúc (Tập 3)+Cuốn Sách Của Sự Kết Thúc (Tập 4): Thất Lạc - Mã Hóa Lại,Sách giáo khoa,133500,1
279269654,Sách - Hành Trình Của Elaina - Tập 11,Sách giáo khoa,103800,0
278105606,Sách - Series Dã ngoại nơi mặt sau của thế giới (Nhã Nam HCM),Sách giáo khoa,121500,0
278069009,Sách - Ishura - Tu La Dị Giới - Tập 3 - Sự Câm Lặng Chết Chóc - Tặng Kèm Postcard + Thẻ Card Phủ Nhũ,Sách giáo khoa,126200,3
276849827,Sách - Spy room – Lớp học điệp viên 8: Sougen Sara,Sách giáo khoa,154980,1
275311546,Cuốn Tiểu Thuyết Ngắn: Vải Tiến Trường An,Sách giáo khoa,134150,0
274796845,Ai Dám Bảo ROM-COM Không Có Ngoài Đời Thực? - Tập 3,Sách giáo khoa,116100,1
273290063,Thất Kiếm Ma Thuật Thống Trị Thế Giới - Tập 1 - Tặng Kèm Bookmark,Sách giáo khoa,159000,0
263572577,Công Việc Của Long Vương - Tập 7 - Tặng Kèm Bookmark + Postcard,Sách giáo khoa,134100,2
263209600,Nàng Thợ May Tinh Linh,Sách giáo khoa,138000,0
248723317,Chuyện Tình Thanh Xuân Bi Hài Của Tôi Quả Nhiên Là Sai Lầm - Tập 12,Sách giáo khoa,119000,0
230138453,Hội Chứng Tuổi Thanh Xuân - Tập 9 - Tặng Kèm Bookmark,Sách giáo khoa,99700,3
216097773,ISHURA – Tu la dị giới - Tập 1: Tân ma vương đại chiến,Sách giáo khoa,113980,1
199969122,Tập Tỏ Tình - Tập 2,Sách giáo khoa,79200,0
161541350,"Lũ Ngốc, Bài Thi và Linh Thú Triệu Hồi - Tập 12 - Tặng Kèm Bookmark PVC",Sách giáo khoa,74800,6
109861997,Sách - Julie hay nàng Héloïse mới,Sách giáo khoa,299000,0
77221413,Sách - Lời nói đùa 1: Vòng xoáy chặt đầu - Bác học màu lam và kẻ thích bông đùa (tặng kèm bookmark thiết kế),Sách giáo khoa,162000,0
279175726,Phá Đảo Dị Giới Cùng Nữ Thần Không Tín Đồ Tập 1 + 2 + 3 + 4 +5+6 (Kèm Bookmark) (Combo 6 cuốn) (FN),Sách giáo khoa,531250,0
278238138,Cuộc Nổi Dậy Của Cô Nàng Mọt Sách Phần 2: Vu Nữ Tập Sự Của Thần Điện I - Bản Quyền,Sách giáo khoa,179000,0
277436417,Sách - Tôi Bị Đàn Em Đứng Hạng Nhất Trong Cuộc Thi Người Vợ Lý Tưởng Nắm Được Điểm Yếu - Tập 1 - Tặng Kèm Bookmark Bế,Sách giáo khoa,125100,1
277401691,Thiên Sứ Nhà Bên – Tập 9 (Bản Phổ Thông - light novel),Sách giáo khoa,90250,1
276854131,Arya Bàn Bên Thỉnh Thoảng Lại Trêu Ghẹo Tôi Bằng Tiếng Nga – Tập 6 (Bản Phổ Thông - Bản boxset giới hạn limited),Sách giáo khoa,121500,3
276557296,Lục Địa Rồng - Tập 2: Hành Trình Phía Đông,Sách giáo khoa,50000,1
276429897,Lạc Giữa Muôn Trùng Nỗi Buồn - Az - Bản Quyền,Sách giáo khoa,86697,0
275987388,Arya Bàn Bên Thỉnh Thoảng Lại Trêu Ghẹo Tôi Bằng Tiếng Nga – Tập 5 (Bản Phổ Thông - Bản boxset),Sách giáo khoa,95000,0
275543705,Harry Potter Và Tên Tù Nhân Ngục Azkaban - Tập 3 (Khổ nhỏ - Bộ 3 cuốn),Sách giáo khoa,204000,0
275320809,Cuốn Tiểu Thuyết Ngắn: Luật Nhà ,Sách giáo khoa,207500,0
275020925,Sách - Ghost Hunt - Tập 2: Lồng giam của búp bê (light novel),Sách giáo khoa,104000,0
274654636,Cuốn Tiểu Thuyết:  Một Ngày Trong Đời Ivan Denisovich - Bìa Cứng,Sách giáo khoa,147000,0
274260592,Khi Hikaru Còn Trên Thế Gian Này……Rokujou (Tập 9),Sách giáo khoa,116200,1
273932124,Liệu Có Sai Lầm Khi Tìm Kiếm Cuộc Gặp Gỡ Định Mệnh Trong Dungeon - Tập 13 - Tặng Kèm Bookmark,Sách giáo khoa,99700,1
273869356,Ghost Hunt - Tập 1 - Chuyện Ma Quỷ Ở Khu Học Xá Cũ - Bản Quyền,Sách giáo khoa,105000,0
273785994,MỖI NGÀY ĐỀU LÀ GIÁNG SINH,Sách giáo khoa,100000,0
263572597,Phép Thuật Chỉ Chạm Tới Bán Kính Của Anh Và Em - Tặng Kèm Bookmark,Sách giáo khoa,125100,0
242718581,"Ngày Mai, Tôi Biến Mất, Cậu Sẽ Hồi Sinh - Tập 2",Sách giáo khoa,109000,0
242443795,Sách - Ở Đây Sửa Kỷ Niệm Xưa - Tập 1,Sách giáo khoa,109000,0
230006458,Sách - Thám tử đã chết - Tập 2,Sách giáo khoa,109000,0
230006342,Sách - Thám tử đã chết - Tập 2,Sách giáo khoa,109000,0
229974616,ISHURA – Tu la dị giới - Tập 1: Tân ma vương đại chiến,Sách giáo khoa,139000,0
225215482,Dã Ngoại Nơi Mặt Sau Của Thế Giới (Otherside Picnic) (Tập 1+ Tập 2),Sách giáo khoa,259500,1
216199389,BAKEMONOGATARI 3 - Bản Thường Ver B: Postcard Nhựa,Sách giáo khoa,101200,5
214508747,Cửa Hàng Dụng Cụ Ma Thuật Polaris Mở Cửa Lúc 3:33,Sách giáo khoa,139000,0
214080804,Sách Cửa Hàng Dụng Cụ Ma Thuật Polaris Mở Cửa Lúc 3:33,Sách giáo khoa,139000,0
193602928,Cho Đến Khi Telomere Tháng 7 Kết Thúc,Sách giáo khoa,125000,0
181782915,Mê Cung Thần Nông - Pan's Labyrinth - Bìa Cứng,Sách giáo khoa,199000,0
170384647,Chim Cổ Đỏ Và Tuần Lộc,Sách giáo khoa,90000,0
169411299,YÊU QUÁI NHỎ VẬN ÁO TẤC XANH – TẬP 2,Sách giáo khoa,99500,2
101931529,Sách - Vì con gái tôi có thể đánh bại cả ma vương tập 3,Sách giáo khoa,140000,0
11643958,Cô Gái Mù Chữ Phá Bom Nguyên Tử (Tái Bản),Sách giáo khoa,165000,0
276499061,Truyện Chén Thánh Của Eris - Chang Book,Sách giáo khoa,95000,0
276394122,Sách - Thiên Đường Tiền Xu - Tập 3 - Nhã Nam Official,Sách giáo khoa,63000,0
274694062,Sách Ma Pháp Thiếu Nữ Tập 7,Sách giáo khoa,83621,13
273932108,Liệu Có Sai Lầm Khi Tìm Kiếm Cuộc Gặp Gỡ Định Mệnh Trong Dungeon - Tập 13 - Bản Giới Hạn - Tặng Kèm Bookmark + Set 2 Card 2 Mặt,Sách giáo khoa,99700,1
273579900,Nhật Ký Ấm Áp - Báo Mùa Hoa Về,Sách giáo khoa,110400,0
273579896,Nhật Ký Ấm Áp - Kỳ Tích Của Chúng Mình,Sách giáo khoa,128000,0
273348341,Sách - Nàng thợ may tinh linh (Hariko no Otome) - Nhã Nam Official,Sách giáo khoa,124200,0
272413303,Infinite Dendrogram 5 - Những người kết nối các khả năng,Sách giáo khoa,115000,0
271261100,Chuyện Tình Hài Lãng Mạn Không Thể Chê Vào Đâu - Tập 2,Sách giáo khoa,108500,2
250411305,Lời nói đùa (Tập 4) - Nghịch lý quân xúc xắc,Sách giáo khoa,145000,0
249026484,Sách Kẻ dị biệt tại trường học phép thuật (Tập 7) - Loạn Yokoham.a II (Tặng kèm bookmark) - Nhã Nam - BẢN QUYỀN,Sách giáo khoa,130000,0
205685167,Nhân Vật Hạ Cấp Tomozaki - Tập 4 - Tặng Thẻ Normal,Sách giáo khoa,105400,3
202509355,Làm Bạn Thân Có Khó Không (Tập 4),Sách giáo khoa,133000,1
201572763,Sách - Gosick - tập 5: Hộp sọ của Beelzebub,Sách giáo khoa,80000,1
196488124,Kỳ Nghỉ Dưỡng Của Chàng Quý Tộc Ôn Hòa - Tập 3 - Tặng Kèm Bookmark,Sách giáo khoa,182200,2
195301446,Sách Skybooks - Công Cuộc Tái Thiết Vương Quốc Của Anh Hùng Chủ Nghĩa Hiện Thực - Tập 3 (Tặng Bookmark),Sách giáo khoa,135000,0
171905406,Sách - Sakurako Và Bộ Xương Dưới Gốc Anh Đào - Tập 2,Sách giáo khoa,71500,0
143157622,Sách - Poco Ở Thế Giới Udon – Tập 2 ( Tặng Kèm Poster Đặc Biệt),Sách giáo khoa,43200,1
59592720,Từ tân thế giới - Quyển trung (Bìa cứng),Sách giáo khoa,155000,0
30764807,Sách Ký Ức Bầu Trời,Sách giáo khoa,92000,0
589184,Sách Sói Và Gia Vị - Tập 4,Sách giáo khoa,89000,0
279405175,Hẹn Hò Với Người Siêu Dễ Thương Như Tớ Đi! - Tập 2 (Đặc Biệt: Postcard +Standee) (Light Novels) - FN,Sách giáo khoa,143550,0
276849074,Sách - [Light Novel] Hôn Nhân Hạnh Phúc Của Tôi - Tập 4 - Tặng Kèm Postcard + Mô Hình Chuông Gió,Sách giáo khoa,95000,2
276127969,Nguyễn Ngọc Ánh - Có Hai Con Mèo Ngồi Bên Cửa Số (Phiên Bản Đặc Bệt) - Bản Quyền,Sách giáo khoa,480000,0
276127219,Dấu Về Gió Xóa - Bản Quyền,Sách giáo khoa,75000,0
275909925,"Những Khi Hạnh Phúc, Những Lúc Vỡ Tan - Bản Quyền",Sách giáo khoa,159000,0
275747119,Date A Live - Tập 15 - Mukuro Family - Tặng Kèm 2 Bookmark + 1 Set Card Đôi,Sách giáo khoa,112600,5
275151555,Còn Chút Gì Để Nhớ (Phiên bản màu đặc biệt),Sách giáo khoa,550000,0
272918188,DURARARA!! - Tập 1,Sách giáo khoa,93500,0
272876479,Thánh Hiệp Sĩ Nơi Tận Cùng Thế Giới (Tập 2) - Bản Quyền,Sách giáo khoa,129000,0
271995136,Light Novel Vì con gái tôi có thể đánh bại cả Ma Vương - Tập 4,Sách giáo khoa,129000,0
271337271,Đôi Mắt Trũng Sâu - The Eyes Of Darkness - Dean Koontz,Sách giáo khoa,222726,0
271245604,Chiến Quốc Tung Hoành - Thế Cục Quỷ Cốc Tử Tập 12 - Hàn Xuyên Tử,Sách giáo khoa,175500,0
261965073,Bản Sắc - Nhu Cầu Phẩm Giá Và Chính Trị Phẫn Nộ,Sách giáo khoa,135000,0
248882785,Chuyện Tình Thanh Xuân Bi Hài Của Tôi Quả Nhiên Là Sai Lầm - Tập 12,Sách giáo khoa,119000,0
219148993,Sách Dù Ngủ Dù Thức - Skybooks - BẢN QUYỀN,Sách giáo khoa,129000,0
216724590,Bộ Gosick - Tập 8 + 9,Sách giáo khoa,152000,1
206715187,Chào Mừng Đến Lớp Học Đề Cao Thực Lực - Tập 4,Sách giáo khoa,105600,1
200673071,Miền Đất Hứa - The Promised Neverland - Hồi Ức Về Đồng Đội - Tặng Kèm Card Khung Cửa Hồi Ức,Sách giáo khoa,74800,1
197464871,Tập Tỏ Tình - Tập 1,Sách giáo khoa,79200,2
193624584,Cuộc Nổi Dậy Của Cô Nàng Mọt Sách - Phần 1 : Con Gái Của Người Lính II,Sách giáo khoa,165000,0
190608607,Trại Hoa Vàng,Sách giáo khoa,50000,0
171937440,LỜI HIỆU TRIỆU CỦA CTHULHU - TUYỂN TẬP H.P. LOVECRAFT,Sách giáo khoa,80000,2
146274988,DURARARA!! - Tập 1 - Tặng Kèm Postcard In Chất Liệu PET,Sách giáo khoa,96800,5
146274649,Liệu Có Sai Lầm Khi Tìm Kiếm Cuộc Gặp Gỡ Định Mệnh Trong Dungeon - Tập 6,Sách giáo khoa,99700,3
89314564,Sách - Vì con gái tôi có thể đánh bại cả ma vương tập 2  (tặng kèm bookmark),Sách giáo khoa,109000,4
84991801,Sách Chủ Tiệm Bánh Chiến Binh Và Cô Phục Vụ Người Máy - Tập 4,Sách giáo khoa,112500,0
83680364,Sách Vì Con Gái Tôi Có Thể Đánh Bại Cả Ma Vương - Tập 4,Sách giáo khoa,129000,0
45613726,Sách Rừng Taiga - Tập 2,Sách giáo khoa,96740,2
279269500,"Sách - SPY ROOM - Lớp Học Điệp Viên - Tập 9 - ""Garakuta"" Annette - Tặng Kèm Card",Sách giáo khoa,138500,0
279258873,"(Tủ sách Thanh Niên) GARIBALDI, NGƯỜI ANH HÙNG ÁO ĐỎ – Trương Chính, Hữu Văn  – Kim Đồng",Sách giáo khoa,65000,0
279154363,NGƯỜI TỐT LẦU TRÊN - Kevin Chen - Nguyễn Vinh Chi dịch – Nhã Nam – NXB Hà Nội,Sách giáo khoa,199000,4
276475904,Sách - Kẻ dị biệt tại trường học phép thuật (Tập 1) - Nhập học I - Nhã Nam Official,Sách giáo khoa,86400,0
276160161,An Nhiên Như Những Áng Mây - Bản Quyền,Sách giáo khoa,168000,0
275576043,Sách - Bi thương hơn dấu chấm (TH),Sách giáo khoa,119000,0
275149159,Hạ Đỏ (Tái bản năm 2022),Sách giáo khoa,95000,0
274960862,Chuyến Tàu Bí Ẩn Trên Đường Ray Số Một - Tặng Kèm Bookmark,Sách giáo khoa,105000,0
274949114,Những Bài Học Cuộc Sống Từ Đám Mèo Nhà Tôi - Bản Quyền,Sách giáo khoa,100000,0
274930151,Yêu Tinh Cà Rốt,Sách giáo khoa,68000,0
274458326,Truyện Thánh Hiệp Sĩ Nơi Tận Cùng Thế Giới (Tập 3**),Sách giáo khoa,120650,0
273779311,NỖI CÔ ĐƠN CỦA CÁC SỐ NGUYÊN TỐ,Sách giáo khoa,109000,0
271324258,Chitose Trong Chai Ramune – Tập 4 (Bản Phổ Thông),Sách giáo khoa,103500,0
270744536,Ma Pháp Thiếu Nữ Tập 4,Sách giáo khoa,110000,0
269980081,Liệu Có Sai Lầm Khi Tìm Kiếm Cuộc Gặp Gỡ Định Mệnh Trong Dungeon? - Tập 11-Tặng Kèm Bookmark,Sách giáo khoa,140000,0
263209684,Bộ Khi Hikaru Còn Trên Thế Gian Này……Suetsumuhana Và Asagao (Bộ Tập 5 &6),Sách giáo khoa,200500,0
249768140,Gia Sư Của Công Chúa Quỷ,Sách giáo khoa,158000,0
248766777,Thiên sứ nhà bên - Tập 3,Sách giáo khoa,85500,3
247405802,Bộ Khi Hikaru Còn Trên Thế Gian Này……Hanachirusato (Tập 8),Sách giáo khoa,106900,2
246126375,Sách Vật linh hội (Tập 3) - Lựa chọn mù - Nhã Nam - BẢN QUYỀN,Sách giáo khoa,80000,0
246108172,Sách Thiên Đường Tiền Xu - Tập 4 - Nhã Nam - BẢN QUYỀN,Sách giáo khoa,80000,0
219144763,Ai dám bảo rom-com không có ngoài đời thực? - Tập 2,Sách giáo khoa,90350,1
215414903,Hôn Nhân Hạnh Phúc Của Tôi (Lightnovel) - Tập 1,Sách giáo khoa,100000,0
213490691,Thám tử đã chết - Tập 5,Sách giáo khoa,87200,11
203275499,Sách  Người Bà Tài Giỏi Vùng Saga – Tập 3 - Skybooks - BẢN QUYỀN,Sách giáo khoa,52000,0
201572250,Sách - Gosick - tập 3: Dưới đóa hồng xanh,Sách giáo khoa,80000,1
197847269,Combo 3Q Light Novel Nhật Bản : Lời Nói Đùa 1 - Vòng Xoáy Chặt Đầu - Bác Học Màu Lam Và Kẻ Thích Bông Đùa  + Lời Nói Đùa 2 - Kẻ Siết Cổ Mộng Mơ (Zaregoto) + Lời Nói Đùa 3 (Zaregoto 3) Học Viện Treo Cổ - Đệ Tử Của Kẻ Thích Bông Đùa,Sách giáo khoa,477000,0
193910814,Giấc Mơ Chín Tầng Mây,Sách giáo khoa,100000,0
183262996,Cuộc Nổi Dậy Của Cô Nàng Mọt Sách - Phần 1: Con Gái Của Người Lính I,Sách giáo khoa,154000,0
148607275,Sách - Holmes ở Kyoto - tập 4: Buổi tiệc trà kì bí (kèm postcard),Sách giáo khoa,75000,0
137941511,Sách - NXB Trẻ - Cô gái để lại (Jojo Moyes),Sách giáo khoa,168000,1
117791509,Sách - Thiên Đường Tiền Xu (Tập 2) ,Sách giáo khoa,77000,0
279175724,Phá Đảo Dị Giới Cùng Nữ Thần Không Tín Đồ Tập 6 -Phù thủy Hồng Liên và Ma vương bất tử (Bookmark)-FN,Sách giáo khoa,105000,0
278195935,Hôm Nay Tôi Lại Bị Ép Sống Lại: Tập 3,Sách giáo khoa,175000,0
277018566,Vũ Khúc Đoạn Tình - AZ ,Sách giáo khoa,169000,0
276147532,Tam Quốc Lầy Lội Diễn Nghĩa - Tập 1,Sách giáo khoa,189000,0
274404483,Cuốn Sách Văn Học Hành Động:  Chuyến Tàu 16 Giờ 50 Từ Paddington - Một Vụ Án Của Jane Marple ,Sách giáo khoa,135000,0
271995140,Light Novel Vì con gái tôi có thể đánh bại cả Ma Vương - Tập 5,Sách giáo khoa,140000,0
263590918,Phép Thuật Chỉ Chạm Tới Bán Kính Của Anh Và Em - Bản thường,Sách giáo khoa,117850,0
263590916,Phép Thuật Chỉ Chạm Tới Bán Kính Của Anh Và Em - Bản thường,Sách giáo khoa,117850,0
263581678,Sách - Dược sư tự sự (light novel) - tập 3,Sách giáo khoa,125000,0
262589732,Đã Bảo Là Cho Tôi Năng Lực Trung Bình Thôi Mà! - Tập 1 (Bản Thường),Sách giáo khoa,149000,0
262513139,Đã Bảo Là Cho Tôi Năng Lực Trung Bình Thôi Mà! - Tập 1 (AZ),Sách giáo khoa,149000,0
261965080,Bản Sắc - Nhu Cầu Phẩm Giá Và Chính Trị Phẫn Nộ,Sách giáo khoa,135000,0
242718517,Từ tân thế giới - Quyển trung (Bìa cứng),Sách giáo khoa,155000,0
230006501,Sách - Thám tử đã chết - Tập 2,Sách giáo khoa,109000,0
215140014,Cửa Hàng Dụng Cụ Ma Thuật Polaris Mở Cửa Lúc 3:33,Sách giáo khoa,139000,0
209386843,Sách Shout! The Beatles - Hơi Thở Thời Đại Của Thế Kỷ 20 - Alphabooks - BẢN QUYỀN,Sách giáo khoa,269000,0
207825296,Right At Home,Sách giáo khoa,160000,0
203845425,Sách - Ở Đây Sửa Kỷ Niệm Xưa - Tập 2,Sách giáo khoa,109000,0
203840807,Sách - Tam Thể (Tập 2) - Khu Rừng Đen Tối,Sách giáo khoa,225000,0
203591332,Thiên sứ nhà bên - Tập 2,Sách giáo khoa,95000,0
203294879,Sách  Hoàng Tử Thiên Tài  Hành Trình Gây Dựng Lại Đất Nước Đang Lâm Nguy (Tập 3) - Skybooks - BẢN QUYỀN,Sách giáo khoa,149000,0
202631465,Sách  Cho Đến Khi Telomere Tháng 7 Kết Thúc - Skybooks - BẢN QUYỀN,Sách giáo khoa,125000,0
200847802,Sách - Đến Lượt Bạn Làm Thần Rồi Đấy! - Michiko Aoyama - Huy Hoàng,Sách giáo khoa,125775,0
197623066,Cuốn sách: Cho Đến Khi Telomere Tháng 7 Kết Thúc,Sách giáo khoa,125000,0
195536675,Sách Skybooks - Thánh Hiệp Sĩ: Nơi Tận Cùng Thế Giới - Tập 1,Sách giáo khoa,130500,0
194786375,Sách AZ - Cho Đến Khi Telomere Tháng 7 Kết Thúc,Sách giáo khoa,125000,0
190608489,Trước Vòng Chung Kết,Sách giáo khoa,50000,0
190608424,Thiên Thần Nhỏ Của Tôi,Sách giáo khoa,35000,0
190608395,Mắt Biếc,Sách giáo khoa,43000,1
187181657,Boxset 24 Cuốn - Thời Thơ Ấu Dài Lâu (Phiên Bản Boxset Vàng Ấm Áp),Sách giáo khoa,990000,0
182849321,Thế Gian Này Dẫu Đẹp Nhưng Cũng Chẳng Bằng Em,Sách giáo khoa,125775,0
182849285,Tiệm Dệt Hồi Ức Ẩn Trong Sương,Sách giáo khoa,124175,0
178031651,Coucou Nước Pháp - Thanh Xuân Hẹn Ta Nơi Ấy,Sách giáo khoa,128000,0
177205893,Vì Con Gái Tôi Có Thể Đánh Bại Cả Ma Vương - Tập 1 (Tái Bản 2022) - Tặng Kèm Bookmark + Poster,Sách giáo khoa,119000,0
177145275,Thích Cậu Nốt Hôm Nay,Sách giáo khoa,99000,0
162177130,HỘI CHỨNG TUỔI THANH XUÂN - TẬP 5,Sách giáo khoa,105000,0
116947374,Sách - Cop Craft – Cảnh Sát Đến Từ Hai Thế Giới (Tập 3),Sách giáo khoa,82000,0
91998971,Sách - Bản Sắc - Nhu Cầu Phẩm Giá Và Chính Trị Phẫn Nộ,Sách giáo khoa,135000,0
51030874,Vì Con Gái Tôi Có Thể Đánh Bại Cả Ma Vương - Tập 3 - Tặng Kèm Bookmark + Poster - Bìa Mềm,Sách giáo khoa,119000,0
42116012,Sách Iris Những Ngày Mưa (Bản Thông Thường Tặng Kèm Bookmark),Sách giáo khoa,78948,1
279529494,Truyện - Tiểu Thuyết The Movie Chú Thuật Hồi Chiến Tập 0 (Chang Book),Sách giáo khoa,72500,0
278499627,"Phía Trên Là Mây Trời, Trước Mắt Là Trùng Khơi - Bản Quyền",Sách giáo khoa,105000,0
276348667,Điểm rơi nơi đáy mắt - Bản Quyền,Sách giáo khoa,89247,0
276314293,Cùng Cha Mẹ Già Đi - Bản Quyền,Sách giáo khoa,101147,0
276129505,Truyện Ngắn Hiện Đại Hàn Quốc Tiêu Biểu - Kiên Cường Trong Gian Khó - Bản Quyền,Sách giáo khoa,180000,0
276121413,Nguyễn Ngọc Ánh - Ngôi Trường Mọi Khi (Phiên Bản Đặc Biệt) - Bản Quyền,Sách giáo khoa,580000,0
276075085,Năm Điều Ước Của Ông Murray Mcbride - Bản Quyền,Sách giáo khoa,139000,0
275951763,Nghe Thời Gian Bàn Chuyện Nhân Gian - Bản Quyền,Sách giáo khoa,110000,0
275785835,Bỗng Nhiên Muốn Khóc Thật To - Bản Quyền,Sách giáo khoa,111000,0
275270283,Yêu Bản Thân Như Yêu Hàng Hiệu - Bản Quyền,Sách giáo khoa,135146,0
275151545,Boxset Deer's Tarot,Sách giáo khoa,420000,0
274949097,Nhân Gian Tiểu Mãn - Bản Quyền,Sách giáo khoa,89000,0
274924516,Đáng Yêu Là Siêu Năng Lực Của Tớ - Bản Quyền,Sách giáo khoa,67148,0
274924512,Kẻ “Hủy Diệt” Ngôn Từ - Bản Quyền,Sách giáo khoa,99000,0
274881382,Cậu đừng khóc TỚ CÙNG CẬU ĐI NGẮM HOA - Bản Quyền,Sách giáo khoa,102000,0
274588336,Lược Sử Và Nguồn Gốc Của Trái Đất (Life) - Bản Quyền,Sách giáo khoa,59000,0
274559253,Tôi Nghĩ Tôi Thích Nước Mỹ - Bản Quyền,Sách giáo khoa,118000,0
274558863,Chúc Một Ngày Tốt Lành - Bản Quyền,Sách giáo khoa,115000,0
273612301,Buông Bỏ Những Thứ Không Thuộc Về Mình - Bản Quyền,Sách giáo khoa,90000,0
273612262,Thánh Hiệp Sĩ Nơi Tận Cùng Thế Giới - Tập 3.1 - Bản Quyền,Sách giáo khoa,119000,0
271136447,Tiểu thuyết Conan: Án mạng tại tòa án - Thám tử lừng danh - NXB Kim Đồng,Sách giáo khoa,37100,1
270160391,Từ tân thế giới - Quyển trung (Bìa cứng) - Bản Quyền,Sách giáo khoa,155000,0
261965078,Bản Sắc - Nhu Cầu Phẩm Giá Và Chính Trị Phẫn Nộ,Sách giáo khoa,135000,0
252868753,Sách Ma Vương Tôi Đây Nên Yêu Cô Dâu Elf Của Mình Như Thế Nào? (Tập 1) - Bản Quyền - Bản thường,Sách giáo khoa,138000,0
252769256,Sách Cho Đến Khi Telomere Tháng 7 Kết Thúc - Bản Quyền,Sách giáo khoa,125000,0
252043338,Bộ Sách Hanzawa Naoki (Tập 1 + Tập 2),Sách giáo khoa,390000,0
247414899,Ma Vương Tôi Đây Nên Yêu Cô Dâu ELF Của Mình Như Thế Nào? - Tập 1,Sách giáo khoa,138000,0
230005552,Thám Tử Đã Chết Tập 2,Sách giáo khoa,109000,0
214934019,Cop Craft - Cảnh Sát Đến Từ Hai Thế Giới (Tập 3) - Bản Quyền,Sách giáo khoa,80000,0
208739343,Mozart (Bìa cứng) - Bản Quyền,Sách giáo khoa,456000,0
203504812,Dã Ngoại Nơi Mặt Sau Của Thế Giới - Otherside Picnic 1,Sách giáo khoa,135000,0
201930400,Sách  Em Luôn Nghĩ Về Anh - BẢN QUYỀN,Sách giáo khoa,119000,0
190608615,Những Chàng Trai Xấu Tính,Sách giáo khoa,85000,0
190608410,Bồ Câu Không Đưa Thư,Sách giáo khoa,38000,2
188785996,Hoàng Tử Thiên Tài - Hành Trình Gây Dựng Lại Đất Nước Đang Lâm Nguy - Tập 3,Sách giáo khoa,149000,1
181782945,Mê Cung Thần Nông - Pan's Labyrinth - Bìa Mềm,Sách giáo khoa,130000,0
173360389,Ca Tụng Thân Xác,Sách giáo khoa,70000,0
91986216,"Sách - Elon Musk: Tesla, Spacex Và Sứ Mệnh Tìm Kiếm Một Tương Lai Ngoài Sức Tưởng Tượng (Tái Bản 2020)",Sách giáo khoa,288000,0
58537601,Cống nhân,Sách giáo khoa,129000,0
279586193,CHIẾC XE ĐẠP MẤT CẮP - Ngô Minh Ích - Trương Ngọc Hân dịch - Rubik – NXB Phụ nữ ,Sách giáo khoa,240000,0
279562418,(Tái bản 2026) ILIAD - Bản trường ca Hy Lạp cổ – Homer - Đỗ Khánh Hoan dịch – Omega Plus,Sách giáo khoa,265000,0
279562054,(Tái bản) ODYSSÊY – Homer - Đỗ Khánh Hoan dịch – Omega Plus,Sách giáo khoa,224000,0
279399302,Sách - Cuộc Cách Mạng Ma Thuật Của Công Chúa Chuyển Sinh Và Tiểu Thư Thiên Tài - Tập 2 - Tặng Kèm Postcard,Sách giáo khoa,145200,1
279269840,Sách - Cuộc Cách Mạng Ma Thuật Của Công Chúa Chuyển Sinh Và Tiểu Thư Thiên Tài - Tập 1 - Tặng Kèm Bookmark Hai Mặt + Postcard Hai Mặt + Móc Khóa Acrylic,Sách giáo khoa,140200,1
279096497,Sách - [Light Novel] Cuộc Nổi Dậy Của Cô Nàng Mọt Sách - Phần 2 - Vu Nữ Tập Sự Của Thần Điện II - Tặng Kèm Bookmark + Postcard,Sách giáo khoa,181300,0
278967649,Sách - Ma Pháp Thiếu Nữ - Tập 10 - Tặng Kèm Bookmark Bồi Cứng Chibi Nhân Vật + Postcard Bồi Cứng,Sách giáo khoa,143100,0
278451445,Trò Chơi Sinh Tồn Không Ai Sống Sót - Bản Quyền,Sách giáo khoa,100000,0
276605251,Phá Đảo Dị Giới Cùng Nữ Thần Không Tín Đồ - Tập 4 - Vu Nữ Chết Chóc Của Tàn Quốc - Bản Đặc Biệt - Tặng Kèm Bookmark + Poster A3 + Móc Khóa,Sách giáo khoa,123200,0
276437877,Chung Một Mái Nhà - Tập 2 - Tặng Kèm Bookmark Bo Góc,Sách giáo khoa,99700,0
276263077,Chỉ Khi Bạn Dậy Sớm Mới Thấy Được Bình Minh - Bản Quyền,Sách giáo khoa,105000,0
276108877,Bỗng Một Ngày Tôi Có Vị Hôn Thê Là Gal - Tập 2 - Tặng Kèm Bookmark Bế,Sách giáo khoa,116100,1
275926263,Chúng Ta Của Sau Này Không Có Chúng Ta - Bản Quyền,Sách giáo khoa,89250,0
275258037,1 Vạn Lý Do - Bản Quyền,Sách giáo khoa,68000,0
275092713,Chuyến Tàu Bí Ẩn Trên Đường Ray Số Một - Tặng Kèm Bookmark,Sách giáo khoa,96600,1
274749432,Ma Pháp Thiếu Nữ - Tập 7 - Tặng Kèm Bookmark + Postcard,Sách giáo khoa,179100,1
274588329,Rừng Đen - Bản Quyền,Sách giáo khoa,179000,0
274022499,Mộng Đế Vương (HT),Sách giáo khoa,90000,0
273899824,Chúa Tể Bóng Tối - Tập 1 - Tặng Kèm Character Card,Sách giáo khoa,121600,1
272830334,Liệu Có Sai Lầm Khi Tìm Kiếm Cuộc Gặp Gỡ Định Mệnh Trong Dungeon - Tập 12 - Tặng Kèm Bookmark,Sách giáo khoa,99700,0
271979446,Hướng Dẫn Thư Viện Dành Cho Người Ghét Đọc - Tặng Kèm Bookmark,Sách giáo khoa,134100,1
270114297,Chàng Trai Chuyển Kiếp Và Cô Gái Thiên Tài - Tập 1 - Tặng Kèm 1 Bookmark + 2 Postcard- NNA,Sách giáo khoa,133000,0
252851203,Holmes Ở Kyoto - Tập 9 - Tặng Kèm Postcard,Sách giáo khoa,80700,2
251393377,Chitose Trong Chai Ramune - Tập 3 - Bản Phổ Thông - Tặng Bookmark Bế Hình Có Chân Đế,Sách giáo khoa,109200,0
249012376,Thiên Sứ Nhà Bên - Tập 5.5 - Tặng Kèm Bookmark,Sách giáo khoa,90200,15
248523182,Bà Ngoại Tôi Gửi Lời Xin Lỗi - Fredrik Backman,Sách giáo khoa,284600,1
195661464,Làm Sao Đây Danny - Siêu Anh Hùng Tập Sự Đến Trường ,Sách giáo khoa,109000,0
171891457,Sách - Sakurako và bộ xương dưới gốc anh đào tập 9 (bản thường),Sách giáo khoa,77350,0
171681774,Sách - Chuyện Tình Thanh Xuân Bi Hài Của Tôi Quả Nhiên Là Sai Lầm (Tập 4),Sách giáo khoa,70850,3
95250409,Sách - Mèo Mốc - Hành Trình Tới Singapore,Sách giáo khoa,98000,0
50743324,Sách Cầu Vồng Diên Vĩ,Sách giáo khoa,53300,1
279573948,Sách - [Light Novel] Văn Hào Lưu Lạc - Tập 8 - Storm Bringer - Bản Đặc Biệt - Tặng Kèm Card Bo Góc Kèm Phong Bì,Sách giáo khoa,190000,0
279571964,Sách - Arya Bàn Bên Thỉnh Thoảng Lại Trêu Ghẹo Tôi Bằng Tiếng Nga - Tập 10 - Bản Boxset - Tặng Kèm Box + Set 6 Bookmark + Standee Acrylic,Sách giáo khoa,250000,0
279269886,Sách - Ta Là Chúa Tể Độc Ác Của Đế Quốc Liên Thiên Hà - Tập 2 - Tặng Kèm Bookmark Bồi Cứng,Sách giáo khoa,143100,0
278695791,Sách - Ghost Hunt - Tập 4 - Trò Chơi Vong Hồn - Tặng Kèm Postcard,Sách giáo khoa,99700,4
278617052,Sách - Ma Vương Tôi Đây Nên Yêu Cô Dâu Elf Của Mình Như Thế Nào? - Tập 5 - Tặng Kèm Bookmark + Postcard,Sách giáo khoa,134800,1
277977148,Sách - Beatless - Tập 2 - Tặng Kèm Card Ivory,Sách giáo khoa,123200,0
277038177,Sách - Chén Thánh Của Eris - Tập 4 - Tặng Kèm Bookmark + Postcard Có Chân Đế,Sách giáo khoa,90200,2
275354807,"Khi Tôi Còn Thời Gian Một Năm, Thì Gặp Được Em Chỉ Còn Lại Sáu Tháng Cuộc Đời - Tặng Kèm Postcard 2 Mặt Bồi Cứng + Bookmark 2 Mặt Bồi Cứng",Sách giáo khoa,134100,1
275339963,Thiên Sứ Nhà Bên - Tập 8 - Tặng Kèm Bookmark,Sách giáo khoa,90200,8
274531770,Nhân Vật Hạ Cấp Tomozaki - Tập 6.5 - Bản Giới Hạn - Tặng Kèm Thẻ Normal + Thẻ Rare + Set 2 Clipsheet,Sách giáo khoa,105400,1
274526811,Sách - Infinite Dendrogram (Tập 4) - Trò chơi Franklin - Nhã Nam Official,Sách giáo khoa,112500,0
274019104,Chiếc Hộp Rỗng Và Maria Lần 0 - Tập 4,Sách giáo khoa,86200,0
273916371,Này Cậu Có Muốn Hẹn Hò Với Tớ Không? - Tập 2 - Tặng Kèm Bookmark,Sách giáo khoa,129200,0
273892620,Ghost Hunt - Tập 1: Chuyện Ma Quỷ Ở Khu Học Xá Cũ - Tặng Kèm Postcard,Sách giáo khoa,99700,3
272369173,Vợ Trong Game Của Tôi Là Idol Nổi Tiếng Ngoài Đời - Tập 3 - Tặng Kèm Bookmark,Sách giáo khoa,125100,2
271476838,Nhân Vật Hạ Cấp Tomozaki - Tập 5,Sách giáo khoa,105400,3
270700162,"Phương Pháp ""Đào Tạo"" Nữ Chính Nhạt Nhòa - Tập 4 - Bản Đặc Biệt - Tặng Kèm Bìa Hai Mặt + Gameplay Card",Sách giáo khoa,96800,3
247931443,Thế Giới Otome Game Thật Khắc Nghiệt Với Nhân Vật Quần Chúng - Tập 3,Sách giáo khoa,179000,0
214775120,Cửa Hàng Dụng Cụ Ma Thuật Polaris Mở Cửa Lúc 3:33 - Tặng Kèm Bookmark + 2 Postcard Hai Mặt,Sách giáo khoa,139000,0
202961309,Holmes Ở Kyoto - Tập 5,Sách giáo khoa,71200,1
169376015,Đôi Bàn Tay Siết Chặt,Sách giáo khoa,123000,0
146273563,Subaru Và Vì Tinh Tú Thứ Bảy - Tập 1 - Tặng Kèm Bookmark + Postcard,Sách giáo khoa,86200,3
278967530,Sách - Lycoris Recoil - Ordinary Days - Tiệm Cà Phê Bất Ổn - Tặng Kèm Bookmark + Poster,Sách giáo khoa,203600,0
278110912,Sách - Chàng trai chuyển kiếp và cô gái thiên tài - Tập 1 (Nhã Nam HCM),Sách giáo khoa,121500,0
278045720,Sách - Lời nói đùa 1: Vòng xoáy chặt đầu - Bác học màu lam và kẻ thích bông đùa (Nhã Nam HCM),Sách giáo khoa,145800,0
276900629,Sách - SPY ROOM - Lớp Học Điệp Viên - Tập 8 - Sougen Sara - Tặng Kèm Bookmark,Sách giáo khoa,116100,3
276476388,Sách - Kẻ dị biệt tại trường học phép thuật (Tập 6) - Loạn Yokohama I - Nhã Nam Official],Sách giáo khoa,126000,0
276414785,Unnamed Memory - Hồi Ức Không Tên - Tập 4 - Bản Đặc Biệt - Tặng Kèm Card Bo Góc + Poster,Sách giáo khoa,170100,0
276394090,Sách - Thiên Đường Tiền Xu - Tập 4 - Nhã Nam Official,Sách giáo khoa,72000,0
275728076,Nhà sư và khu vườn - Bản Quyền,Sách giáo khoa,120000,0
275215862,Thám Tử Đã Chết - Tập 8 - Bản Đặc Biệt - Tặng Kèm 1 Bookmark + 1 Bìa 2 Mặt + 2 Card Nhân Vật Hologram + 1 Huy Hiệu Vuông,Sách giáo khoa,138500,0
274526296,Sách - Infinite Dendrogram (Tập 3) - Đại chiến siêu cấp - Nhã Nam Official,Sách giáo khoa,117000,0
274421859,Sách - Đao ngữ (Katanagatari) - Tập 3 - Thiên đao Tsurugi - Nhã Nam Official,Sách giáo khoa,108000,0
274404633,Sách - Chuyện tình hài lãng mạn không thể chê vào đâu (Tập 2) - Nhã Nam Official,Sách giáo khoa,106200,0
274242106,Sách Bởi vì tôi sẽ gọi tên em,Sách giáo khoa,115000,0
273602164,Sách Nhật ký ấm áp: Con đường đi dạo (Ngoại truyện 1) (Fujitani Toko)   - Bản Quyền,Sách giáo khoa,125000,0
273602162,Sách Combo Nhật ký ấm áp (Trọn bộ 04 cuốn) (Fujitani Toko)   - Bản Quyền,Sách giáo khoa,480000,0
272412733,Chuyện tình hài lãng mạn không thể chê vào đâu 2,Sách giáo khoa,117000,0
272370896,Sách - Dã ngoại nơi mặt sau của thế giới (Tập 2) - Nhã Nam Official,Sách giáo khoa,139500,0
271793510,Chuyện tình hài lãng mạn không thể chê vào đâu (Tập 2) - Bản Quyền,Sách giáo khoa,117000,0
270257192,Chàng Trai Chuyển Kiếp Và Cô Gái Thiên Tài - Tập 1,Sách giáo khoa,133000,0
270253579,Chàng Trai Chuyển Kiếp Và Cô Gái Thiên Tài - Tập 1 - Tặng Kèm 1 Bookmark + 2 Postcard,Sách giáo khoa,121500,1
269988171,Dã ngoại nơi mặt sau của thế giới (Tập 3) - Bản Quyền,Sách giáo khoa,147000,0
263370008,Nàng Thợ May Tinh Linh,Sách giáo khoa,124200,0
250411553,Lời nói đùa (Tập 4) - Nghịch lý quân xúc xắc,Sách giáo khoa,145000,0
225215456,Dã Ngoại Nơi Mặt Sau Của Thế Giới (Otherside Picnic) 2,Sách giáo khoa,155000,0
207478550,Tớ Muốn Ăn Tụy Của Cậu (Tặng Bookmark),Sách giáo khoa,125000,0
206823185,Infinitie Dendrogram 3 - Đại Chiến Siêu Cấp,Sách giáo khoa,117000,3
200982546,Tác Phẩm Light Novel Được Chuyển Thể Thành Phim Hoạt Hình: Dã Ngoại Nơi Mặt Sau Của Thế Giới ( Otherside Picnic) 1,Sách giáo khoa,135000,0
149844691,Khi Hikaru Còn Trên Thế Gian Này……Fujitsubo (Tập 10) - Bản Giới Hạn - Tặng Kèm Bookmark + Card Trong PVC,Sách giáo khoa,107100,0
144450229,Sách - Combo Infinite Dendrogram (02 tập) ( Tặng Kèm Poster),Sách giáo khoa,225400,1
279154852,SỰ SỐNG BẤT KHẢ- MATT HAIG- NXB VĂN HỌC- NHÃ NAM,Sách giáo khoa,238000,0
279154347,THÚ HOANG – Joel Dicker– Nguyễn Thị Tươi dịch – NXB Hội Nhà Văn – Nhã Nam,Sách giáo khoa,219000,0
278969864,Sách - Lycoris Recoil - Ordinary Days - Tiệm Cà Phê Bất Ổn - Bản Đặc Biệt - Tặng Kèm Bookmark + Poster + Standee,Sách giáo khoa,333800,0
278214258,Báo Thù - Mười Một Câu Chuyện Tăm Tối - Bản Quyền,Sách giáo khoa,110000,0
278048794,Sách - Infinite Dendrogram (Tập 2) - Những quái thú bất tử (Nhã Nam HCM),Sách giáo khoa,112500,0
278045703,Sách - Infinite Dendrogram (Tập 1) - Khởi điểm của những khả năng (Nhã Nam HCM),Sách giáo khoa,112500,0
278045684,Sách - Lời nói đùa (Tập 2) - Kẻ siết cổ mộng mơ (Nhã Nam HCM),Sách giáo khoa,157500,0
277838013,Mê Cung Của Linh Hồn - Bản Quyền,Sách giáo khoa,369000,0
276386886,Sách - Đao ngữ (Katanagatari) - Tập 1 - Tuyệt đao Kanna - Nhã Nam Official,Sách giáo khoa,106200,0
276349708,"Sách - Unnamed Memory – Hồi ức không tên Tập 4: Một lần nữa, từ trang giấy trắng",Sách giáo khoa,138580,1
276263113,Một Lít Nước Mắt - Bản Quyền,Sách giáo khoa,114000,0
275237233,Hỗn độn và khu vườn - Bản Quyền,Sách giáo khoa,165000,0
274452952,Chàng Trai Chuyển Kiếp Và Cô Gái Thiên Tài (Tập 2)  - Bản Quyền,Sách giáo khoa,133000,0
274169286,Sách - Bởi vì tôi sẽ gọi tên em (Ngoại truyện của Nhắn gửi một tôi - Nhắn gửi tất cả các em) (Otono Yomoji) (Nhã Nam Official),Sách giáo khoa,116000,0
273716157,Sách - Dã ngoại nơi mặt sau của thế giới (Tập 1) - Nhã Nam Official,Sách giáo khoa,135000,0
273524593,Sách Lời nói đùa (Zaregoto) 5 Nghịch lý quân xúc xắc (**) – Lời bao biện của kẻ thất bại,Sách giáo khoa,155000,0
271693178,Infinite Dendrogram - Tập 5 - Những Người Kết Nối Các Khả Năng,Sách giáo khoa,114000,0
270826351,Dã Ngoại Nơi Mặt Sau Của Thế Giới - Tập 3: Yamanoke Nhập,Sách giáo khoa,150000,0
270119014,Chàng Trai Chuyển Kiếp Và Cô Gái Thiên Tài - Tập 1,Sách giáo khoa,135000,0
253298669,Lời nói đùa 1: Vòng xoáy chặt đầu - Bác học màu lam và kẻ thích bông đùa - Bản Quyền,Sách giáo khoa,162000,0
250365672,Sách Lời nói đùa (Tập 4) - Nghịch lý quân xúc xắc: Utsurigi Gaisuke - Kẻ hủy diệt lời nói đùa - Nhã Nam - BẢN QUYỀN,Sách giáo khoa,144000,0
246155269,Infinite Dendrogram - Tập 3: Đại Chiến Siêu Cấp,Sách giáo khoa,127000,0
243245259,Sách Lời nói đùa (Tập 3) - Học viện treo cổ: Đệ tử của kẻ thích bông đùa - Nhã Nam - BẢN QUYỀN,Sách giáo khoa,140000,0
242483074,Sách Kẻ dị biệt tại trường học phép thuật (Tập 9) - Khách phương xa I - Nhã Nam - BẢN QUYỀN,Sách giáo khoa,135000,0
242482744,Sách Đao ngữ (Katanagatari) - Tập 4 - Bạc đao Hari - Nhã Nam - BẢN QUYỀN,Sách giáo khoa,110000,0
222135993,Ishura - Tu La Dị Giới - Tập 1: Tân Ma Vương Đại Chiến,Sách giáo khoa,139000,1
217511919,"Bộ 2 cuốn: Lũ trẻ hư nhất quả đất 1, 2 (bìa cứng)",Sách giáo khoa,330000,0
159785890,Thám Tử Đã Chết - Tập 2,Sách giáo khoa,101300,6
115254540,Sách - Đức Phật Kể Con Nghe - Tập 2 ( Tặng Postcard bốn mùa ),Sách giáo khoa,144000,0
77222016,Sách - Infinite Dendrogram (Tập 2) - Những quái thú bất tử (tặng kèm bookmark thiết kế),Sách giáo khoa,125000,0
50215450,Combo Gia Tộc Thần Bí - Tặng Kèm Bookmark + Postcard (Bộ 2 Cuốn),Sách giáo khoa,271500,3
279460253,Sách - [Light Novel] Ác Nữ Nửa Vời - Truyền Kì Hoán Hồn Đổi Xác - Tập 4 - Tặng Kèm Bookmark + Postcard PVC + Phiến Quạt Treo,Sách giáo khoa,109200,3
278793191,LÂU ĐÀI XANH,Sách giáo khoa,168000,0
278229262,Sách - SPY ROOM - Lớp Học Điệp Viên - Ngoại Truyện - Tập 2 - Người Thầy Điệp Viên Yêu Tôi - Tặng Kèm Postcard + Standee Giấy + Móc Khóa Mica,Sách giáo khoa,138500,0
276280830,Em Đâu Thấy Đáy Lòng Tôi Dậy Sóng - AZ,Sách giáo khoa,88000,0
275576008,Sách - Bi thương hơn dấu chấm (TH),Sách giáo khoa,119000,0
275151563,Học Sinh Chúng Mình 2000 Hồi Ấy,Sách giáo khoa,120000,0
274961070,Bỗng Một Ngày Tôi Có Vị Hôn Thê Là Gal - Tập 1 - Tặng Kèm Bookmark Bế,Sách giáo khoa,129000,0
274931291,Đường Ray Số Hai Và Món Đồ Bị Thất Lạc - Tặng Kèm Bookmark,Sách giáo khoa,115000,0
273325903,Tôi Muốn Bảo Vệ Cậu Dù Phải Mất Đi... Tình Yêu Này,Sách giáo khoa,63000,0
270243913,Anh đào nở hoa,Sách giáo khoa,129000,0
263642676,Phép Thuật Chỉ Chạm Tới Bán Kính Của Anh Và Em - Tặng Kèm Bookmark,Sách giáo khoa,117850,0
263596467,Phép Thuật Chỉ Chạm Tới Bán Kính Của Anh Và Em ( bản thường ),Sách giáo khoa,117850,0
263590914,Phép Thuật Chỉ Chạm Tới Bán Kính Của Anh Và Em - Bản thường,Sách giáo khoa,117850,0
262513137,Đã Bảo Là Cho Tôi Năng Lực Trung Bình Thôi Mà! - Tập 1,Sách giáo khoa,149000,0
250364622,GIA SƯ CỦA CÔNG CHÚA QUỶ,Sách giáo khoa,158000,0
249947160,Gia Sư Của Công Chúa Quỷ,Sách giáo khoa,159000,0
249872365,Gia Sư Của Công Chúa Quỷ,Sách giáo khoa,157000,0
249569722,Sách - Hoàng Tử Thiên Tài Hành Trình Gây Dựng Lại Đất Nước Đang Lâm Nguy Tập 3 - AZbook,Sách giáo khoa,149000,0
248568942,Anh đào nở hoa,Sách giáo khoa,129000,0
248556257,Anh Đào Nở Hoa (AZ),Sách giáo khoa,129000,0
247677324, Holmes Ở Kyoto - Tập 7 - Thợ Làm Đồ Giả Và Uỷ Thác Không Lời,Sách giáo khoa,85000,0
229974771,ISHURA – Tu la dị giới - Tập 1: Tân ma vương đại chiến,Sách giáo khoa,139000,0
229974507,ISHURA – Tu la dị giới - Tập 1: Tân ma vương đại chiến,Sách giáo khoa,139000,0
217636823,Ishura - Tu La Dị Giới - Tập 1: Tân Ma Vương Đại Chiến,Sách giáo khoa,139000,0
217500560,Ma Pháp Thiếu Nữ - Tập 2 + Tập 3 - Bản Đặc Biệt - Tặng Kèm 2 Bookmark Nhân Vật + 2 Postcard + Bảng Sticker Nhân Vật,Sách giáo khoa,162500,1
213741089,Kẻ Dị Biệt Tại Trường Học Phép Thuật 9 - Khách Phương Xa (I),Sách giáo khoa,121500,1
203898771,Gosick - Tập 8,Sách giáo khoa,80000,0
203846609,Sách - Infinite Dendrogram (Tập 1) - Khởi điểm của những khả năng,Sách giáo khoa,125000,0
203846281,Sách - Infinite Dendrogram (Tập 2) - Những quái thú bất tử,Sách giáo khoa,125000,0
203846273,Sách - Chuyện Tình Triết Gia,Sách giáo khoa,85000,0
203840608,Sách - Lời nói đùa (Tập 3) - Học viện treo cổ: Đệ tử của kẻ thích bông đùa,Sách giáo khoa,140000,0
201573365,Sách - Gosick - tập 6: Đêm của vũ hội hóa trang ,Sách giáo khoa,80000,0
197626850,Cuốn sách: Ta Chỉ Gặp Nhau Vào Ban Đêm (Tặng Kèm 03 postcard (10x15 cm) + 01 bookmark),Sách giáo khoa,129000,0
190608528,Bong Bóng Lên Trời,Sách giáo khoa,38000,1
182849269,Nửa Kia Biệt Tích,Sách giáo khoa,157219,0
155507519,Thế Giới Otome Game Thật Khắc Nghiệt Với Nhân Vật Quần Chúng  - Tập 4,Sách giáo khoa,172500,0
74891113,Combo Light Novel hay nhất Dear+Ma Vương Đi Làm - Tập 2,Sách giáo khoa,201500,0
51119966,Holmes Ở Kyoto - Tập 1 - Tặng Kèm Postcard,Sách giáo khoa,75000,0
279507813,Một Người Nào Đó Tôi Từng Biết - Wolf Hsu,Sách giáo khoa,172500,0
279405181,Hẹn Hò Với Người Siêu Dễ Thương Như Tớ Đi! - Tập 2 (Kèm postcard) (Light Novels) - FN,Sách giáo khoa,92000,0
279008515,Vị Hôn Thê Giản Dị Của Tôi Rất Dễ Thương Lúc Ở Nhà: Tập 1 - Tặng Kèm Bookmark Hai Mặt (Số Lượng Có Hạn),Sách giáo khoa,139000,0
277946380,Bông sen vàng (Xuất bản lần thứ ba),Sách giáo khoa,159000,0
276807143,Sách - Arya Bàn Bên Thỉnh Thoảng Lại Trêu Ghẹo Tôi Bằng Tiếng Nga - Tập 6 - Sunsunsun & Momoco - NXB Kim Đồng,Sách giáo khoa,170000,0
276557302,Lục Địa Rồng - Tập 5: Hoàng Hôn Của Thế Giới,Sách giáo khoa,55000,1
275501487, Tớ Thích Cậu Hơn Cả Harvard,Sách giáo khoa,157000,0
275323026,Cuốn Tiểu Thuyết Lãng Mạn: Regretting You - Cuộc Tình Vụng Trộm,Sách giáo khoa,197150,0
272964446,Thánh Hiệp Sĩ Nơi Tận Cùng Thế Giới (Tập 2) _AZ,Sách giáo khoa,129000,1
272031864,Sách Tìm Em Nơi Anh - Find Me,Sách giáo khoa,115000,0
271995137,Light Novel Vì con gái tôi có thể đánh bại cả Ma Vương - Tập 3,Sách giáo khoa,119000,0
270111947,Ngày mai tôi biến mất cậu sẽ hồi sinh 3 (Bản thường) - Bản Quyền,Sách giáo khoa,109000,0
261965069,Bản Sắc - Nhu Cầu Phẩm Giá Và Chính Trị Phẫn Nộ,Sách giáo khoa,135000,0
257759495,Infinite Dendrogram (Tập 4) Trò chơi Franklin - Bản Quyền,Sách giáo khoa,125000,0
248881863,Sói Và Gia Vị (Tập 14),Sách giáo khoa,119000,0
248881861,Sói Và Gia Vị (Tập 14),Sách giáo khoa,119000,0
248881854,Sói Và Gia Vị (Tập 14),Sách giáo khoa,119000,0
242718589,"Ngày Mai, Tôi Biến Mất, Cậu Sẽ Hồi Sinh - Tập 3",Sách giáo khoa,109000,0
242718583,"Ngày Mai, Tôi Biến Mất, Cậu Sẽ Hồi Sinh - Tập 2",Sách giáo khoa,109000,0
242718527,Từ tân thế giới - Quyển trung (Bìa cứng),Sách giáo khoa,155000,0
242718515,Từ tân thế giới - Quyển trung (Bìa cứng),Sách giáo khoa,155000,0
229953509,Anh Đào Nở Hoa,Sách giáo khoa,129000,0
208064277,Sách Cội Nguồn - Alphabooks - BẢN QUYỀN,Sách giáo khoa,219000,1
203591334,Thiên sứ nhà bên - Tập 3,Sách giáo khoa,95000,0
201055576,Pendragon 10: Những chiến binh Halla,Sách giáo khoa,255000,0
197551275,Công Chúa Ma Cà Rồng Quyền Năng Chỉ Muốn Có Một Người Em Gái Mà Thôi,Sách giáo khoa,175000,0
193917099,Sách - Cho Đến Khi Telomere Tháng 7 Kết Thúc,Sách giáo khoa,125000,0
193917006,Cho Đến Khi Telomere Tháng 7 Kết Thúc,Sách giáo khoa,125000,0
193045247,Thế Giới Otome Game Thật Khắc Nghiệt Với Nhân Vật Quần Chúng - Tập 1 (Tái Bản),Sách giáo khoa,157000,0
190608577,Ngôi Trường Mọi Khi,Sách giáo khoa,43000,0
190608559,Buổi Chiều Windows,Sách giáo khoa,43000,0
190608525,Chú Bé Rắc Rối,Sách giáo khoa,38000,1
183313776,"Chuyển Sinh Làm Người Sói, Tôi Trở Thành Cánh Tay Phải Của Ma Vương (Tập 3)",Sách giáo khoa,139000,0
182848940,Phố Tuyết,Sách giáo khoa,85000,0
173360381,Dấu Thời Gian - Khát Vọng Của Người Xưa,Sách giáo khoa,130000,0
170384692,Lời Hiệu Triệu Của Cthulhu - Tuyển Tập H.P. Lovecraft,Sách giáo khoa,80000,3
144068794,Sách Holmes Ở Kyoto - Tập 4 [Tặng kèm Postcard],Sách giáo khoa,75000,0
95250545,Sách - Thế Giới Otomegame Thật Khắc Nghiệt Với Nhân Vật Quần Chúng - Tập 1 (Kèm Bookmark),Sách giáo khoa,157000,0
50741397,Sách Holmes Ở Kyoto Tập 1(Tặng Kèm 01 Postcard),Sách giáo khoa,75000,0
279405173,Thiếu Nữ Độc Ác Và Mười Hai Ánh Mắt: Cuộc Đời Thứ Hai Đầy Huy Hoàng Cùng Những Tùy Tùng Vô Song (Light Novels)- FN,Sách giáo khoa,130500,0
279229037,Phá Đảo Dị Giới Cùng Nữ Thần Không Tín Đồ Tập 6 -Phù thủy Hồng Liên và Ma vương bất tử (Bookmark+PosterA3+ Standee) (Đặc Biệt)- FN,Sách giáo khoa,170200,0
278500768,Muôn Trùng Xứ Sở - Bản Quyền,Sách giáo khoa,129000,0
278499848,Không Có Gì Vĩ Đại - Bản Quyền,Sách giáo khoa,146000,0
278499828,Là Mình - Phiên Bản Rực Rỡ Nhất - Bản Quyền,Sách giáo khoa,125000,0
278499778,Những Giấc Mơ Chờ Bình Minh Lên - Bản Quyền,Sách giáo khoa,115000,0
276438038,Ngày An Nắng Vàng - Bản Quyền,Sách giáo khoa,99000,0
276127589,Nguyễn Ngọc Tư - Ngày Mai Của Những Ngày Mai - Bản Quyền,Sách giáo khoa,120000,0
276127512,Những Cuộc Đời Lớn. Các Nhà Hoạt Động Nổi Tiếng - Bản Quyền,Sách giáo khoa,120000,0
276017706,Người Đan Chữ Xếp Thuyền - Bản Quyền,Sách giáo khoa,142000,0
275916457,Ai Đó Sẽ Yêu Tôi Thật Nhiều - Someone Would Love Me For Me - Bản Quyền,Sách giáo khoa,83300,0
275893690,Vừa Nhặt Thóc Vừa Hót Líu Lo - Bản Quyền,Sách giáo khoa,120000,0
275842871,Một Thế Hệ Tan Vỡ - Bản Quyền,Sách giáo khoa,92000,0
275080376,Bản Giao Hưởng Của Nước - Bản Quyền,Sách giáo khoa,65000,0
274989903,"Bốn Mùa Đáng Sống, Bảy Ngày Đáng Mong - Bản Quyền",Sách giáo khoa,88000,0
274989724,"Trận Chiến 10 Năm Trước, Cuộc Đời 10 Năm Sau - Bản Quyền",Sách giáo khoa,122000,0
274881398,Bỗng Một Ngày Tôi Có Vị Hôn Thê Là Gal - Tập 1 - Bản Quyền,Sách giáo khoa,129000,0
274730813,Đừng Để Bản Thân Mắc Kẹt Trong Giấc Mơ Người Khác (Song Ngữ) - Bản Quyền,Sách giáo khoa,79000,0
274694286,Đò Dọc (Bình Nguyên Lộc) - Bản Quyền,Sách giáo khoa,115000,1
274588341,"Nhân Sinh Dù Rộng Lớn, Muôn Kiếp Vẫn Gặp Người (Tập 1) - Bản Quyền",Sách giáo khoa,179000,0
274588328,Hội Cố Thi Nhân - Bản Quyền,Sách giáo khoa,149000,0
274577772,Mê Cung Không Lối Thoát - Bản Quyền,Sách giáo khoa,229000,0
274559556,Hạnh Phúc Không Mọc Trên Cây - Bản Quyền,Sách giáo khoa,139350,0
274029809,Bán Một Cành Mai Ăn Tết - NXB Trẻ - Bản Quyền,Sách giáo khoa,105000,0
273121247, Thiên Sứ Nhà Bên - Tập 7,Sách giáo khoa,95000,0
273042862,Những Lời Chúng Tôi Nói Ở Bệnh Viện Bên Bờ Biển (Bản Phổ Thông) - Tặng Bookmark - Bản Quyền,Sách giáo khoa,99000,0
270512356,Chưa Kịp Lớn Đã Phải Trưởng Thành - Quyển 2 - Phiên Bản Mùa Hè,Sách giáo khoa,79000,0
270129790,Ẩn Tàng Thư Dantalian - Tập 2 - Bản Quyền,Sách giáo khoa,109000,0
252645384,Sách Hoàng Tử Thiên Tài  Hành Trình Gây Dựng Lại Đất Nước Đang Lâm Nguy (Tập 3) - Bản Quyền,Sách giáo khoa,149000,0
252565719,Sách Ma Vương Tôi Đây Nên Yêu Cô Dâu Elf Của Mình Như Thế Nào? (Tập 1) - Bản Quyền - Bản thường,Sách giáo khoa,138000,0
252246204,Sách  Người Bà Tài Giỏi Vùng Saga – Tập 3 - Bản Quyền,Sách giáo khoa,52000,0
251438408,Thiên Sứ Nhà Bên – Tập 5.5 (Bản Phổ thông) [Tặng Bookmark],Sách giáo khoa,100201,0
213672321,Em Luôn Nghĩ Về Anh - Bản Quyền,Sách giáo khoa,119000,0
209610085,Tôi Là Thầy Tướng Số 3 - Bản Quyền,Sách giáo khoa,159000,0
207360485,Tớ Thích Cậu Hơn Cả Harvard,Sách giáo khoa,157000,2
204049579,Dã Ngoại Nơi Mặt Sau Của Thế Giới - Otherside Picnic 1,Sách giáo khoa,135000,0
195437546,Đàn ông bóc phốt đàn ông về hẹn hò và hôn nhân,Sách giáo khoa,61000,0
175967750,Sách GOSICK VIII - Hoàng Hôn Của Các Vị Thần * [Tặng kèm Bookmark],Sách giáo khoa,69500,0
